report_date,region,country,location_name,post_emergency,refugee_pop,persons_per_tap,liters_person_day,safe_water_perc,persons_per_shower,persons_per_toilet,toilets_per_HH_percentage,persons_per_hygiene_promoter
2024-07,Sub-Saharan Africa,Kenya,Dagahaley,NA,NA,NA,NA,NA,NA,NA,42,NA
2024-07,Sub-Saharan Africa,Kenya,Hagadera,NA,NA,NA,NA,NA,NA,NA,39,NA
2024-07,Sub-Saharan Africa,Kenya,Ifo,NA,NA,NA,NA,NA,NA,NA,43,NA
2024-07,Sub-Saharan Africa,Kenya,Ifo 2,NA,NA,NA,NA,NA,NA,NA,22,NA
2024-12,Sub-Saharan Africa,Ethiopia,Buramino,Post-emergency,49000,NA,9,100,NA,73,9,NA
2024-09,Sub-Saharan Africa,Angola,Lovua settlement,Post-emergency,6262,89,23,NA,20,7,57,1043
2024-09,Western Asia,Iraq,Arbat,Post-emergency,9138,NA,50,100,5,5,100,NA
2024-09,Western Asia,Iraq,Basirma,Post-emergency,9294,19,17,100,5,5,100,NA
2024-09,Western Asia,Iraq,Kawergosk,Post-emergency,7795,6,115,100,5,6,100,974
2024-09,Western Asia,Iraq,Qushtapa,Post-emergency,8392,7,98,100,6,6,100,95
2024-09,Sub-Saharan Africa,Kenya,Dagahaley,Post-emergency,111725,133,20,99,NA,9,53,6206
2024-09,Sub-Saharan Africa,Kenya,Hagadera,Post-emergency,146356,176,18,100,NA,9,60,4721
2024-09,Sub-Saharan Africa,Kenya,Ifo,Post-emergency,102459,89,17,97,NA,9,57,5692
2024-09,Sub-Saharan Africa,Kenya,Ifo 2,Post-emergency,22099,91,26,100,NA,18,15,2455
2024-09,Sub-Saharan Africa,Malawi,Dzaleka,Post-emergency,55829,86,13,NA,7,5,75,1053
2024-08,Sub-Saharan Africa,Angola,Lovua settlement,Post-emergency,6304,90,16,NA,20,7,61,1050
2024-08,Sub-Saharan Africa,Ethiopia,Bambasi,Post-emergency,21137,142,15,100,17,12,41,1174
2024-08,Sub-Saharan Africa,Ethiopia,Sherkole,Post-emergency,16295,169,20,100,11,12,33,1253
2024-08,Sub-Saharan Africa,Ethiopia,Tsore Camp (Assosa),Post-emergency,43260,198,15,100,14,14,31,2403
2024-08,Western Asia,Iraq,Arbat,Post-emergency,9138,NA,54,100,5,5,100,NA
2024-08,Western Asia,Iraq,Basirma,Post-emergency,9294,19,17,100,5,5,100,NA
2024-08,Western Asia,Iraq,Kawergosk,Post-emergency,7795,6,122,100,5,6,100,974
2024-08,Western Asia,Iraq,Qushtapa,Post-emergency,8392,7,101,100,6,6,100,95
2024-08,Sub-Saharan Africa,Kenya,Dagahaley,Post-emergency,111725,133,19,99,NA,9,53,6206
2024-08,Sub-Saharan Africa,Kenya,Hagadera,Post-emergency,146356,176,16,99,NA,9,60,4721
2024-08,Sub-Saharan Africa,Kenya,Ifo,Post-emergency,102459,89,16,99,NA,9,57,5692
2024-08,Sub-Saharan Africa,Kenya,Ifo 2,Post-emergency,22099,91,19,100,NA,22,10,2455
2024-08,Sub-Saharan Africa,Malawi,Dzaleka,Post-emergency,55425,86,13,NA,7,5,0,1045
2024-08,Sub-Saharan Africa,Niger,Centre humanitaire Agadez,Emergency,2958,NA,19,NA,105,52,0,NA
2024-08,Sub-Saharan Africa,Niger,Chadakori,Post-emergency,4461,212,4,NA,49,25,7,278
2024-08,Sub-Saharan Africa,Niger,Dandaji Makao,Post-emergency,3016,302,8,NA,34,19,8,188
2024-08,Sub-Saharan Africa,Niger,Garin Kaka,Post-emergency,1816,130,15,NA,33,13,17,113
2024-08,Sub-Saharan Africa,Rwanda,Kigeme,Post-emergency,14734,81,17,100,42,34,0,818
2024-08,Sub-Saharan Africa,Rwanda,Kiziba,Post-emergency,14699,43,35,100,60,21,0,319
2024-08,Sub-Saharan Africa,Rwanda,Mahama,Post-emergency,63942,83,21,100,19,19,0,620
2024-08,Sub-Saharan Africa,Rwanda,Mugombwa,Post-emergency,11932,76,23,100,37,26,0,NA
2024-08,Sub-Saharan Africa,Rwanda,Nyabiheke,Post-emergency,11950,76,17,97,40,16,0,322
2024-07,Sub-Saharan Africa,Angola,Lovua settlement,Post-emergency,6283,57,16,NA,17,7,62,1047
2024-07,Sub-Saharan Africa,Ethiopia,Bambasi,Post-emergency,21096,141,19,100,17,12,41,1172
2024-07,Sub-Saharan Africa,Ethiopia,Sherkole,Post-emergency,16154,168,13,100,11,12,33,1242
2024-07,Sub-Saharan Africa,Ethiopia,Tsore Camp (Assosa),Post-emergency,43580,199,11,100,14,14,31,2421
2024-07,Western Asia,Iraq,Arbat,Post-emergency,9138,NA,54,100,5,5,100,NA
2024-07,Western Asia,Iraq,Basirma,Post-emergency,9294,19,17,100,5,5,100,NA
2024-07,Western Asia,Iraq,Kawergosk,Post-emergency,7795,6,122,100,5,6,100,974
2024-07,Western Asia,Iraq,Qushtapa,Post-emergency,8392,7,101,100,6,6,100,95
2024-07,Sub-Saharan Africa,Kenya,Dagahaley,Post-emergency,111725,133,18,98,NA,9,53,9310
2024-07,Sub-Saharan Africa,Kenya,Hagadera,Post-emergency,146356,176,14,99,NA,9,60,12196
2024-07,Sub-Saharan Africa,Kenya,Ifo,Post-emergency,102459,89,16,96,NA,9,57,8538
2024-07,Sub-Saharan Africa,Kenya,Ifo 2,Post-emergency,22099,91,18,NA,NA,22,10,3683
2024-07,Sub-Saharan Africa,Malawi,Dzaleka,Post-emergency,49948,86,14,91,6,4,84,942
2024-07,Sub-Saharan Africa,Niger,Abala,Post-emergency,11000,134,13,NA,66,22,15,1571
2024-07,Sub-Saharan Africa,Niger,Ayerou,Post-emergency,9000,250,8,NA,111,120,0,1285
2024-07,Sub-Saharan Africa,Niger,Centre humanitaire Agadez,Emergency,2837,NA,20,NA,101,50,0,NA
2024-07,Sub-Saharan Africa,Niger,Chadakori,Post-emergency,5282,252,6,NA,58,29,8,330
2024-07,Sub-Saharan Africa,Niger,Dandaji Makao,Post-emergency,4180,418,9,NA,48,27,8,261
2024-07,Sub-Saharan Africa,Niger,Garin Kaka,Post-emergency,2937,210,12,NA,54,20,13,183
2024-07,Sub-Saharan Africa,Niger,Ouallam,Post-emergency,6467,98,16,NA,101,15,27,NA
2024-07,Sub-Saharan Africa,Niger,Sayam Forage,Post-emergency,31174,294,10,100,149,24,14,3463
2024-07,Sub-Saharan Africa,Rwanda,Kigeme,Post-emergency,14715,81,17,100,42,34,0,817
2024-07,Sub-Saharan Africa,Rwanda,Kiziba,Post-emergency,14681,43,41,100,58,21,0,319
2024-07,Sub-Saharan Africa,Rwanda,Mahama,Post-emergency,63722,83,20,100,19,19,0,618
2024-07,Sub-Saharan Africa,Rwanda,Mugombwa,Post-emergency,11915,75,23,100,37,26,0,NA
2024-07,Sub-Saharan Africa,Rwanda,Nyabiheke,Post-emergency,11922,75,17,100,40,16,0,322
2024-07,Northern Africa,Sudan,Al Jameya,Post-emergency,28882,257,12,68,NA,24,18,1805
2024-07,Northern Africa,Sudan,Al Kashafa,Post-emergency,20357,198,8,73,NA,23,20,1272
2024-07,Northern Africa,Sudan,Al Redis 1,Post-emergency,15266,216,13,69,NA,19,21,954
2024-07,Northern Africa,Sudan,Al Redis 2,Post-emergency,NA,NA,NA,NA,NA,NA,0,NA
2024-07,Northern Africa,Sudan,Alagaya,NA,NA,NA,NA,NA,NA,NA,0,NA
2024-07,Northern Africa,Sudan,Babikir,Post-emergency,2709,54,18,NA,8,8,28,1354
2024-07,Northern Africa,Sudan,Dabat Bosin,Post-emergency,28802,386,4,76,NA,68,5,1800
2024-07,Northern Africa,Sudan,Jouri,Post-emergency,14620,229,9,90,NA,33,11,NA
2024-07,Northern Africa,Sudan,Khor Alwarel,Post-emergency,NA,NA,NA,NA,NA,NA,0,NA
2024-07,Northern Africa,Sudan,Tunaydba,Post-emergency,22677,51,23,16,9,7,14,515
2024-07,Northern Africa,Sudan,Um Gargour,Post-emergency,15082,180,37,100,685,114,1,7541
2024-07,Northern Africa,Sudan,Um Rakuba,Post-emergency,16993,51,23,93,8,9,11,606
2024-07,Northern Africa,Sudan,Um Sangour,Post-emergency,NA,NA,NA,NA,NA,NA,0,NA
2024-06,Sub-Saharan Africa,Angola,Lovua settlement,Post-emergency,6268,56,16,NA,17,7,62,1044
2024-06,Sub-Saharan Africa,Ethiopia,Bambasi,Post-emergency,21043,141,17,100,17,12,41,1169
2024-06,Sub-Saharan Africa,Ethiopia,Sherkole,Post-emergency,16160,169,11,100,11,12,33,1243
2024-06,Sub-Saharan Africa,Ethiopia,Tsore Camp (Assosa),Post-emergency,43789,200,17,100,14,14,31,2432
2024-06,Western Asia,Iraq,Arbat,Post-emergency,9138,NA,58,100,5,5,100,NA
2024-06,Western Asia,Iraq,Basirma,Post-emergency,9294,19,19,100,5,5,100,NA
2024-06,Western Asia,Iraq,Kawergosk,Post-emergency,7795,6,127,100,5,6,100,974
2024-06,Western Asia,Iraq,Qushtapa,Post-emergency,8392,7,104,100,6,6,100,95
2024-06,Sub-Saharan Africa,Kenya,Dagahaley,Post-emergency,111725,133,18,97,NA,9,53,9310
2024-06,Sub-Saharan Africa,Kenya,Hagadera,Post-emergency,146356,176,14,92,NA,9,60,12196
2024-06,Sub-Saharan Africa,Kenya,Ifo,Post-emergency,102459,89,13,99,NA,9,57,8538
2024-06,Sub-Saharan Africa,Kenya,Ifo 2,Post-emergency,22099,91,19,NA,NA,22,10,3683
2024-06,Sub-Saharan Africa,Malawi,Dzaleka,Post-emergency,49473,124,16,100,6,4,84,933
2024-06,Sub-Saharan Africa,Niger,Abala,Post-emergency,11650,153,14,NA,70,22,16,1664
2024-06,Sub-Saharan Africa,Niger,Ayerou,Post-emergency,9000,250,8,NA,111,120,0,1285
2024-06,Sub-Saharan Africa,Niger,Centre humanitaire Agadez,Emergency,2791,NA,22,NA,90,45,0,NA
2024-06,Sub-Saharan Africa,Niger,Chadakori,Post-emergency,5282,252,7,NA,58,29,8,330
2024-06,Sub-Saharan Africa,Niger,Dandaji Makao,Post-emergency,4180,418,9,NA,48,27,8,261
2024-06,Sub-Saharan Africa,Niger,Garin Kaka,Post-emergency,2937,210,13,NA,54,20,13,183
2024-06,Sub-Saharan Africa,Niger,Ouallam,Post-emergency,6467,98,12,NA,101,15,27,NA
2024-06,Sub-Saharan Africa,Niger,Sayam Forage,Post-emergency,31174,294,10,NA,149,23,14,3463
2024-06,Sub-Saharan Africa,Rwanda,Kigeme,Post-emergency,14695,81,17,100,42,34,0,816
2024-06,Sub-Saharan Africa,Rwanda,Kiziba,Post-emergency,14372,42,44,100,57,21,0,312
2024-06,Sub-Saharan Africa,Rwanda,Mahama,Post-emergency,63613,82,20,100,19,19,0,617
2024-06,Sub-Saharan Africa,Rwanda,Mugombwa,Post-emergency,11895,75,23,100,37,26,0,NA
2024-06,Sub-Saharan Africa,Rwanda,Nyabiheke,Post-emergency,11866,75,17,100,40,16,0,320
2024-06,Northern Africa,Sudan,Al Jameya,Post-emergency,28882,257,12,67,NA,24,18,1805
2024-06,Northern Africa,Sudan,Al Kashafa,Post-emergency,20357,198,8,68,NA,23,20,NA
2024-06,Northern Africa,Sudan,Al Redis 1,Post-emergency,15266,216,14,68,NA,19,21,954
2024-06,Northern Africa,Sudan,Al Redis 2,Post-emergency,40048,228,7,76,NA,48,7,2503
2024-06,Northern Africa,Sudan,Alagaya,Post-emergency,61827,310,7,0,NA,112,3,3864
2024-06,Northern Africa,Sudan,Babikir,Post-emergency,2698,50,24,NA,8,8,28,1349
2024-06,Northern Africa,Sudan,Dabat Bosin,Post-emergency,28802,425,4,69,NA,71,5,NA
2024-06,Northern Africa,Sudan,Jouri,Post-emergency,14620,229,10,83,NA,33,11,NA
2024-06,Northern Africa,Sudan,Khor Alwarel,Post-emergency,55164,289,8,67,NA,197,0,3447
2024-06,Northern Africa,Sudan,Sirajiya,Post-emergency,6000,NA,0,NA,NA,NA,0,NA
2024-06,Northern Africa,Sudan,Tunaydba,Post-emergency,22610,45,31,63,9,7,14,513
2024-06,Northern Africa,Sudan,Um Gargour,Post-emergency,14778,176,38,100,671,16,23,1231
2024-06,Northern Africa,Sudan,Um Rakuba,Post-emergency,16902,50,23,100,8,9,11,331
2024-06,Northern Africa,Sudan,Um Sangour,Post-emergency,68078,NA,5,66,NA,70,6,4254
2024-05,Sub-Saharan Africa,Angola,Lovua settlement,Post-emergency,6222,56,17,NA,17,7,62,1037
2024-05,Sub-Saharan Africa,Ethiopia,Bambasi,Post-emergency,21025,141,21,100,17,17,29,1168
2024-05,Sub-Saharan Africa,Ethiopia,Sherkole,Post-emergency,16134,168,9,100,11,12,33,1241
2024-05,Sub-Saharan Africa,Ethiopia,Tsore Camp (Assosa),Post-emergency,43776,200,11,100,14,14,31,2432
2024-05,Western Asia,Iraq,Arbat,Post-emergency,9138,NA,58,100,5,5,100,NA
2024-05,Western Asia,Iraq,Basirma,Post-emergency,9294,19,19,100,5,5,100,NA
2024-05,Western Asia,Iraq,Kawergosk,Post-emergency,7795,6,127,100,5,6,100,974
2024-05,Western Asia,Iraq,Qushtapa,Post-emergency,8392,7,104,100,6,6,100,95
2024-05,Sub-Saharan Africa,Kenya,Dagahaley,Post-emergency,111725,133,18,99,NA,9,53,9310
2024-05,Sub-Saharan Africa,Kenya,Hagadera,Post-emergency,146356,176,13,92,NA,9,60,12196
2024-05,Sub-Saharan Africa,Kenya,Ifo,Post-emergency,102459,89,14,99,NA,9,57,8538
2024-05,Sub-Saharan Africa,Kenya,Ifo 2,Post-emergency,22099,91,18,NA,NA,22,10,3683
2024-05,Sub-Saharan Africa,Malawi,Dzaleka,Post-emergency,49140,124,16,100,6,4,84,927
2024-05,Sub-Saharan Africa,Niger,Abala,Post-emergency,11650,153,13,NA,45,21,17,1664
2024-05,Sub-Saharan Africa,Niger,Ayerou,Post-emergency,9000,250,3,NA,111,120,0,1285
2024-05,Sub-Saharan Africa,Niger,Centre humanitaire Agadez,Emergency,2725,NA,23,NA,90,46,0,NA
2024-05,Sub-Saharan Africa,Niger,Chadakori,Post-emergency,5282,252,4,NA,58,29,8,330
2024-05,Sub-Saharan Africa,Niger,Dandaji Makao,Post-emergency,4180,418,4,NA,48,27,8,261
2024-05,Sub-Saharan Africa,Niger,Garin Kaka,Post-emergency,2937,210,13,NA,54,20,13,183
2024-05,Sub-Saharan Africa,Niger,Ouallam,Post-emergency,6467,98,14,NA,101,15,28,NA
2024-05,Sub-Saharan Africa,Rwanda,Kigeme,Post-emergency,14681,81,16,100,42,34,0,815
2024-05,Sub-Saharan Africa,Rwanda,Kiziba,Post-emergency,14893,62,34,100,59,21,0,323
2024-05,Sub-Saharan Africa,Rwanda,Mahama,Post-emergency,63484,82,20,100,19,19,0,616
2024-05,Sub-Saharan Africa,Rwanda,Mugombwa,Post-emergency,11878,75,24,100,37,26,0,NA
2024-05,Sub-Saharan Africa,Rwanda,Nyabiheke,Post-emergency,11882,75,15,100,40,16,0,321
2024-05,Northern Africa,Sudan,Abuda,Post-emergency,3560,66,55,NA,NA,6,60,NA
2024-05,Northern Africa,Sudan,Al Jameya,Post-emergency,28882,257,12,70,NA,24,18,1805
2024-05,Northern Africa,Sudan,Al Kashafa,Post-emergency,20357,198,9,87,NA,23,20,NA
2024-05,Northern Africa,Sudan,Al Redis 1,Post-emergency,15266,216,14,73,NA,19,21,954
2024-05,Northern Africa,Sudan,Al Redis 2,Post-emergency,40048,228,7,73,NA,48,7,2503
2024-05,Northern Africa,Sudan,Alagaya,Post-emergency,61827,310,7,78,NA,112,3,3864
2024-05,Northern Africa,Sudan,Babikir,Post-emergency,3174,66,19,NA,10,10,36,1587
2024-05,Northern Africa,Sudan,Dabat Bosin,Post-emergency,28802,425,6,67,NA,79,4,NA
2024-05,Northern Africa,Sudan,Girba,Post-emergency,6409,214,34,NA,NA,9,45,NA
2024-05,Northern Africa,Sudan,Jouri,Post-emergency,14620,229,10,86,NA,33,11,NA
2024-05,Northern Africa,Sudan,Khor Alwarel,Post-emergency,55164,289,9,69,NA,197,0,3447
2024-05,Northern Africa,Sudan,Kilo 26,Post-emergency,9848,328,44,NA,NA,8,50,NA
2024-05,Northern Africa,Sudan,Shagarab I,Post-emergency,50812,565,13,NA,NA,33,7,NA
2024-05,Northern Africa,Sudan,Tunaydba,Post-emergency,23746,47,31,56,10,8,16,539
2024-05,Northern Africa,Sudan,Um Gargour,Post-emergency,14794,228,25,0,17,15,29,1232
2024-05,Northern Africa,Sudan,Um Rakuba,Post-emergency,17300,51,22,61,8,9,12,339
2024-05,Northern Africa,Sudan,Um Sangour,Post-emergency,68078,NA,5,67,NA,70,6,4254
2024-05,Northern Africa,Sudan,Wad Sharife,Post-emergency,18488,134,26,NA,NA,9,42,NA
2024-05,Sub-Saharan Africa,Tanzania,Nyarugusu,Post-emergency,136397,103,25,89,NA,6,74,1532
2024-04,Sub-Saharan Africa,Angola,Lovua settlement,Post-emergency,6208,56,16,NA,17,8,57,1034
2024-04,Sub-Saharan Africa,Ethiopia,Bambasi,Post-emergency,20956,141,23,100,NA,9,53,1164
2024-04,Sub-Saharan Africa,Ethiopia,Sheder,Post-emergency,14463,1288,19,0,8,NA,0,723
2024-04,Sub-Saharan Africa,Ethiopia,Sherkole,Post-emergency,16240,168,18,100,11,12,34,1249
2024-04,Sub-Saharan Africa,Ethiopia,Tsore Camp (Assosa),Post-emergency,43579,199,18,100,14,14,31,2421
2024-04,Western Asia,Iraq,Arbat,Post-emergency,9136,NA,60,100,5,5,100,NA
2024-04,Western Asia,Iraq,Basirma,Post-emergency,9294,19,20,100,5,5,100,NA
2024-04,Western Asia,Iraq,Kawergosk,Post-emergency,7795,6,128,100,5,6,100,974
2024-04,Western Asia,Iraq,Qushtapa,Post-emergency,8392,7,108,100,6,6,100,95
2024-04,Sub-Saharan Africa,Kenya,Dagahaley,Post-emergency,111725,133,19,90,NA,9,53,9310
2024-04,Sub-Saharan Africa,Kenya,Hagadera,Post-emergency,146356,176,15,92,NA,9,60,12196
2024-04,Sub-Saharan Africa,Kenya,Ifo,Post-emergency,102459,89,15,0,NA,9,57,8538
2024-04,Sub-Saharan Africa,Kenya,Ifo 2,Post-emergency,22099,91,21,NA,NA,22,11,3683
2024-04,Sub-Saharan Africa,Malawi,Dzaleka,Post-emergency,48855,116,15,100,6,4,85,921
2024-04,Sub-Saharan Africa,Niger,Abala,Post-emergency,11650,171,11,NA,45,21,17,1664
2024-04,Sub-Saharan Africa,Niger,Ayerou,Post-emergency,9000,250,10,NA,1285,600,0,1285
2024-04,Sub-Saharan Africa,Niger,Centre humanitaire Agadez,Emergency,2686,NA,22,NA,92,46,0,NA
2024-04,Sub-Saharan Africa,Niger,Chadakori,Post-emergency,5282,252,15,NA,58,29,8,330
2024-04,Sub-Saharan Africa,Niger,Dandaji Makao,Post-emergency,4180,418,16,NA,48,27,8,261
2024-04,Sub-Saharan Africa,Niger,Garin Kaka,Post-emergency,2937,210,18,NA,54,20,13,183
2024-04,Sub-Saharan Africa,Niger,Ouallam,Post-emergency,6500,98,16,NA,101,15,28,NA
2024-04,Sub-Saharan Africa,Niger,Sayam Forage,Post-emergency,31174,266,10,NA,149,24,13,15587
2024-04,Sub-Saharan Africa,Rwanda,Kigeme,Post-emergency,14673,81,15,100,42,34,0,815
2024-04,Sub-Saharan Africa,Rwanda,Kiziba,Post-emergency,14893,62,34,100,59,21,0,323
2024-04,Sub-Saharan Africa,Rwanda,Mahama,Post-emergency,63392,82,20,100,19,19,0,615
2024-04,Sub-Saharan Africa,Rwanda,Mugombwa,Post-emergency,11857,75,23,100,37,26,0,NA
2024-04,Sub-Saharan Africa,Rwanda,Nyabiheke,Post-emergency,11957,76,14,97,40,16,0,323
2024-04,Northern Africa,Sudan,Abuda,Post-emergency,3560,66,30,NA,NA,6,60,NA
2024-04,Northern Africa,Sudan,Al Jameya,Post-emergency,28882,257,12,97,NA,24,18,1805
2024-04,Northern Africa,Sudan,Al Kashafa,Post-emergency,20357,198,9,91,NA,23,20,NA
2024-04,Northern Africa,Sudan,Al Redis 1,Post-emergency,15266,216,14,94,NA,19,21,954
2024-04,Northern Africa,Sudan,Al Redis 2,Post-emergency,40048,228,7,94,NA,48,7,2503
2024-04,Northern Africa,Sudan,Alagaya,Post-emergency,61827,296,5,81,NA,112,3,3864
2024-04,Northern Africa,Sudan,Dabat Bosin,Post-emergency,28802,425,4,67,162,154,0,1800
2024-04,Northern Africa,Sudan,Girba,Post-emergency,6409,214,28,NA,NA,9,45,NA
2024-04,Northern Africa,Sudan,Jouri,Post-emergency,14620,229,9,89,NA,33,11,NA
2024-04,Northern Africa,Sudan,Khor Alwarel,Post-emergency,55164,289,9,85,NA,197,0,3447
2024-04,Northern Africa,Sudan,Kilo 26,Post-emergency,9848,328,32,NA,NA,8,50,NA
2024-04,Northern Africa,Sudan,Shagarab I,Post-emergency,50812,565,14,NA,NA,33,7,NA
2024-04,Northern Africa,Sudan,Um Sangour,Post-emergency,68078,NA,6,68,NA,70,6,4254
2024-04,Northern Africa,Sudan,Wad Sharife,Post-emergency,18488,134,26,NA,NA,9,42,NA
2024-04,Sub-Saharan Africa,Tanzania,Nyarugusu,Post-emergency,136850,106,19,88,NA,6,77,1487
2024-03,Sub-Saharan Africa,Angola,Lovua settlement,Post-emergency,6176,56,22,NA,17,7,62,1235
2024-03,Sub-Saharan Africa,Chad,Bredjing,Post-emergency,53224,336,18,100,NA,10,57,13306
2024-03,Sub-Saharan Africa,Chad,Treguine,Post-emergency,28664,166,6,100,NA,10,58,4777
2024-03,Sub-Saharan Africa,Ethiopia,Bambasi,Post-emergency,20919,141,19,100,NA,9,53,1162
2024-03,Sub-Saharan Africa,Ethiopia,Fugnido,Post-emergency,51871,103,16,100,31,22,25,1921
2024-03,Sub-Saharan Africa,Ethiopia,Fugnido 2,Post-emergency,11412,NA,0,97,35,15,36,1630
2024-03,Sub-Saharan Africa,Ethiopia,Kule,Post-emergency,53716,187,10,100,34,24,22,2685
2024-03,Sub-Saharan Africa,Ethiopia,Nguenyyiel,Post-emergency,111996,158,11,100,17,17,26,2666
2024-03,Sub-Saharan Africa,Ethiopia,Sherkole,Post-emergency,16056,167,9,100,11,11,34,1235
2024-03,Sub-Saharan Africa,Ethiopia,Tierkidi,Post-emergency,73040,259,12,96,34,23,23,2434
2024-03,Sub-Saharan Africa,Ethiopia,Tsore Camp (Assosa),Post-emergency,43579,199,11,100,14,14,31,2421
2024-03,Western Asia,Iraq,Arbat,Post-emergency,9136,NA,60,100,5,5,100,NA
2024-03,Western Asia,Iraq,Basirma,Post-emergency,9294,19,20,100,5,5,100,NA
2024-03,Western Asia,Iraq,Kawergosk,Post-emergency,7795,6,128,100,5,6,100,974
2024-03,Western Asia,Iraq,Qushtapa,Post-emergency,8392,7,108,100,6,6,100,95
2024-03,Sub-Saharan Africa,Kenya,Dagahaley,Post-emergency,125790,149,16,92,NA,10,49,10482
2024-03,Sub-Saharan Africa,Kenya,Hagadera,Post-emergency,131312,158,17,100,NA,8,61,10942
2024-03,Sub-Saharan Africa,Kenya,Ifo,Post-emergency,98875,86,20,99,NA,9,56,8239
2024-03,Sub-Saharan Africa,Kenya,Ifo 2,Post-emergency,22206,91,24,NA,NA,22,10,3701
2024-03,Sub-Saharan Africa,Malawi,Dzaleka,Post-emergency,48575,128,15,NA,6,4,85,916
2024-03,Sub-Saharan Africa,Niger,Abala,Post-emergency,11650,171,11,NA,45,21,17,1664
2024-03,Sub-Saharan Africa,Niger,Ayerou,Post-emergency,8000,222,10,NA,1142,533,0,1142
2024-03,Sub-Saharan Africa,Niger,Centre humanitaire Agadez,Emergency,2642,NA,21,NA,94,47,0,NA
2024-03,Sub-Saharan Africa,Niger,Chadakori,Post-emergency,5282,252,11,NA,58,29,8,330
2024-03,Sub-Saharan Africa,Niger,Dandaji Makao,Post-emergency,4180,418,16,NA,48,27,8,261
2024-03,Sub-Saharan Africa,Niger,Garin Kaka,Post-emergency,2937,210,22,NA,54,20,13,183
2024-03,Sub-Saharan Africa,Niger,Ouallam,Post-emergency,6457,98,18,NA,100,15,28,NA
2024-03,Sub-Saharan Africa,Niger,Sayam Forage,Post-emergency,31174,266,11,NA,149,24,13,15587
2024-03,Sub-Saharan Africa,Rwanda,Kigeme,Post-emergency,14677,81,16,100,42,34,0,815
2024-03,Sub-Saharan Africa,Rwanda,Kiziba,Post-emergency,14940,83,35,100,60,22,0,324
2024-03,Sub-Saharan Africa,Rwanda,Mahama,Post-emergency,63505,82,20,100,18,19,0,496
2024-03,Sub-Saharan Africa,Rwanda,Mugombwa,Post-emergency,11841,75,21,100,37,26,0,NA
2024-03,Sub-Saharan Africa,Rwanda,Nyabiheke,Post-emergency,12021,76,13,100,40,17,0,324
2024-03,Northern Africa,Sudan,Abuda,Post-emergency,3560,66,22,NA,NA,6,60,NA
2024-03,Northern Africa,Sudan,Al Jameya,Post-emergency,28882,257,12,97,NA,24,18,1805
2024-03,Northern Africa,Sudan,Al Kashafa,Post-emergency,20357,198,9,94,NA,23,20,NA
2024-03,Northern Africa,Sudan,Al Redis 1,Post-emergency,15266,216,14,98,NA,19,21,954
2024-03,Northern Africa,Sudan,Al Redis 2,Post-emergency,40048,228,7,94,NA,48,7,2503
2024-03,Northern Africa,Sudan,Alagaya,Post-emergency,61827,310,5,79,NA,112,3,3864
2024-03,Northern Africa,Sudan,Dabat Bosin,Post-emergency,28802,425,4,80,NA,79,4,1800
2024-03,Northern Africa,Sudan,Girba,Post-emergency,6409,214,29,NA,NA,9,45,NA
2024-03,Northern Africa,Sudan,Jouri,Post-emergency,NA,70,31,88,NA,0,0,NA
2024-03,Northern Africa,Sudan,Khor Alwarel,Post-emergency,55164,289,8,82,NA,197,0,3447
2024-03,Northern Africa,Sudan,Kilo 26,Post-emergency,9848,328,33,NA,NA,8,50,NA
2024-03,Northern Africa,Sudan,Shagarab I,Post-emergency,50812,565,13,NA,NA,33,7,NA
2024-03,Northern Africa,Sudan,Um Rakuba,Post-emergency,17795,53,22,89,8,10,11,348
2024-03,Northern Africa,Sudan,Um Sangour,Post-emergency,68078,NA,5,74,NA,70,6,4254
2024-03,Northern Africa,Sudan,Wad Sharife,Post-emergency,18488,134,24,NA,NA,9,42,NA
2024-03,Sub-Saharan Africa,Tanzania,Nyarugusu,Post-emergency,137416,106,22,87,NA,6,74,1416
2024-02,Sub-Saharan Africa,Angola,Lovua settlement,Post-emergency,6141,55,28,NA,17,7,62,1228
2024-02,Sub-Saharan Africa,Chad,Amnabak,NA,NA,NA,NA,NA,NA,NA,0,NA
2024-02,Sub-Saharan Africa,Chad,Bredjing,Post-emergency,53224,336,21,100,NA,10,57,13306
2024-02,Sub-Saharan Africa,Chad,Gaga,Post-emergency,35051,223,10,100,70,10,58,1947
2024-02,Sub-Saharan Africa,Chad,Iridimi,Post-emergency,39420,169,4,98,227,31,12,3942
2024-02,Sub-Saharan Africa,Chad,Kounoungou,Post-emergency,28203,117,12,100,320,18,24,2820
2024-02,Sub-Saharan Africa,Chad,Mile,Post-emergency,42578,237,6,100,109,17,26,4257
2024-02,Sub-Saharan Africa,Chad,Oure Cassoni,Post-emergency,38932,271,10,100,311,15,22,3893
2024-02,Sub-Saharan Africa,Chad,Touloum,Post-emergency,42939,181,8,86,122,33,14,4293
2024-02,Sub-Saharan Africa,Chad,Treguine,Post-emergency,28664,166,6,0,NA,10,58,4777
2024-02,Sub-Saharan Africa,Ethiopia,Bambasi,Post-emergency,20827,140,18,100,NA,9,53,1157
2024-02,Sub-Saharan Africa,Ethiopia,Sherkole,Post-emergency,15979,166,11,100,11,11,34,1229
2024-02,Sub-Saharan Africa,Ethiopia,Tsore Camp (Assosa),Post-emergency,43476,199,15,100,14,14,31,2415
2024-02,Western Asia,Iraq,Arbat,Post-emergency,9136,NA,60,100,5,5,100,NA
2024-02,Western Asia,Iraq,Basirma,Post-emergency,9294,19,20,100,5,5,100,3098
2024-02,Western Asia,Iraq,Kawergosk,Post-emergency,7795,6,128,100,5,6,100,974
2024-02,Western Asia,Iraq,Qushtapa,Post-emergency,8392,7,108,100,6,6,100,95
2024-02,Sub-Saharan Africa,Kenya,Dagahaley,Post-emergency,125790,149,16,97,NA,10,49,10482
2024-02,Sub-Saharan Africa,Kenya,Hagadera,Post-emergency,131312,158,16,99,NA,8,61,10942
2024-02,Sub-Saharan Africa,Kenya,Ifo,Post-emergency,98875,86,19,100,NA,9,56,8239
2024-02,Sub-Saharan Africa,Kenya,Ifo 2,Post-emergency,22206,91,24,NA,NA,22,10,3701
2024-02,Sub-Saharan Africa,Malawi,Dzaleka,Post-emergency,48371,126,15,67,6,4,84,2418
2024-02,Sub-Saharan Africa,Niger,Abala,Post-emergency,11500,160,11,NA,44,21,17,1642
2024-02,Sub-Saharan Africa,Niger,Centre humanitaire Agadez,Emergency,2599,NA,22,NA,92,46,0,NA
2024-02,Sub-Saharan Africa,Niger,Chadakori,Post-emergency,5282,252,4,NA,58,29,8,330
2024-02,Sub-Saharan Africa,Niger,Dandaji Makao,Post-emergency,4180,418,6,NA,48,27,8,261
2024-02,Sub-Saharan Africa,Niger,Garin Kaka,Post-emergency,2937,210,11,NA,54,29,6,183
2024-02,Sub-Saharan Africa,Niger,Sayam Forage,Post-emergency,31174,269,9,100,149,24,13,15587
2024-02,Sub-Saharan Africa,Rwanda,Kigeme,Post-emergency,14712,81,16,100,42,34,0,817
2024-02,Sub-Saharan Africa,Rwanda,Kiziba,Post-emergency,15338,85,39,100,61,22,0,333
2024-02,Sub-Saharan Africa,Rwanda,Mahama,Post-emergency,63474,82,20,100,18,19,0,495
2024-02,Sub-Saharan Africa,Rwanda,Mugombwa,Post-emergency,11822,75,26,100,37,25,0,NA
2024-02,Sub-Saharan Africa,Rwanda,Nyabiheke,Post-emergency,12254,77,13,97,41,18,0,331
2024-02,Northern Africa,Sudan,Abuda,Post-emergency,3560,66,25,NA,NA,6,60,NA
2024-02,Northern Africa,Sudan,Al Jameya,Post-emergency,28882,257,12,97,NA,24,18,1805
2024-02,Northern Africa,Sudan,Al Kashafa,Post-emergency,20357,198,9,100,NA,23,20,NA
2024-02,Northern Africa,Sudan,Al Redis 1,Post-emergency,15266,216,14,100,NA,19,21,954
2024-02,Northern Africa,Sudan,Al Redis 2,Post-emergency,40048,228,7,83,NA,48,7,2503
2024-02,Northern Africa,Sudan,Alagaya,Post-emergency,61827,326,5,81,NA,112,3,3864
2024-02,Northern Africa,Sudan,Dabat Bosin,Post-emergency,28802,425,4,87,NA,79,4,1800
2024-02,Northern Africa,Sudan,Girba,Post-emergency,6409,214,29,NA,NA,9,45,NA
2024-02,Northern Africa,Sudan,Jouri,Post-emergency,14620,229,9,90,NA,33,11,NA
2024-02,Northern Africa,Sudan,Khor Alwarel,Post-emergency,55164,289,7,83,NA,197,0,3447
2024-02,Northern Africa,Sudan,Kilo 26,Post-emergency,9848,328,32,NA,NA,8,51,NA
2024-02,Northern Africa,Sudan,Shagarab I,Post-emergency,50812,565,13,NA,NA,33,7,NA
2024-02,Northern Africa,Sudan,Sirajiya,Post-emergency,5882,NA,0,NA,36,18,21,NA
2024-02,Northern Africa,Sudan,Tunaydba,Post-emergency,23746,52,29,83,10,8,13,539
2024-02,Northern Africa,Sudan,Um Gargour,Post-emergency,12373,188,30,93,7,7,56,1031
2024-02,Northern Africa,Sudan,Um Rakuba,Post-emergency,17085,51,23,100,8,10,11,488
2024-02,Northern Africa,Sudan,Um Sangour,Post-emergency,68078,NA,5,79,NA,70,6,4254
2024-02,Northern Africa,Sudan,Wad Sharife,Post-emergency,18488,134,26,NA,NA,9,42,NA
2024-02,Sub-Saharan Africa,Tanzania,Nyarugusu,Post-emergency,137364,106,22,90,NA,6,77,1416
2024-01,Sub-Saharan Africa,Chad,Amnabak,Post-emergency,31298,364,4,81,NA,29,13,3129
2024-01,Sub-Saharan Africa,Chad,Bredjing,Post-emergency,53224,336,22,100,NA,10,57,13306
2024-01,Sub-Saharan Africa,Chad,Gaga,Post-emergency,35051,223,10,100,70,10,58,1947
2024-01,Sub-Saharan Africa,Chad,Iridimi,Post-emergency,39296,169,4,96,227,31,12,3929
2024-01,Sub-Saharan Africa,Chad,Kounoungou,Post-emergency,28203,117,12,100,335,18,24,2820
2024-01,Sub-Saharan Africa,Chad,Mile,Post-emergency,42578,234,7,100,113,17,26,4257
2024-01,Sub-Saharan Africa,Chad,Oure Cassoni,Post-emergency,38932,271,11,100,311,15,22,3893
2024-01,Sub-Saharan Africa,Chad,Touloum,Post-emergency,42939,174,8,95,122,35,13,4293
2024-01,Sub-Saharan Africa,Chad,Treguine,Post-emergency,28664,166,6,100,NA,10,58,4777
2024-01,Sub-Saharan Africa,Ethiopia,Alemwach,Post-emergency,22065,230,16,100,49,38,2,525
2024-01,Sub-Saharan Africa,Ethiopia,Bambasi,Post-emergency,20769,139,20,100,NA,9,53,1153
2024-01,Sub-Saharan Africa,Ethiopia,Sherkole,Post-emergency,15886,166,9,100,11,11,34,1222
2024-01,Sub-Saharan Africa,Ethiopia,Tsore Camp (Assosa),Post-emergency,43359,198,11,100,14,14,31,2408
2024-01,Western Asia,Iraq,Arbat,Post-emergency,9136,NA,60,100,5,5,100,NA
2024-01,Western Asia,Iraq,Basirma,Post-emergency,9294,19,20,100,5,5,100,NA
2024-01,Western Asia,Iraq,Kawergosk,Post-emergency,7795,6,128,100,5,6,100,974
2024-01,Western Asia,Iraq,Qushtapa,Post-emergency,8392,7,108,100,6,6,100,95
2024-01,Sub-Saharan Africa,Kenya,Dagahaley,Post-emergency,125790,149,17,95,NA,10,49,10482
2024-01,Sub-Saharan Africa,Kenya,Hagadera,Post-emergency,131312,158,14,97,NA,8,61,10942
2024-01,Sub-Saharan Africa,Kenya,Ifo,Post-emergency,98875,86,18,98,NA,9,56,12359
2024-01,Sub-Saharan Africa,Kenya,Ifo 2,Post-emergency,22206,91,24,NA,NA,22,11,3701
2024-01,Sub-Saharan Africa,Malawi,Dzaleka,Post-emergency,48182,125,15,100,6,4,85,2409
2024-01,Sub-Saharan Africa,Niger,Abala,Post-emergency,11000,120,11,NA,42,20,19,239
2024-01,Sub-Saharan Africa,Niger,Chadakori,Post-emergency,5282,252,6,NA,58,29,8,330
2024-01,Sub-Saharan Africa,Niger,Dandaji Makao,Post-emergency,4180,418,15,NA,48,27,8,261
2024-01,Sub-Saharan Africa,Niger,Garin Kaka,Post-emergency,2937,210,22,NA,54,29,6,183
2024-01,Sub-Saharan Africa,Niger,Ouallam,Post-emergency,6439,87,19,NA,40,14,29,2146
2024-01,Sub-Saharan Africa,Niger,Sayam Forage,Post-emergency,31174,NA,11,NA,149,24,13,15587
2024-01,Sub-Saharan Africa,Rwanda,Kigeme,Post-emergency,14721,81,15,100,40,34,0,817
2024-01,Sub-Saharan Africa,Rwanda,Kiziba,Post-emergency,15338,85,42,100,61,22,0,333
2024-01,Sub-Saharan Africa,Rwanda,Mahama,Post-emergency,63339,82,20,100,18,19,0,494
2024-01,Sub-Saharan Africa,Rwanda,Mugombwa,Post-emergency,11790,75,22,100,37,25,0,NA
2024-01,Sub-Saharan Africa,Rwanda,Nyabiheke,Post-emergency,12367,78,13,100,41,18,0,334
2024-01,Northern Africa,Sudan,Abuda,Post-emergency,3560,66,28,NA,NA,6,60,NA
2024-01,Northern Africa,Sudan,Al Jameya,Post-emergency,28882,266,9,100,NA,24,18,1805
2024-01,Northern Africa,Sudan,Al Kashafa,Post-emergency,20357,198,9,98,NA,23,20,NA
2024-01,Northern Africa,Sudan,Al Redis 1,Post-emergency,15266,216,13,100,NA,19,21,954
2024-01,Northern Africa,Sudan,Al Redis 2,Post-emergency,40048,228,7,85,NA,48,7,2503
2024-01,Northern Africa,Sudan,Alagaya,Post-emergency,61827,NA,0,NA,NA,NA,0,NA
2024-01,Northern Africa,Sudan,Babikir,Post-emergency,2843,90,14,62,10,5,22,568
2024-01,Northern Africa,Sudan,Dabat Bosin,Post-emergency,28802,NA,3,81,NA,80,4,1800
2024-01,Northern Africa,Sudan,Girba,Post-emergency,6409,214,28,NA,NA,9,44,NA
2024-01,Northern Africa,Sudan,Jouri,Post-emergency,14620,229,9,90,NA,33,11,NA
2024-01,Northern Africa,Sudan,Khor Alwarel,Post-emergency,55164,289,7,79,NA,197,0,3447
2024-01,Northern Africa,Sudan,Kilo 26,Post-emergency,9848,328,31,NA,NA,8,50,NA
2024-01,Northern Africa,Sudan,Shagarab I,Post-emergency,50812,565,12,NA,NA,33,7,NA
2024-01,Northern Africa,Sudan,Tunaydba,Post-emergency,23269,52,24,93,18,6,13,465
2024-01,Northern Africa,Sudan,Um Rakuba,Post-emergency,17085,46,22,NA,10,10,11,379
2024-01,Northern Africa,Sudan,Um Sangour,Post-emergency,68078,NA,6,91,NA,70,6,4254
2024-01,Northern Africa,Sudan,Wad Sharife,Post-emergency,18488,134,26,NA,NA,9,42,NA
2024-01,Sub-Saharan Africa,Tanzania,Nyarugusu,Post-emergency,136478,NA,19,95,NA,6,75,1705
2024-01,Sub-Saharan Africa,Zimbabwe,Tongogara,Post-emergency,16000,90,0,NA,NA,9,68,1600
2023-12,Sub-Saharan Africa,Angola,Lovua settlement,Post-emergency,6103,55,22,NA,17,7,62,1220
2023-07,Southern Asia,Bangladesh,Camp 17,NA,NA,NA,NA,NA,NA,NA,6,NA
2023-07,Southern Asia,Bangladesh,Camp 1E,NA,NA,NA,NA,NA,NA,NA,4,NA
2023-07,Southern Asia,Bangladesh,Camp 21,NA,NA,NA,NA,NA,NA,NA,4,NA
2023-07,Southern Asia,Bangladesh,Camp 26,NA,NA,NA,NA,NA,NA,NA,2,NA
2023-07,Southern Asia,Bangladesh,Camp 27,NA,NA,NA,NA,NA,NA,NA,8,NA
2023-07,Southern Asia,Bangladesh,Camp 2E,NA,NA,NA,NA,NA,NA,NA,7,NA
2023-07,Southern Asia,Bangladesh,Camp 2W,NA,NA,NA,NA,NA,NA,NA,9,NA
2023-07,Southern Asia,Bangladesh,Camp 3,NA,NA,NA,NA,NA,NA,NA,1,NA
2023-07,Southern Asia,Bangladesh,Camp 4,NA,NA,NA,NA,NA,NA,NA,3,NA
2023-07,Southern Asia,Bangladesh,Camp 4 Ext,NA,NA,NA,NA,NA,NA,NA,1,NA
2023-07,Southern Asia,Bangladesh,Camp 5,NA,NA,NA,NA,NA,NA,NA,4,NA
2023-07,Southern Asia,Bangladesh,Kutupalong,NA,NA,NA,NA,NA,NA,NA,2,NA
2023-07,Southern Asia,Bangladesh,Nayapara,NA,NA,NA,NA,NA,NA,NA,4,NA
2023-07,Sub-Saharan Africa,Ethiopia,Alemwach,NA,NA,NA,NA,NA,NA,NA,11.08,NA
2023-12,Sub-Saharan Africa,Ethiopia,Awbarre,Post-emergency,13040,2829,24,75,57,8,66,652
2023-12,Sub-Saharan Africa,Ethiopia,Bambasi,Post-emergency,20718,140,20,100,NA,9,53,1151
2023-07,Sub-Saharan Africa,Ethiopia,Bambasi,NA,NA,NA,NA,NA,NA,NA,93.9,NA
2023-12,Sub-Saharan Africa,Ethiopia,Bokolmanyo,Post-emergency,33100,NA,14,100,NA,43,14,NA
2023-12,Sub-Saharan Africa,Ethiopia,Hilaweyn,Post-emergency,50812,NA,12,100,NA,48,13,NA
2023-12,Sub-Saharan Africa,Ethiopia,Kobe,Post-emergency,38876,NA,12,88,NA,38,19,NA
2023-12,Sub-Saharan Africa,Ethiopia,Melkadida,Post-emergency,43120,NA,15,94,NA,48,14,NA
2023-12,Sub-Saharan Africa,Ethiopia,Sherkole,Post-emergency,15790,167,11,100,11,11,34,1214
2023-07,Sub-Saharan Africa,Ethiopia,Sherkole,NA,NA,NA,NA,NA,NA,NA,97.5,NA
2023-12,Sub-Saharan Africa,Ethiopia,Tsore Camp (Assosa),Post-emergency,43370,198,11,100,14,14,32,2409
2023-07,Sub-Saharan Africa,Ethiopia,Tsore Camp (Assosa),NA,NA,NA,NA,NA,NA,NA,74.3,NA
2023-12,Western Asia,Iraq,Arbat,Post-emergency,9136,NA,60,100,5,5,100,NA
2023-12,Western Asia,Iraq,Basirma,Post-emergency,9294,19,20,100,5,5,100,3098
2023-12,Western Asia,Iraq,Kawergosk,Post-emergency,7795,6,128,100,5,6,100,974
2023-12,Western Asia,Iraq,Qushtapa,Post-emergency,8392,7,108,100,6,6,100,95
2023-12,Sub-Saharan Africa,Kenya,Dagahaley,Post-emergency,125790,149,14,95,NA,10,49,15723
2023-12,Sub-Saharan Africa,Kenya,Hagadera,Post-emergency,131312,158,13,100,NA,8,61,16414
2023-12,Sub-Saharan Africa,Kenya,Ifo,Post-emergency,98875,86,19,96,NA,9,56,12359
2023-12,Sub-Saharan Africa,Kenya,Ifo 2,Post-emergency,22099,91,23,NA,NA,22,11,3683
2023-12,Sub-Saharan Africa,Malawi,Dzaleka,Post-emergency,47906,125,15,NA,NA,369,0,2395
2023-07,Sub-Saharan Africa,Malawi,Dzaleka,NA,NA,NA,NA,NA,NA,NA,0,NA
2023-07,Sub-Saharan Africa,Mozambique,Maratane,NA,NA,NA,NA,NA,NA,NA,80,NA
2023-12,Sub-Saharan Africa,Niger,Abala,Post-emergency,10500,114,14,NA,32,19,17,228
2023-07,Sub-Saharan Africa,Niger,Abala,NA,NA,NA,NA,NA,NA,NA,17,NA
2023-07,Sub-Saharan Africa,Niger,Ayerou,NA,NA,NA,NA,NA,NA,NA,0,NA
2023-12,Sub-Saharan Africa,Niger,Chadakori,Post-emergency,5282,252,3,NA,58,29,8,330
2023-07,Sub-Saharan Africa,Niger,Chadakori,NA,NA,NA,NA,NA,NA,NA,2,NA
2023-12,Sub-Saharan Africa,Niger,Dandaji Makao,Post-emergency,4180,418,8,NA,48,27,8,261
2023-07,Sub-Saharan Africa,Niger,Dandaji Makao,NA,NA,NA,NA,NA,NA,NA,4,NA
2023-12,Sub-Saharan Africa,Niger,Garin Kaka,Post-emergency,2937,210,7,NA,54,29,6,183
2023-07,Sub-Saharan Africa,Niger,Garin Kaka,NA,NA,NA,NA,NA,NA,NA,10,NA
2023-12,Sub-Saharan Africa,Niger,Ouallam,Post-emergency,6435,87,19,NA,40,14,29,2145
2023-07,Sub-Saharan Africa,Niger,Ouallam,NA,NA,NA,NA,NA,NA,NA,54,NA
2023-12,Sub-Saharan Africa,Niger,Sayam Forage,Post-emergency,33642,290,10,100,161,26,13,16821
2023-07,Sub-Saharan Africa,Niger,Sayam Forage,NA,NA,NA,NA,NA,NA,NA,48,NA
2023-12,Sub-Saharan Africa,Rwanda,Kigeme,Post-emergency,14720,81,14,100,40,34,0,817
2023-12,Sub-Saharan Africa,Rwanda,Kiziba,Post-emergency,15486,70,29,100,62,22,0,336
2023-12,Sub-Saharan Africa,Rwanda,Mahama,Post-emergency,63608,82,20,100,18,19,0,636
2023-12,Sub-Saharan Africa,Rwanda,Mugombwa,Post-emergency,11772,75,22,100,37,25,0,NA
2023-12,Sub-Saharan Africa,Rwanda,Nyabiheke,Post-emergency,12384,78,14,100,41,18,0,334
2023-12,Sub-Saharan Africa,South Sudan,Ajoung Thok,Post-emergency,40228,36,26,100,6,6,80,874
2023-12,Sub-Saharan Africa,South Sudan,Pamir,Post-emergency,42079,519,17,0,9,8,49,793
2023-12,Northern Africa,Sudan,Abuda,Post-emergency,3531,65,58,NA,NA,6,60,NA
2023-12,Northern Africa,Sudan,Girba,Post-emergency,6358,212,44,NA,NA,9,44,NA
2023-12,Northern Africa,Sudan,Kilo 26,Post-emergency,9846,328,45,NA,NA,8,50,NA
2023-12,Northern Africa,Sudan,Shagarab I,Post-emergency,49976,555,11,NA,NA,32,6,NA
2023-12,Northern Africa,Sudan,Wad Sharife,Post-emergency,17835,129,24,NA,NA,9,44,NA
2023-07,Sub-Saharan Africa,Tanzania,Nyarugusu Burundian,NA,NA,NA,NA,NA,NA,NA,97.3,NA
2023-07,Sub-Saharan Africa,Tanzania,Nyarugusu Congolese,NA,NA,NA,NA,NA,NA,NA,93.9,NA
2023-12,Sub-Saharan Africa,Uganda,Adjumani,Post-emergency,219213,362,15,78,12,11,67,730
2023-07,Sub-Saharan Africa,Uganda,Imvepi,NA,NA,NA,NA,NA,NA,NA,86,NA
2023-07,Sub-Saharan Africa,Uganda,Kiryandongo,NA,NA,NA,NA,NA,NA,NA,85,NA
2023-07,Sub-Saharan Africa,Uganda,Kyaka II,NA,NA,NA,NA,NA,NA,NA,68.75,NA
2023-07,Sub-Saharan Africa,Uganda,Kyangwali,NA,NA,NA,NA,NA,NA,NA,70.9,NA
2023-07,Sub-Saharan Africa,Uganda,Nakivale,NA,NA,NA,NA,NA,NA,NA,73.97,NA
2023-07,Sub-Saharan Africa,Uganda,Oruchinga,NA,NA,NA,NA,NA,NA,NA,81.8,NA
2023-07,Sub-Saharan Africa,Uganda,Rhino Camp,NA,NA,NA,NA,NA,NA,NA,73,NA
2023-07,Sub-Saharan Africa,Uganda,Rwamwanja,NA,NA,NA,NA,NA,NA,NA,68.07,NA
2023-07,Sub-Saharan Africa,Zimbabwe,Tongogara,NA,NA,NA,NA,NA,NA,NA,78.9,NA
2023-11,Sub-Saharan Africa,Angola,Lovua settlement,Post-emergency,6086,55,33,NA,16,7,62,1014
2023-11,Sub-Saharan Africa,Chad,Amnabak,Post-emergency,31298,1426,5,100,NA,29,13,10432
2023-11,Sub-Saharan Africa,Chad,Iridimi,Post-emergency,39296,207,8,100,NA,26,15,13098
2023-11,Sub-Saharan Africa,Chad,Kounoungou,Post-emergency,27082,117,10,100,181,17,0,5416
2023-11,Sub-Saharan Africa,Chad,Mile,Post-emergency,44468,238,7,100,88,15,33,8893
2023-11,Sub-Saharan Africa,Chad,Oure Cassoni,Post-emergency,36500,230,10,99,NA,15,24,12166
2023-11,Sub-Saharan Africa,Chad,Touloum,Post-emergency,34130,141,14,100,NA,23,20,11376
2023-11,Sub-Saharan Africa,Ethiopia,Alemwach,Post-emergency,22046,230,17,100,49,42,4,524
2023-11,Sub-Saharan Africa,Ethiopia,Awbarre,Post-emergency,13040,2829,24,72,57,8,66,652
2023-11,Sub-Saharan Africa,Ethiopia,Bambasi,Post-emergency,20658,139,20,100,NA,9,53,1147
2023-11,Sub-Saharan Africa,Ethiopia,Bokolmanyo,Post-emergency,33005,NA,12,100,NA,43,14,NA
2023-11,Sub-Saharan Africa,Ethiopia,Buramino,Post-emergency,48082,NA,4,100,NA,72,9,NA
2023-11,Sub-Saharan Africa,Ethiopia,Hilaweyn,Post-emergency,50769,NA,9,100,NA,48,13,NA
2023-11,Sub-Saharan Africa,Ethiopia,Kobe,Post-emergency,38766,NA,10,78,NA,38,0,NA
2023-11,Sub-Saharan Africa,Ethiopia,Melkadida,Post-emergency,43111,NA,10,80,NA,48,14,NA
2023-11,Sub-Saharan Africa,Ethiopia,Nguenyyiel,Post-emergency,112000,165,13,91,19,26,18,1365
2023-11,Sub-Saharan Africa,Ethiopia,Sheder,Post-emergency,14463,1288,17,0,NA,8,62,723
2023-11,Sub-Saharan Africa,Ethiopia,Sherkole,Post-emergency,15668,166,11,100,11,11,34,1205
2023-11,Sub-Saharan Africa,Ethiopia,Tsore Camp (Assosa),Post-emergency,43314,198,11,100,14,14,32,2406
2023-11,Western Asia,Iraq,Arbat,Post-emergency,9136,NA,60,100,5,5,100,NA
2023-11,Western Asia,Iraq,Basirma,Post-emergency,9294,19,20,100,5,5,100,3098
2023-11,Western Asia,Iraq,Kawergosk,Post-emergency,7795,6,114,100,5,6,100,974
2023-11,Western Asia,Iraq,Qushtapa,Post-emergency,8392,7,106,100,6,6,100,95
2023-11,Sub-Saharan Africa,Kenya,Dagahaley,Post-emergency,116177,138,17,97,NA,10,53,14522
2023-11,Sub-Saharan Africa,Kenya,Hagadera,Post-emergency,127580,153,15,98,NA,8,61,15947
2023-11,Sub-Saharan Africa,Kenya,Ifo,Post-emergency,114526,100,16,98,NA,10,50,14315
2023-11,Sub-Saharan Africa,Kenya,Ifo 2,Post-emergency,22099,91,17,NA,NA,22,11,3683
2023-11,Sub-Saharan Africa,Malawi,Dzaleka,Post-emergency,47760,45,14,NA,NA,901,0,2388
2023-11,Sub-Saharan Africa,Niger,Abala,Post-emergency,10500,114,13,NA,32,19,17,228
2023-11,Sub-Saharan Africa,Niger,Chadakori,Post-emergency,5282,252,6,NA,58,44,3,330
2023-11,Sub-Saharan Africa,Niger,Dandaji Makao,Post-emergency,4180,418,3,NA,48,35,4,261
2023-11,Sub-Saharan Africa,Niger,Garin Kaka,Post-emergency,2937,210,13,NA,54,38,2,183
2023-11,Sub-Saharan Africa,Niger,Ouallam,Post-emergency,6398,86,17,NA,39,14,29,2132
2023-11,Sub-Saharan Africa,Rwanda,Kigeme,Post-emergency,14735,81,11,100,40,34,0,818
2023-11,Sub-Saharan Africa,Rwanda,Kiziba,Post-emergency,16076,72,29,100,64,22,0,349
2023-11,Sub-Saharan Africa,Rwanda,Mahama,Post-emergency,62294,81,20,100,18,18,0,622
2023-11,Sub-Saharan Africa,Rwanda,Mugombwa,Post-emergency,11759,74,22,100,37,25,0,NA
2023-11,Sub-Saharan Africa,Rwanda,Nyabiheke,Post-emergency,12429,79,13,100,42,18,0,335
2023-11,Sub-Saharan Africa,South Sudan,Ajoung Thok,Post-emergency,40184,369,26,0,6,6,80,873
2023-11,Sub-Saharan Africa,South Sudan,Pamir,Post-emergency,41901,517,15,0,9,8,49,790
2023-11,Northern Africa,Sudan,Abuda,Post-emergency,3531,65,57,NA,NA,6,60,NA
2023-11,Northern Africa,Sudan,Girba,Post-emergency,6358,212,45,NA,NA,9,44,NA
2023-11,Northern Africa,Sudan,Kilo 26,Post-emergency,9846,328,43,NA,NA,8,50,NA
2023-11,Northern Africa,Sudan,Shagarab I,Post-emergency,49976,555,12,NA,NA,32,6,NA
2023-11,Northern Africa,Sudan,Wad Sharife,Post-emergency,17835,129,23,NA,NA,9,44,NA
2023-11,Sub-Saharan Africa,Tanzania,Nyarugusu Burundian,Post-emergency,46986,60,22,90,NA,6,82,839
2023-11,Sub-Saharan Africa,Tanzania,Nyarugusu Congolese,Post-emergency,89043,135,22,81,NA,6,71,1127
2023-11,Sub-Saharan Africa,Uganda,Adjumani,Post-emergency,216702,356,15,88,11,11,67,722
2023-10,Sub-Saharan Africa,Angola,Lovua settlement,Post-emergency,6265,56,32,NA,18,7,60,1044
2023-10,Sub-Saharan Africa,Chad,Amnabak,Post-emergency,29000,1326,4,0,NA,27,15,9666
2023-10,Sub-Saharan Africa,Chad,Iridimi,Post-emergency,39296,207,8,100,NA,26,15,13098
2023-10,Sub-Saharan Africa,Chad,Kounoungou,Post-emergency,27082,97,13,100,NA,17,25,5416
2023-10,Sub-Saharan Africa,Chad,Oure Cassoni,Post-emergency,36500,230,10,99,NA,15,24,12166
2023-10,Sub-Saharan Africa,Chad,Touloum,Post-emergency,34130,141,12,100,NA,47,9,11376
2023-10,Sub-Saharan Africa,Ethiopia,Alemwach,Post-emergency,22046,230,11,100,46,39,4,524
2023-10,Sub-Saharan Africa,Ethiopia,Bambasi,Post-emergency,20555,139,19,100,NA,9,53,1141
2023-10,Sub-Saharan Africa,Ethiopia,Nguenyyiel,Post-emergency,112000,165,13,95,19,26,17,1230
2023-10,Sub-Saharan Africa,Ethiopia,Sherkole,Post-emergency,15296,163,11,100,10,11,35,1176
2023-10,Sub-Saharan Africa,Ethiopia,Tierkidi,Post-emergency,72447,220,13,97,40,22,23,2414
2023-10,Sub-Saharan Africa,Ethiopia,Tsore Camp (Assosa),Post-emergency,43380,198,11,100,14,14,32,2410
2023-10,Western Asia,Iraq,Arbat,Post-emergency,9130,NA,60,100,5,5,100,NA
2023-10,Western Asia,Iraq,Basirma,Post-emergency,9294,19,20,100,5,5,100,3098
2023-10,Western Asia,Iraq,Kawergosk,Post-emergency,7795,6,114,100,5,6,100,974
2023-10,Western Asia,Iraq,Qushtapa,Post-emergency,8390,7,106,100,6,6,100,95
2023-10,Sub-Saharan Africa,Kenya,Dagahaley,Post-emergency,113436,135,21,81,NA,9,54,14179
2023-10,Sub-Saharan Africa,Kenya,Hagadera,Post-emergency,126069,151,16,98,NA,8,63,15758
2023-10,Sub-Saharan Africa,Kenya,Ifo,Post-emergency,115317,101,21,84,NA,10,52,14414
2023-10,Sub-Saharan Africa,Kenya,Ifo 2,Post-emergency,18013,100,30,NA,NA,43,0,3002
2023-10,Sub-Saharan Africa,Malawi,Dzaleka,Post-emergency,47517,45,16,100,NA,360,0,2375
2023-10,Sub-Saharan Africa,Niger,Abala,Post-emergency,11000,120,11,NA,34,18,17,239
2023-10,Sub-Saharan Africa,Niger,Chadakori,Post-emergency,5282,252,6,NA,58,44,3,330
2023-10,Sub-Saharan Africa,Niger,Dandaji Makao,Post-emergency,4180,418,3,NA,48,35,4,261
2023-10,Sub-Saharan Africa,Niger,Garin Kaka,Post-emergency,2937,210,11,NA,54,38,2,183
2023-10,Sub-Saharan Africa,Niger,Ouallam,Post-emergency,6398,86,17,NA,39,14,29,2132
2023-10,Sub-Saharan Africa,Niger,Sayam Forage,Post-emergency,33642,290,10,NA,161,26,12,16821
2023-10,Sub-Saharan Africa,Rwanda,Kigeme,Post-emergency,14721,81,13,100,40,34,0,817
2023-10,Sub-Saharan Africa,Rwanda,Kiziba,Post-emergency,16076,72,30,100,64,22,0,349
2023-10,Sub-Saharan Africa,Rwanda,Mahama,Post-emergency,62294,81,21,100,18,18,0,622
2023-10,Sub-Saharan Africa,Rwanda,Mugombwa,Post-emergency,11752,104,21,100,37,25,0,NA
2023-10,Sub-Saharan Africa,Rwanda,Nyabiheke,Post-emergency,12506,79,17,97,42,18,0,338
2023-10,Sub-Saharan Africa,South Sudan,Ajoung Thok,Post-emergency,39993,367,24,0,6,6,79,701
2023-10,Sub-Saharan Africa,South Sudan,Pamir,Post-emergency,41446,512,15,0,9,8,50,782
2023-10,Northern Africa,Sudan,Abuda,Post-emergency,3539,66,56,NA,NA,6,60,NA
2023-10,Northern Africa,Sudan,Girba,Post-emergency,6337,211,49,NA,NA,9,44,NA
2023-10,Northern Africa,Sudan,Kilo 26,Post-emergency,9861,329,45,NA,NA,8,50,NA
2023-10,Northern Africa,Sudan,Shagarab I,Post-emergency,47788,531,12,NA,NA,31,6,NA
2023-10,Northern Africa,Sudan,Wad Sharife,Post-emergency,17792,129,24,NA,NA,9,44,NA
2023-10,Sub-Saharan Africa,Tanzania,Nyarugusu Burundian,Post-emergency,48264,62,24,90,NA,6,83,861
2023-10,Sub-Saharan Africa,Tanzania,Nyarugusu Congolese,Post-emergency,88866,135,24,82,NA,6,71,1124
2023-10,Sub-Saharan Africa,Uganda,Adjumani,Post-emergency,216608,355,15,80,11,11,67,722
2023-09,Sub-Saharan Africa,Angola,Lovua settlement,Post-emergency,6573,58,22,NA,18,7,56,1095
2023-09,Sub-Saharan Africa,Chad,Amnabak,Post-emergency,29194,NA,4,100,NA,27,15,9731
2023-09,Sub-Saharan Africa,Chad,Iridimi,Post-emergency,34500,182,10,100,NA,23,21,11500
2023-09,Sub-Saharan Africa,Chad,Kounoungou,Post-emergency,27082,97,13,0,NA,19,22,5416
2023-09,Sub-Saharan Africa,Chad,Mile,Post-emergency,297500,1584,1,100,592,102,51,59500
2023-09,Sub-Saharan Africa,Chad,Oure Cassoni,Post-emergency,36500,230,11,0,NA,15,24,12166
2023-09,Sub-Saharan Africa,Chad,Touloum,Post-emergency,32127,133,11,100,NA,44,10,10709
2023-09,Sub-Saharan Africa,Djibouti,Ali Adde,Post-emergency,16683,74,22,100,NA,12,28,4170
2023-09,Sub-Saharan Africa,Djibouti,Holl Holl,Post-emergency,7470,82,16,100,3735,25,12,3735
2023-09,Sub-Saharan Africa,Ethiopia,Alemwach,Post-emergency,22046,230,10,100,46,39,4,524
2023-09,Sub-Saharan Africa,Ethiopia,Bambasi,Post-emergency,20555,139,17,100,NA,9,53,1141
2023-09,Sub-Saharan Africa,Ethiopia,Nguenyyiel,Post-emergency,112000,167,14,94,19,26,17,1230
2023-09,Sub-Saharan Africa,Ethiopia,Sherkole,Post-emergency,15296,162,10,100,10,11,35,1176
2023-09,Sub-Saharan Africa,Ethiopia,Tierkidi,Post-emergency,112000,339,8,100,62,34,15,3733
2023-09,Sub-Saharan Africa,Ethiopia,Tsore Camp (Assosa),Post-emergency,43380,198,11,100,14,14,32,2410
2023-09,Western Asia,Iraq,Arbat,Post-emergency,9130,NA,62,100,5,5,100,NA
2023-09,Western Asia,Iraq,Basirma,Post-emergency,9294,19,20,100,5,5,100,3098
2023-09,Western Asia,Iraq,Kawergosk,Post-emergency,7790,6,116,100,5,6,100,973
2023-09,Western Asia,Iraq,Qushtapa,Post-emergency,8390,7,107,100,6,6,100,95
2023-09,Sub-Saharan Africa,Kenya,Hagadera,Post-emergency,125770,151,17,98,NA,8,63,15721
2023-09,Sub-Saharan Africa,Kenya,Ifo,Post-emergency,99499,87,22,95,NA,9,52,5852
2023-09,Sub-Saharan Africa,Kenya,Ifo 2,Post-emergency,18013,100,28,NA,NA,43,0,3002
2023-09,Sub-Saharan Africa,Malawi,Dzaleka,Post-emergency,47265,51,15,67,NA,415,0,2363
2023-09,Sub-Saharan Africa,Niger,Abala,Post-emergency,11000,120,10,NA,34,30,7,239
2023-09,Sub-Saharan Africa,Niger,Chadakori,Post-emergency,5282,252,3,NA,58,57,0,330
2023-09,Sub-Saharan Africa,Niger,Dandaji Makao,Post-emergency,4180,418,3,NA,48,49,0,261
2023-09,Sub-Saharan Africa,Niger,Garin Kaka,Post-emergency,2937,210,12,NA,54,47,0,183
2023-09,Sub-Saharan Africa,Niger,Ouallam,Post-emergency,6355,86,19,NA,39,19,20,2118
2023-09,Sub-Saharan Africa,Niger,Sayam Forage,Post-emergency,33642,349,9,NA,161,27,11,16821
2023-09,Sub-Saharan Africa,Nigeria,Adagam 3,Post-emergency,3030,NA,13,83,20,25,24,606
2023-09,Sub-Saharan Africa,Nigeria,Adagom,Post-emergency,10000,74,13,71,33,25,13,1000
2023-09,Sub-Saharan Africa,Nigeria,Ikyogen,Post-emergency,7410,233,8,71,29,30,16,1235
2023-09,Sub-Saharan Africa,Rwanda,Kigeme,Post-emergency,14673,81,12,100,43,34,0,815
2023-09,Sub-Saharan Africa,Rwanda,Kiziba,Post-emergency,16076,72,30,100,64,22,0,349
2023-09,Sub-Saharan Africa,Rwanda,Mahama,Post-emergency,57914,76,23,100,17,17,0,579
2023-09,Sub-Saharan Africa,Rwanda,Mugombwa,Post-emergency,11724,104,21,100,37,25,0,837
2023-09,Sub-Saharan Africa,Rwanda,Nyabiheke,Post-emergency,12564,79,16,97,42,18,0,339
2023-09,Sub-Saharan Africa,South Sudan,Ajoung Thok,Post-emergency,39826,365,25,0,6,7,0,698
2023-09,Sub-Saharan Africa,South Sudan,Pamir,Post-emergency,40596,501,15,0,9,8,52,765
2023-09,Northern Africa,Sudan,Abuda,Post-emergency,3539,66,59,NA,NA,6,60,NA
2023-09,Northern Africa,Sudan,Girba,Post-emergency,6337,211,50,NA,NA,9,44,NA
2023-09,Northern Africa,Sudan,Kilo 26,Post-emergency,9861,329,43,NA,NA,8,50,NA
2023-09,Northern Africa,Sudan,Shagarab I,Post-emergency,47788,531,13,NA,NA,31,6,NA
2023-09,Northern Africa,Sudan,Wad Sharife,Post-emergency,17792,129,23,NA,NA,9,44,NA
2023-09,Sub-Saharan Africa,Tanzania,Nyarugusu Congolese,Post-emergency,88471,134,22,87,NA,6,71,1179
2023-09,Sub-Saharan Africa,Uganda,Adjumani,Post-emergency,215136,351,14,83,11,11,67,717
2023-08,Sub-Saharan Africa,Cameroon,Borgop,Post-emergency,10875,NA,17,NA,19,10,31,435
2023-08,Sub-Saharan Africa,Cameroon,Gado,Post-emergency,23909,0,15,100,30,15,20,796
2023-08,Sub-Saharan Africa,Cameroon,Lolo,Post-emergency,11491,383,14,100,28,14,21,459
2023-08,Sub-Saharan Africa,Cameroon,Mbile,Post-emergency,11144,NA,14,NA,16,8,37,445
2023-08,Sub-Saharan Africa,Cameroon,Minawao,Post-emergency,68376,218,16,100,20,10,20,1953
2023-08,Sub-Saharan Africa,Cameroon,Ngam,Post-emergency,6533,NA,17,NA,17,9,34,435
2023-08,Sub-Saharan Africa,Cameroon,Ngarisingo,Post-emergency,1315,NA,18,NA,12,6,49,438
2023-08,Sub-Saharan Africa,Cameroon,Timangolo,Post-emergency,6155,0,14,NA,27,13,22,439
2023-08,Sub-Saharan Africa,Chad,Amnabak,Post-emergency,29194,NA,4,100,NA,27,15,9731
2023-08,Sub-Saharan Africa,Chad,Iridimi,Post-emergency,29500,156,8,100,NA,20,22,9833
2023-08,Sub-Saharan Africa,Chad,Kounoungou,Post-emergency,27082,97,12,100,NA,19,22,5416
2023-08,Sub-Saharan Africa,Chad,Mile,Post-emergency,29700,159,14,100,10,10,40,5940
2023-08,Sub-Saharan Africa,Chad,Oure Cassoni,Post-emergency,36500,230,10,100,NA,16,22,12166
2023-08,Sub-Saharan Africa,Chad,Touloum,Post-emergency,32127,133,10,0,NA,44,10,10709
2023-08,Sub-Saharan Africa,Djibouti,Ali Adde,Post-emergency,16683,72,24,100,NA,12,28,4170
2023-08,Sub-Saharan Africa,Djibouti,Holl Holl,Post-emergency,7470,82,18,100,3735,25,12,3735
2023-08,Sub-Saharan Africa,Ethiopia,Bambasi,Post-emergency,20531,138,21,100,NA,9,53,1140
2023-08,Sub-Saharan Africa,Ethiopia,Sherkole,Post-emergency,15032,160,11,100,10,11,36,1156
2023-08,Sub-Saharan Africa,Ethiopia,Tierkidi,Post-emergency,72442,220,12,100,40,24,21,2414
2023-08,Sub-Saharan Africa,Ethiopia,Tsore Camp (Assosa),Post-emergency,43285,198,11,100,14,14,32,2404
2023-08,Western Asia,Iraq,Arbat,Post-emergency,9124,NA,65,100,5,5,100,NA
2023-08,Western Asia,Iraq,Basirma,Post-emergency,9290,19,20,100,5,5,100,3096
2023-08,Western Asia,Iraq,Kawergosk,Post-emergency,7784,6,120,100,5,6,100,973
2023-08,Western Asia,Iraq,Qushtapa,Post-emergency,8386,7,108,100,6,6,100,95
2023-08,Sub-Saharan Africa,Kenya,Dagahaley,Post-emergency,123736,147,19,95,NA,10,54,7278
2023-08,Sub-Saharan Africa,Kenya,Hagadera,Post-emergency,125702,151,18,96,NA,8,63,2992
2023-08,Sub-Saharan Africa,Kenya,Ifo,Post-emergency,98929,86,21,93,NA,9,52,5819
2023-08,Sub-Saharan Africa,Kenya,Ifo 2,Post-emergency,15228,129,19,NA,NA,51,0,2538
2023-08,Sub-Saharan Africa,Malawi,Dzaleka,Post-emergency,47076,48,15,83,NA,399,0,2353
2023-08,Sub-Saharan Africa,Niger,Abala,Post-emergency,10500,114,11,NA,32,29,7,228
2023-08,Sub-Saharan Africa,Niger,Chadakori,Post-emergency,3190,152,6,NA,35,35,0,199
2023-08,Sub-Saharan Africa,Niger,Dandaji Makao,Post-emergency,2789,279,5,NA,32,33,0,174
2023-08,Sub-Saharan Africa,Niger,Garin Kaka,Post-emergency,1604,115,20,NA,29,25,0,100
2023-08,Sub-Saharan Africa,Niger,Ouallam,Post-emergency,6350,86,19,NA,39,19,20,2116
2023-08,Sub-Saharan Africa,Niger,Sayam Forage,Post-emergency,32994,357,7,NA,158,27,12,16497
2023-08,Sub-Saharan Africa,Nigeria,Adagam 3,Post-emergency,3030,89,13,57,21,22,28,606
2023-08,Sub-Saharan Africa,Nigeria,Adagom,Post-emergency,10000,75,12,43,33,26,13,1000
2023-08,Sub-Saharan Africa,Nigeria,Ikyogen,Post-emergency,7410,218,9,67,29,30,16,1235
2023-08,Sub-Saharan Africa,Rwanda,Kigeme,Post-emergency,14714,81,14,100,43,34,0,817
2023-08,Sub-Saharan Africa,Rwanda,Kiziba,Post-emergency,16096,72,37,100,64,22,0,349
2023-08,Sub-Saharan Africa,Rwanda,Mahama,Post-emergency,57914,76,23,100,17,17,0,579
2023-08,Sub-Saharan Africa,Rwanda,Mugombwa,Post-emergency,11653,103,21,100,36,25,0,832
2023-08,Sub-Saharan Africa,Rwanda,Nyabiheke,Post-emergency,12573,79,17,97,42,18,0,339
2023-08,Northern Africa,Sudan,Abuda,Post-emergency,3539,66,60,NA,NA,6,60,NA
2023-08,Northern Africa,Sudan,Al Jameya,Post-emergency,19470,229,19,82,NA,16,27,1216
2023-08,Northern Africa,Sudan,Al Kashafa,Post-emergency,18355,220,10,47,NA,18,27,1147
2023-08,Northern Africa,Sudan,Al Redis 1,Post-emergency,11652,190,21,53,NA,14,28,728
2023-08,Northern Africa,Sudan,Al Redis 2,Post-emergency,28935,171,11,75,NA,36,10,1808
2023-08,Northern Africa,Sudan,Alagaya,Post-emergency,54031,287,6,80,NA,109,3,3376
2023-08,Northern Africa,Sudan,Dabat Bosin,Post-emergency,19509,385,9,54,NA,75,5,1219
2023-08,Northern Africa,Sudan,Girba,Post-emergency,6337,211,52,NA,NA,9,44,NA
2023-08,Northern Africa,Sudan,Khor Alwarel,Post-emergency,56584,295,11,97,NA,202,0,3536
2023-08,Northern Africa,Sudan,Kilo 26,Post-emergency,9861,329,47,NA,NA,8,50,NA
2023-08,Northern Africa,Sudan,Shagarab I,Post-emergency,47788,310,14,NA,NA,31,6,NA
2023-08,Northern Africa,Sudan,Um Sangour,Post-emergency,68949,393,6,85,NA,73,6,4309
2023-08,Northern Africa,Sudan,Wad Sharife,Post-emergency,17789,129,27,NA,NA,9,42,NA
2023-08,Sub-Saharan Africa,Tanzania,Nyarugusu Burundian,Post-emergency,49889,64,25,81,NA,6,80,923
2023-08,Sub-Saharan Africa,Tanzania,Nyarugusu Congolese,Post-emergency,88169,134,24,81,NA,6,71,1175
2023-08,Sub-Saharan Africa,Uganda,Adjumani,Post-emergency,213032,344,14,85,11,11,68,710
2023-08,Sub-Saharan Africa,Uganda,Rwamwanja,Post-emergency,91855,NA,11,92,26,7,0,475
2023-07,Sub-Saharan Africa,Angola,Lovua settlement,Post-emergency,6548,60,20,NA,25,15,29,1091
2023-07,Sub-Saharan Africa,Cameroon,Borgop,Post-emergency,10875,NA,17,NA,19,10,31,435
2023-07,Sub-Saharan Africa,Cameroon,Gado,Post-emergency,23909,0,15,100,30,15,20,796
2023-07,Sub-Saharan Africa,Cameroon,Lolo,Post-emergency,11491,383,14,100,28,14,21,459
2023-07,Sub-Saharan Africa,Cameroon,Mbile,Post-emergency,11144,NA,14,NA,16,8,37,445
2023-07,Sub-Saharan Africa,Cameroon,Minawao,Post-emergency,68376,218,15,100,21,11,20,1953
2023-07,Sub-Saharan Africa,Cameroon,Ngam,Post-emergency,6533,NA,17,NA,17,9,34,435
2023-07,Sub-Saharan Africa,Cameroon,Ngarisingo,Post-emergency,1315,NA,18,NA,12,6,49,438
2023-07,Sub-Saharan Africa,Cameroon,Timangolo,Post-emergency,6155,0,14,NA,27,13,22,439
2023-07,Sub-Saharan Africa,Chad,Amnabak,Post-emergency,NA,0,NA,NA,NA,0,0,0
2023-07,Sub-Saharan Africa,Chad,Iridimi,Post-emergency,26404,138,9,98,NA,21,20,8801
2023-07,Sub-Saharan Africa,Chad,Kounoungou,Post-emergency,27082,97,14,100,NA,19,22,5416
2023-07,Sub-Saharan Africa,Chad,Mile,Post-emergency,29750,160,14,100,NA,19,21,5950
2023-07,Sub-Saharan Africa,Chad,Oure Cassoni,Post-emergency,36500,230,10,99,NA,16,22,12166
2023-07,Sub-Saharan Africa,Chad,Touloum,Post-emergency,32127,133,10,100,NA,44,10,10709
2023-07,Sub-Saharan Africa,Djibouti,Ali Adde,Post-emergency,17134,77,25,NA,NA,13,27,4283
2023-07,Sub-Saharan Africa,Djibouti,Holl Holl,Post-emergency,7188,79,21,100,3,0,13,3
2023-07,Sub-Saharan Africa,Ethiopia,Alemwach,Post-emergency,22046,230,9,100,46,51,1,524
2023-07,Sub-Saharan Africa,Ethiopia,Awbarre,Post-emergency,13040,2829,19,39,7,NA,0,652
2023-07,Sub-Saharan Africa,Ethiopia,Bambasi,Post-emergency,20439,118,15,100,NA,9,53,1135
2023-07,Sub-Saharan Africa,Ethiopia,Bokolmanyo,Post-emergency,32499,NA,14,100,NA,53,12,NA
2023-07,Sub-Saharan Africa,Ethiopia,Buramino,Post-emergency,47330,NA,10,100,NA,71,9,NA
2023-07,Sub-Saharan Africa,Ethiopia,Hilaweyn,Post-emergency,50152,NA,15,100,NA,100,8,NA
2023-07,Sub-Saharan Africa,Ethiopia,Melkadida,Post-emergency,42400,NA,15,90,NA,49,14,NA
2023-07,Sub-Saharan Africa,Ethiopia,Nguenyyiel,Post-emergency,112001,167,13,97,19,26,16,1230
2023-07,Sub-Saharan Africa,Ethiopia,Sheder,Post-emergency,14463,1288,19,75,89,8,62,723
2023-07,Sub-Saharan Africa,Ethiopia,Sherkole,Post-emergency,14601,157,13,100,NA,10,39,1123
2023-07,Sub-Saharan Africa,Ethiopia,Tierkidi,Post-emergency,112001,339,8,99,62,38,25,3733
2023-07,Sub-Saharan Africa,Ethiopia,Tsore Camp (Assosa),Post-emergency,43163,197,11,100,14,14,31,2397
2023-07,Western Asia,Iraq,Arbat,Post-emergency,9120,NA,66,100,5,5,100,NA
2023-07,Western Asia,Iraq,Basirma,Post-emergency,9285,19,20,100,5,5,100,3095
2023-07,Western Asia,Iraq,Kawergosk,Post-emergency,7778,6,122,100,5,6,100,972
2023-07,Western Asia,Iraq,Qushtapa,Post-emergency,8380,7,109,100,6,6,100,95
2023-07,Sub-Saharan Africa,Kenya,Dagahaley,Post-emergency,125550,149,17,99,NA,10,54,7385
2023-07,Sub-Saharan Africa,Kenya,Hagadera,Post-emergency,125625,151,18,92,NA,8,63,2991
2023-07,Sub-Saharan Africa,Kenya,Ifo,Post-emergency,101000,88,21,81,NA,9,51,5941
2023-07,Sub-Saharan Africa,Kenya,Ifo 2,Post-emergency,13020,112,18,NA,NA,43,0,2170
2023-07,Sub-Saharan Africa,Malawi,Dzaleka,Post-emergency,46734,70,19,NA,NA,236,0,2336
2023-07,Sub-Saharan Africa,Niger,Abala,Post-emergency,10500,114,12,NA,26,29,7,228
2023-07,Sub-Saharan Africa,Niger,Chadakori,Post-emergency,3190,152,10,NA,35,35,0,199
2023-07,Sub-Saharan Africa,Niger,Dandaji Makao,Post-emergency,2789,279,4,NA,32,33,0,174
2023-07,Sub-Saharan Africa,Niger,Garin Kaka,Post-emergency,1604,115,16,NA,29,25,0,100
2023-07,Sub-Saharan Africa,Niger,Ouallam,Post-emergency,6309,85,19,NA,39,19,20,2103
2023-07,Sub-Saharan Africa,Niger,Sayam Forage,Post-emergency,32994,378,8,NA,158,27,12,16497
2023-07,Sub-Saharan Africa,Nigeria,Adagom,Post-emergency,10010,82,11,100,34,22,8,1001
2023-07,Sub-Saharan Africa,Nigeria,Ikyogen,Post-emergency,7430,219,9,100,33,34,14,1238
2023-07,Sub-Saharan Africa,Rwanda,Kigeme,Post-emergency,14752,81,16,NA,43,34,0,819
2023-07,Sub-Saharan Africa,Rwanda,Kiziba,Post-emergency,15145,72,29,100,60,21,0,329
2023-07,Sub-Saharan Africa,Rwanda,Mahama,Post-emergency,57914,76,23,100,17,17,0,579
2023-07,Sub-Saharan Africa,Rwanda,Mugombwa,Post-emergency,11653,74,23,100,36,25,0,728
2023-07,Sub-Saharan Africa,Rwanda,Nyabiheke,Post-emergency,11877,75,16,97,40,17,0,321
2023-07,Sub-Saharan Africa,South Sudan,Ajoung Thok,Post-emergency,39464,362,24,50,6,7,0,505
2023-07,Sub-Saharan Africa,South Sudan,Pamir,Post-emergency,39761,491,17,0,9,8,54,750
2023-07,Northern Africa,Sudan,Abu Jubaiha Town,Post-emergency,2781,NA,1,NA,27,10,41,139
2023-07,Northern Africa,Sudan,Abuda,Post-emergency,3530,65,65,NA,NA,6,60,NA
2023-07,Northern Africa,Sudan,Abunowara,Post-emergency,367,NA,0,NA,18,5,82,24
2023-07,Northern Africa,Sudan,Dar Batti,Post-emergency,15877,529,9,NA,317,18,22,264
2023-07,Northern Africa,Sudan,"Elleri West7 (Dar Batti, El Gokhop and Um Kawarow)",Post-emergency,450,NA,106,NA,45,5,78,11
2023-07,Northern Africa,Sudan,Gedied,Post-emergency,1584,NA,0,NA,79,14,25,144
2023-07,Northern Africa,Sudan,Girba,Post-emergency,6344,211,52,NA,NA,9,45,NA
2023-07,Northern Africa,Sudan,Gurayd,Post-emergency,1190,NA,0,NA,119,10,37,119
2023-07,Northern Africa,Sudan,Kilo 26,Post-emergency,9833,328,42,NA,NA,8,50,NA
2023-07,Northern Africa,Sudan,Shagarab I,Post-emergency,47788,310,14,NA,NA,31,6,NA
2023-07,Northern Africa,Sudan,Sirajiya,Post-emergency,5882,NA,8,NA,49,18,21,130
2023-07,Northern Africa,Sudan,Tunaydba,Post-emergency,23184,53,29,96,15,10,10,346
2023-07,Northern Africa,Sudan,Wad Sharife,Post-emergency,17789,129,29,NA,NA,9,42,NA
2023-07,Sub-Saharan Africa,Tanzania,Nyarugusu Burundian,Post-emergency,49967,NA,24,95,NA,6,80,925
2023-07,Sub-Saharan Africa,Tanzania,Nyarugusu Congolese,Post-emergency,88182,134,24,100,NA,6,71,1175
2023-07,Sub-Saharan Africa,Uganda,Adjumani,Post-emergency,213032,344,14,88,11,11,68,710
2023-07,Sub-Saharan Africa,Ethiopia,Kobe,Post-emergency,37156,115,21,90,NA,50,7,NA
2023-06,Sub-Saharan Africa,Cameroon,Borgop,Post-emergency,10886,NA,17,NA,20,10,30,435
2023-06,Sub-Saharan Africa,Cameroon,Gado,Post-emergency,24784,0,14,100,31,16,19,826
2023-06,Sub-Saharan Africa,Cameroon,Lolo,Post-emergency,11493,383,14,100,28,14,21,574
2023-06,Sub-Saharan Africa,Cameroon,Mbile,Post-emergency,10412,NA,15,NA,15,8,38,416
2023-06,Sub-Saharan Africa,Cameroon,Minawao,Post-emergency,67590,218,16,100,20,10,20,1931
2023-06,Sub-Saharan Africa,Cameroon,Ngam,Post-emergency,6569,NA,17,NA,18,9,33,437
2023-06,Sub-Saharan Africa,Cameroon,Ngarisingo,Post-emergency,1316,NA,18,NA,12,6,49,438
2023-06,Sub-Saharan Africa,Cameroon,Timangolo,Post-emergency,6178,0,14,NA,29,15,20,441
2023-06,Sub-Saharan Africa,Chad,Amnabak,Post-emergency,NA,0,NA,NA,NA,0,0,0
2023-06,Sub-Saharan Africa,Chad,Iridimi,Post-emergency,25624,136,9,100,NA,21,21,8541
2023-06,Sub-Saharan Africa,Chad,Kounoungou,Post-emergency,25084,90,15,100,NA,18,24,5016
2023-06,Sub-Saharan Africa,Chad,Mile,Post-emergency,28449,153,13,100,NA,19,26,5689
2023-06,Sub-Saharan Africa,Chad,Oure Cassoni,Post-emergency,36500,230,10,99,NA,16,22,12166
2023-06,Sub-Saharan Africa,Chad,Touloum,Post-emergency,32127,133,12,100,NA,44,10,10709
2023-06,Sub-Saharan Africa,Djibouti,Ali Adde,Post-emergency,17134,77,19,100,NA,13,27,4283
2023-06,Sub-Saharan Africa,Djibouti,Holl Holl,Post-emergency,7188,79,16,NA,3594,24,13,3594
2023-06,Sub-Saharan Africa,Ethiopia,Bambasi,Post-emergency,20373,137,18,100,NA,16,30,1852
2023-06,Sub-Saharan Africa,Ethiopia,Bokolmanyo,Post-emergency,32262,NA,15,86,NA,NA,0,NA
2023-06,Sub-Saharan Africa,Ethiopia,Buramino,Post-emergency,47314,NA,11,100,NA,71,8,NA
2023-06,Sub-Saharan Africa,Ethiopia,Hilaweyn,Post-emergency,49212,NA,15,100,NA,68,7,NA
2023-06,Sub-Saharan Africa,Ethiopia,Kobe,Post-emergency,38365,NA,18,69,NA,50,8,NA
2023-06,Sub-Saharan Africa,Ethiopia,Melkadida,Post-emergency,41854,NA,12,73,NA,26,15,NA
2023-06,Sub-Saharan Africa,Ethiopia,Nguenyyiel,Post-emergency,112003,160,14,100,19,26,16,1098
2023-06,Sub-Saharan Africa,Ethiopia,Sherkole,Post-emergency,14002,130,16,100,NA,11,36,1166
2023-06,Sub-Saharan Africa,Ethiopia,Tierkidi,Post-emergency,72447,220,13,100,304,24,21,2414
2023-06,Sub-Saharan Africa,Ethiopia,Tsore Camp (Assosa),Post-emergency,43298,176,15,100,14,14,31,2278
2023-06,Western Asia,Iraq,Arbat,Post-emergency,9114,NA,68,100,5,5,100,NA
2023-06,Western Asia,Iraq,Basirma,Post-emergency,2283,5,77,100,5,6,100,761
2023-06,Western Asia,Iraq,Kawergosk,Post-emergency,7775,6,124,100,5,6,100,971
2023-06,Western Asia,Iraq,Qushtapa,Post-emergency,8375,7,110,100,6,6,100,95
2023-06,Sub-Saharan Africa,Kenya,Dagahaley,Post-emergency,127104,151,18,98,NA,10,46,3026
2023-06,Sub-Saharan Africa,Kenya,Hagadera,Post-emergency,125601,151,16,95,NA,8,62,1495
2023-06,Sub-Saharan Africa,Kenya,Ifo,Post-emergency,110956,97,21,100,NA,10,47,2641
2023-06,Sub-Saharan Africa,Malawi,Dzaleka,Post-emergency,46247,117,12,NA,NA,226,0,2312
2023-06,Sub-Saharan Africa,Niger,Abala,Post-emergency,10500,114,12,NA,26,19,16,228
2023-06,Sub-Saharan Africa,Niger,Chadakori,Post-emergency,3190,152,10,NA,35,35,0,199
2023-06,Sub-Saharan Africa,Niger,Dandaji Makao,Post-emergency,2789,279,6,NA,32,33,0,174
2023-06,Sub-Saharan Africa,Niger,Garin Kaka,Post-emergency,1604,115,27,NA,29,25,0,100
2023-06,Sub-Saharan Africa,Niger,Ouallam,Post-emergency,6287,87,19,NA,24,24,18,2095
2023-06,Sub-Saharan Africa,Niger,Sayam Forage,Post-emergency,32994,374,8,NA,158,29,11,16497
2023-06,Sub-Saharan Africa,Nigeria,Adagom,Post-emergency,10010,82,11,33,34,22,8,1001
2023-06,Sub-Saharan Africa,Nigeria,Ikyogen,Post-emergency,7430,219,9,100,33,34,14,1238
2023-06,Sub-Saharan Africa,Rwanda,Kigeme,Post-emergency,14711,81,16,100,43,34,0,817
2023-06,Sub-Saharan Africa,Rwanda,Kiziba,Post-emergency,15292,73,34,100,61,21,0,332
2023-06,Sub-Saharan Africa,Rwanda,Mahama,Post-emergency,NA,0,NA,NA,0,0,0,0
2023-06,Sub-Saharan Africa,Rwanda,Mugombwa,Post-emergency,11628,74,23,100,36,25,0,726
2023-06,Sub-Saharan Africa,Rwanda,Nyabiheke,Post-emergency,12091,76,15,97,40,17,0,326
2023-06,Sub-Saharan Africa,South Sudan,Ajoung Thok,Post-emergency,39199,360,26,0,6,6,0,502
2023-06,Sub-Saharan Africa,South Sudan,Pamir,Post-emergency,39301,485,38,0,9,8,56,741
2023-06,Northern Africa,Sudan,Abu Jubaiha Town,Post-emergency,2937,NA,1,NA,29,11,37,146
2023-06,Northern Africa,Sudan,Abuda,Post-emergency,3530,65,34,NA,NA,6,60,NA
2023-06,Northern Africa,Sudan,Abunowara,Post-emergency,367,NA,0,NA,18,5,73,24
2023-06,Northern Africa,Sudan,Al Jameya,Post-emergency,17823,214,20,72,NA,15,28,1113
2023-06,Northern Africa,Sudan,Al Kashafa,Post-emergency,18133,218,12,74,NA,18,27,1133
2023-06,Northern Africa,Sudan,Al Redis 1,Post-emergency,11565,189,23,81,NA,14,28,722
2023-06,Northern Africa,Sudan,Al Redis 2,Post-emergency,27543,164,11,80,NA,35,10,1721
2023-06,Northern Africa,Sudan,Alagaya,Post-emergency,54031,NA,0,NA,NA,NA,0,NA
2023-06,Northern Africa,Sudan,Babikir,Post-emergency,3000,95,12,57,50,13,17,300
2023-06,Northern Africa,Sudan,Dabat Bosin,Post-emergency,17270,350,9,84,NA,66,6,1079
2023-06,Northern Africa,Sudan,Dar Batti,Post-emergency,15877,529,9,NA,317,18,22,264
2023-06,Northern Africa,Sudan,"Elleri West7 (Dar Batti, El Gokhop and Um Kawarow)",Post-emergency,450,NA,106,NA,45,5,78,11
2023-06,Northern Africa,Sudan,Fau 5,Post-emergency,850,15,34,75,8,7,50,170
2023-06,Northern Africa,Sudan,Gedied,Post-emergency,1584,NA,0,NA,79,14,25,144
2023-06,Northern Africa,Sudan,Girba,Post-emergency,6344,211,36,NA,NA,9,45,NA
2023-06,Northern Africa,Sudan,Gurayd,Post-emergency,1190,NA,0,NA,119,10,37,119
2023-06,Northern Africa,Sudan,Jouri,Post-emergency,14674,226,11,91,NA,34,11,978
2023-06,Northern Africa,Sudan,Khor Alwarel,Post-emergency,53720,281,7,85,NA,192,0,3357
2023-06,Northern Africa,Sudan,Kilo 26,Post-emergency,9833,328,31,NA,NA,8,50,NA
2023-06,Northern Africa,Sudan,Shagarab I,Post-emergency,63527,413,12,NA,NA,16,14,NA
2023-06,Northern Africa,Sudan,Sirajiya,Post-emergency,5882,NA,8,NA,49,18,21,130
2023-06,Northern Africa,Sudan,Um Gargour,Post-emergency,12461,297,23,40,8,8,62,623
2023-06,Northern Africa,Sudan,Um Rakuba,Post-emergency,16465,46,27,46,16,9,10,445
2023-06,Northern Africa,Sudan,Um Sangour,Post-emergency,59729,343,8,83,NA,63,7,3733
2023-06,Northern Africa,Sudan,Wad Sharife,Post-emergency,17789,129,28,NA,NA,9,42,NA
2023-06,Sub-Saharan Africa,Tanzania,Nduta,Post-emergency,76947,77,39,74,NA,5,88,884
2023-06,Sub-Saharan Africa,Tanzania,Nyarugusu Burundian,Post-emergency,49743,68,26,95,NA,6,74,921
2023-06,Sub-Saharan Africa,Tanzania,Nyarugusu Congolese,Post-emergency,88094,134,22,88,NA,6,67,1174
2023-06,Sub-Saharan Africa,Uganda,Adjumani,Post-emergency,211143,339,14,84,11,10,68,703
2023-06,Sub-Saharan Africa,Uganda,Kyaka II,Post-emergency,120111,628,10,50,12,6,58,480
2023-05,Sub-Saharan Africa,Angola,Lovua settlement,Post-emergency,6527,66,21,NA,6,6,72,1087
2023-05,Sub-Saharan Africa,Cameroon,Borgop,Post-emergency,11001,NA,17,NA,20,10,30,440
2023-05,Sub-Saharan Africa,Cameroon,Gado,Post-emergency,24859,0,14,100,31,16,19,828
2023-05,Sub-Saharan Africa,Cameroon,Lolo,Post-emergency,11371,379,14,100,28,14,21,568
2023-05,Sub-Saharan Africa,Cameroon,Mbile,Post-emergency,10749,NA,15,NA,16,8,37,429
2023-05,Sub-Saharan Africa,Cameroon,Minawao,Post-emergency,67590,218,17,100,21,11,20,1931
2023-05,Sub-Saharan Africa,Cameroon,Ngam,Post-emergency,6642,NA,16,NA,18,9,32,442
2023-05,Sub-Saharan Africa,Cameroon,Ngarisingo,Post-emergency,1332,NA,18,NA,12,6,49,444
2023-05,Sub-Saharan Africa,Cameroon,Timangolo,Post-emergency,6155,0,14,NA,27,13,22,439
2023-05,Sub-Saharan Africa,Chad,Amnabak,Post-emergency,28867,1312,3,100,NA,27,15,9622
2023-05,Sub-Saharan Africa,Chad,Iridimi,Post-emergency,25419,135,9,0,NA,20,21,8473
2023-05,Sub-Saharan Africa,Chad,Kounoungou,Post-emergency,25095,90,17,100,NA,19,23,5019
2023-05,Sub-Saharan Africa,Chad,Mile,Post-emergency,28849,155,14,100,NA,19,26,5769
2023-05,Sub-Saharan Africa,Chad,Oure Cassoni,Post-emergency,36500,230,10,99,NA,16,22,12166
2023-05,Sub-Saharan Africa,Chad,Touloum,Post-emergency,32161,133,11,0,NA,44,10,10720
2023-05,Sub-Saharan Africa,Djibouti,Ali Adde,Post-emergency,17134,78,17,100,NA,13,27,4283
2023-05,Sub-Saharan Africa,Djibouti,Holl Holl,Post-emergency,7188,79,12,NA,3594,24,13,3594
2023-05,Sub-Saharan Africa,Ethiopia,Bambasi,Post-emergency,20332,137,18,100,NA,17,29,1848
2023-05,Sub-Saharan Africa,Ethiopia,Bokolmanyo,Post-emergency,32262,NA,20,86,NA,NA,0,NA
2023-05,Sub-Saharan Africa,Ethiopia,Buramino,Post-emergency,47274,NA,12,100,NA,78,7,NA
2023-05,Sub-Saharan Africa,Ethiopia,Hilaweyn,Post-emergency,48947,NA,18,100,NA,68,7,NA
2023-05,Sub-Saharan Africa,Ethiopia,Kobe,Post-emergency,37527,NA,18,80,NA,49,8,NA
2023-05,Sub-Saharan Africa,Ethiopia,Melkadida,Post-emergency,41804,NA,14,70,NA,26,15,NA
2023-05,Sub-Saharan Africa,Ethiopia,Nguenyyiel,Post-emergency,111958,160,14,97,19,26,17,1097
2023-05,Sub-Saharan Africa,Ethiopia,Sherkole,Post-emergency,13540,130,16,100,NA,11,36,1128
2023-05,Sub-Saharan Africa,Ethiopia,Tierkidi,Post-emergency,72448,220,13,0,304,42,12,NA
2023-05,Sub-Saharan Africa,Ethiopia,Tsore Camp (Assosa),Post-emergency,43212,176,15,100,26,19,16,2274
2023-05,Western Asia,Iraq,Arbat,Post-emergency,9114,NA,69,100,5,5,100,NA
2023-05,Western Asia,Iraq,Basirma,Post-emergency,2280,5,81,100,5,6,100,760
2023-05,Western Asia,Iraq,Kawergosk,Post-emergency,7770,6,126,100,5,6,100,971
2023-05,Western Asia,Iraq,Qushtapa,Post-emergency,8372,7,110,100,6,6,100,95
2023-05,Sub-Saharan Africa,Kenya,Dagahaley,Post-emergency,129312,153,15,82,NA,11,46,3078
2023-05,Sub-Saharan Africa,Kenya,Hagadera,Post-emergency,125546,151,18,84,NA,8,62,1494
2023-05,Sub-Saharan Africa,Kenya,Ifo,Post-emergency,115903,101,19,74,NA,10,47,2759
2023-05,Sub-Saharan Africa,Malawi,Dzaleka,Post-emergency,51132,129,11,NA,NA,NA,0,2556
2023-05,Sub-Saharan Africa,Niger,Abala,Post-emergency,10000,109,12,NA,25,18,16,217
2023-05,Sub-Saharan Africa,Niger,Chadakori,Post-emergency,3190,152,17,NA,35,35,0,199
2023-05,Sub-Saharan Africa,Niger,Dandaji Makao,Post-emergency,2789,279,4,NA,32,33,0,174
2023-05,Sub-Saharan Africa,Niger,Garin Kaka,Post-emergency,1604,115,33,NA,29,25,0,100
2023-05,Sub-Saharan Africa,Niger,Ouallam,Post-emergency,6287,87,19,NA,24,24,18,2095
2023-05,Sub-Saharan Africa,Niger,Sayam Forage,Post-emergency,33026,377,9,100,27,18,17,8256
2023-05,Sub-Saharan Africa,Nigeria,Adagom,Post-emergency,10010,82,12,67,34,22,8,1001
2023-05,Sub-Saharan Africa,Nigeria,Ikyogen,Post-emergency,7570,223,9,100,34,34,14,1261
2023-05,Sub-Saharan Africa,Rwanda,Kigeme,Post-emergency,14700,81,16,100,42,34,0,816
2023-05,Sub-Saharan Africa,Rwanda,Kiziba,Post-emergency,15410,74,34,100,61,22,0,335
2023-05,Sub-Saharan Africa,Rwanda,Mahama,Post-emergency,57835,76,23,100,17,17,0,578
2023-05,Sub-Saharan Africa,Rwanda,Mugombwa,Post-emergency,11617,74,21,100,36,25,0,829
2023-05,Sub-Saharan Africa,Rwanda,Nyabiheke,Post-emergency,12553,79,15,100,42,17,0,339
2023-05,Northern Africa,Sudan,Abuda,Post-emergency,3530,65,40,NA,NA,6,60,NA
2023-05,Northern Africa,Sudan,Girba,Post-emergency,6344,211,41,NA,NA,9,45,NA
2023-05,Northern Africa,Sudan,Kilo 26,Post-emergency,9833,328,32,NA,NA,8,50,NA
2023-05,Northern Africa,Sudan,Shagarab I,Post-emergency,63527,413,14,NA,NA,16,14,NA
2023-05,Northern Africa,Sudan,Tunaydba,Post-emergency,22168,47,36,100,14,10,10,330
2023-05,Northern Africa,Sudan,Wad Sharife,Post-emergency,17789,129,25,NA,NA,9,42,NA
2023-05,Sub-Saharan Africa,Tanzania,Nduta,Post-emergency,76774,77,33,73,NA,5,89,882
2023-05,Sub-Saharan Africa,Tanzania,Nyarugusu Burundian,Post-emergency,49572,68,26,94,NA,6,75,918
2023-05,Sub-Saharan Africa,Tanzania,Nyarugusu Congolese,Post-emergency,82650,125,24,89,NA,6,71,1102
2023-05,Sub-Saharan Africa,Uganda,Adjumani,Post-emergency,209628,335,14,95,11,10,68,698
2023-04,Sub-Saharan Africa,Cameroon,Borgop,Post-emergency,11054,NA,18,NA,18,9,33,502
2023-04,Sub-Saharan Africa,Cameroon,Gado,Post-emergency,25238,0,15,NA,29,15,20,1009
2023-04,Sub-Saharan Africa,Cameroon,Lolo,Post-emergency,11700,390,16,NA,29,15,20,585
2023-04,Sub-Saharan Africa,Cameroon,Mbile,Post-emergency,10822,NA,14,NA,16,8,37,432
2023-04,Sub-Saharan Africa,Cameroon,Minawao,Post-emergency,78722,246,14,NA,24,12,15,2249
2023-04,Sub-Saharan Africa,Cameroon,Ngam,Post-emergency,6692,NA,19,NA,11,6,53,446
2023-04,Sub-Saharan Africa,Cameroon,Ngarisingo,Post-emergency,1332,NA,18,NA,12,6,47,444
2023-04,Sub-Saharan Africa,Cameroon,Timangolo,Post-emergency,6683,0,13,NA,21,11,28,477
2023-04,Sub-Saharan Africa,Chad,Amnabak,Post-emergency,28867,1255,6,89,NA,27,15,9622
2023-04,Sub-Saharan Africa,Chad,Iridimi,Post-emergency,25419,135,8,94,NA,20,21,8473
2023-04,Sub-Saharan Africa,Chad,Kounoungou,Post-emergency,23765,86,16,100,NA,18,26,4753
2023-04,Sub-Saharan Africa,Chad,Mile,Post-emergency,27996,150,17,99,NA,18,26,5599
2023-04,Sub-Saharan Africa,Chad,Oure Cassoni,Post-emergency,36500,230,10,99,NA,16,22,12166
2023-04,Sub-Saharan Africa,Chad,Touloum,Post-emergency,32152,133,14,94,NA,48,9,10717
2023-04,Sub-Saharan Africa,Djibouti,Ali Adde,Post-emergency,17134,78,16,100,NA,13,27,4283
2023-04,Sub-Saharan Africa,Djibouti,Holl Holl,Post-emergency,7188,79,10,NA,3594,24,13,3594
2023-04,Sub-Saharan Africa,Ethiopia,Bambasi,Post-emergency,20243,137,20,100,NA,17,29,1840
2023-04,Sub-Saharan Africa,Ethiopia,Bokolmanyo,Post-emergency,32220,NA,17,95,NA,NA,0,NA
2023-04,Sub-Saharan Africa,Ethiopia,Buramino,Post-emergency,47108,NA,10,100,NA,88,6,NA
2023-04,Sub-Saharan Africa,Ethiopia,Hilaweyn,Post-emergency,48655,NA,16,100,NA,68,7,NA
2023-04,Sub-Saharan Africa,Ethiopia,Kobe,Post-emergency,37463,NA,19,85,NA,49,8,NA
2023-04,Sub-Saharan Africa,Ethiopia,Melkadida,Post-emergency,41670,NA,14,77,NA,26,15,NA
2023-04,Sub-Saharan Africa,Ethiopia,Nguenyyiel,Post-emergency,111407,159,14,100,21,33,12,1092
2023-04,Sub-Saharan Africa,Ethiopia,Sherkole,Post-emergency,13472,155,16,100,NA,11,36,1122
2023-04,Sub-Saharan Africa,Ethiopia,Tierkidi,Post-emergency,71458,217,19,83,300,42,12,NA
2023-04,Sub-Saharan Africa,Ethiopia,Tsore Camp (Assosa),Post-emergency,43059,175,15,100,26,18,16,2266
2023-04,Western Asia,Iraq,Arbat,Post-emergency,9114,NA,76,100,5,5,100,NA
2023-04,Western Asia,Iraq,Basirma,Post-emergency,2278,5,81,100,5,6,100,759
2023-04,Western Asia,Iraq,Kawergosk,Post-emergency,7768,6,126,100,5,6,100,971
2023-04,Western Asia,Iraq,Qushtapa,Post-emergency,8372,7,110,100,6,6,100,95
2023-04,Sub-Saharan Africa,Kenya,Dagahaley,Post-emergency,129359,153,19,70,NA,11,46,3079
2023-04,Sub-Saharan Africa,Kenya,Hagadera,Post-emergency,125569,151,18,88,NA,8,62,1494
2023-04,Sub-Saharan Africa,Kenya,Ifo,Post-emergency,122165,107,15,70,NA,11,44,2908
2023-04,Sub-Saharan Africa,Niger,Abala,Post-emergency,10000,109,12,NA,25,18,16,217
2023-04,Sub-Saharan Africa,Niger,Chadakori,Post-emergency,2789,133,21,NA,30,30,0,174
2023-04,Sub-Saharan Africa,Niger,Dandaji Makao,Post-emergency,2789,279,9,NA,32,33,0,174
2023-04,Sub-Saharan Africa,Niger,Garin Kaka,Post-emergency,1604,115,26,NA,29,25,0,100
2023-04,Sub-Saharan Africa,Niger,Ouallam,Post-emergency,6259,87,13,NA,23,24,18,2086
2023-04,Sub-Saharan Africa,Niger,Sayam Forage,Post-emergency,33026,377,9,NA,27,18,16,8256
2023-04,Sub-Saharan Africa,Nigeria,Adagom,Post-emergency,10140,84,12,33,35,22,8,1014
2023-04,Sub-Saharan Africa,Rwanda,Kigeme,Post-emergency,14634,80,16,100,42,34,0,813
2023-04,Sub-Saharan Africa,Rwanda,Kiziba,Post-emergency,15761,77,32,100,63,22,0,342
2023-04,Sub-Saharan Africa,Rwanda,Mahama,Post-emergency,58206,75,23,100,17,17,0,582
2023-04,Sub-Saharan Africa,Rwanda,Mugombwa,Post-emergency,11533,73,22,100,36,25,0,823
2023-04,Sub-Saharan Africa,Rwanda,Nyabiheke,Post-emergency,12931,82,14,100,43,18,0,349
2023-04,Sub-Saharan Africa,South Sudan,Ajoung Thok,Post-emergency,38473,353,31,0,6,6,0,591
2023-04,Sub-Saharan Africa,South Sudan,Pamir,Post-emergency,38570,476,23,0,9,8,58,741
2023-04,Northern Africa,Sudan,Abuda,Post-emergency,3530,65,35,NA,NA,6,60,NA
2023-04,Northern Africa,Sudan,Girba,Post-emergency,6344,211,41,NA,NA,9,45,NA
2023-04,Northern Africa,Sudan,Kilo 26,Post-emergency,9833,328,44,NA,NA,8,50,NA
2023-04,Northern Africa,Sudan,Shagarab I,Post-emergency,63527,413,13,NA,NA,16,14,NA
2023-04,Northern Africa,Sudan,Wad Sharife,Post-emergency,17789,129,21,NA,NA,9,42,NA
2023-04,Sub-Saharan Africa,Tanzania,Nduta,Post-emergency,76737,72,26,77,NA,5,88,882
2023-04,Sub-Saharan Africa,Tanzania,Nyarugusu Burundian,Post-emergency,49548,68,24,94,NA,7,73,917
2023-04,Sub-Saharan Africa,Tanzania,Nyarugusu Congolese,Post-emergency,82263,125,24,0,NA,6,72,1096
2023-04,Sub-Saharan Africa,Uganda,Adjumani,Post-emergency,209540,334,14,90,11,10,68,698
2023-04,Sub-Saharan Africa,Uganda,Kyaka II,Post-emergency,120111,630,10,100,12,7,57,480
2023-03,Sub-Saharan Africa,Cameroon,Borgop,Post-emergency,11054,NA,18,NA,18,9,33,502
2023-03,Sub-Saharan Africa,Cameroon,Gado,Post-emergency,25238,0,15,NA,29,15,20,1009
2023-03,Sub-Saharan Africa,Cameroon,Lolo,Post-emergency,11700,390,16,NA,29,15,20,585
2023-03,Sub-Saharan Africa,Cameroon,Mbile,Post-emergency,10822,NA,14,NA,16,8,37,432
2023-03,Sub-Saharan Africa,Cameroon,Minawao,Post-emergency,79632,246,14,NA,25,13,15,2275
2023-03,Sub-Saharan Africa,Cameroon,Ngam,Post-emergency,6692,NA,19,NA,11,6,53,446
2023-03,Sub-Saharan Africa,Cameroon,Ngarisingo,Post-emergency,1332,NA,18,NA,12,6,47,444
2023-03,Sub-Saharan Africa,Cameroon,Timangolo,Post-emergency,6683,0,13,NA,21,11,28,477
2023-03,Sub-Saharan Africa,Chad,Amnabak,Post-emergency,28867,1320,5,93,NA,31,12,9622
2023-03,Sub-Saharan Africa,Chad,Dar Es Salam,Post-emergency,18200,423,20,100,18,20,17,3640
2023-03,Sub-Saharan Africa,Chad,Iridimi,Post-emergency,25419,135,10,93,NA,19,23,8473
2023-03,Sub-Saharan Africa,Chad,Kounoungou,Post-emergency,23765,84,15,100,NA,18,26,4753
2023-03,Sub-Saharan Africa,Chad,Mile,Post-emergency,28004,150,16,92,NA,18,26,5600
2023-03,Sub-Saharan Africa,Chad,Oure Cassoni,Post-emergency,36500,230,10,93,NA,16,22,12166
2023-03,Sub-Saharan Africa,Chad,Touloum,Post-emergency,32152,133,11,92,NA,43,10,10717
2023-03,Sub-Saharan Africa,Djibouti,Ali Adde,Post-emergency,17134,78,16,100,NA,13,27,4283
2023-03,Sub-Saharan Africa,Djibouti,Holl Holl,Post-emergency,7188,79,9,100,3594,24,13,3594
2023-03,Sub-Saharan Africa,Ethiopia,Awbarre,Post-emergency,13040,2829,31,0,7,8,66,652
2023-03,Sub-Saharan Africa,Ethiopia,Bambasi,Post-emergency,20277,137,18,100,NA,17,29,1843
2023-03,Sub-Saharan Africa,Ethiopia,Bokolmanyo,Post-emergency,32220,NA,17,95,NA,51,12,3222
2023-03,Sub-Saharan Africa,Ethiopia,Buramino,Post-emergency,47106,NA,10,100,NA,89,6,NA
2023-03,Sub-Saharan Africa,Ethiopia,Hilaweyn,Post-emergency,48653,NA,16,100,NA,68,7,NA
2023-03,Sub-Saharan Africa,Ethiopia,Melkadida,Post-emergency,41670,NA,14,67,NA,26,15,NA
2023-03,Sub-Saharan Africa,Ethiopia,Nguenyyiel,Post-emergency,111407,159,13,96,21,33,12,1092
2023-03,Sub-Saharan Africa,Ethiopia,Sheder,Post-emergency,14463,1288,22,0,89,8,62,723
2023-03,Sub-Saharan Africa,Ethiopia,Sherkole,Post-emergency,12676,149,12,100,NA,11,38,1056
2023-03,Sub-Saharan Africa,Ethiopia,Tierkidi,Post-emergency,71458,217,9,95,300,100,5,NA
2023-03,Sub-Saharan Africa,Ethiopia,Tsore Camp (Assosa),Post-emergency,43795,173,13,100,27,19,16,2305
2023-03,Western Asia,Iraq,Arbat,Post-emergency,9111,NA,84,100,5,5,100,NA
2023-03,Western Asia,Iraq,Basirma,Post-emergency,2275,5,81,100,5,6,100,758
2023-03,Western Asia,Iraq,Kawergosk,Post-emergency,7765,6,126,100,5,6,100,970
2023-03,Western Asia,Iraq,Qushtapa,Post-emergency,8369,7,111,100,6,6,100,95
2023-03,Sub-Saharan Africa,Kenya,Dagahaley,Post-emergency,129354,153,20,81,NA,11,46,3079
2023-03,Sub-Saharan Africa,Kenya,Hagadera,Post-emergency,125463,151,20,92,NA,8,62,1493
2023-03,Sub-Saharan Africa,Kenya,Ifo,Post-emergency,113191,99,17,69,NA,10,49,2695
2023-03,Sub-Saharan Africa,Niger,Abala,Post-emergency,10000,109,10,NA,NA,18,11,3333
2023-03,Sub-Saharan Africa,Niger,Chadakori,Post-emergency,3190,152,9,NA,35,35,0,199
2023-03,Sub-Saharan Africa,Niger,Dandaji Makao,Post-emergency,2789,279,9,NA,32,33,0,174
2023-03,Sub-Saharan Africa,Niger,Garin Kaka,Post-emergency,1604,115,25,NA,29,25,0,100
2023-03,Sub-Saharan Africa,Niger,Ouallam,Post-emergency,6241,156,13,NA,20,20,21,NA
2023-03,Sub-Saharan Africa,Niger,Sayam Forage,Post-emergency,33026,438,8,NA,27,18,16,8256
2023-03,Sub-Saharan Africa,Nigeria,Adagom,Post-emergency,10140,83,12,33,35,20,8,1014
2023-03,Sub-Saharan Africa,Nigeria,Ikyogen,Post-emergency,7570,223,9,100,37,38,13,1261
2023-03,Sub-Saharan Africa,Rwanda,Kigeme,Post-emergency,14635,80,15,100,42,34,0,813
2023-03,Sub-Saharan Africa,Rwanda,Kiziba,Post-emergency,15818,98,28,100,46,21,0,343
2023-03,Sub-Saharan Africa,Rwanda,Mahama,Post-emergency,58248,76,24,100,17,17,0,455
2023-03,Sub-Saharan Africa,Rwanda,Mugombwa,Post-emergency,11536,73,25,100,36,25,0,824
2023-03,Sub-Saharan Africa,Rwanda,Nyabiheke,Post-emergency,12928,81,16,100,43,18,0,349
2023-03,Sub-Saharan Africa,South Sudan,Ajoung Thok,Post-emergency,38312,351,33,76,6,6,0,589
2023-03,Sub-Saharan Africa,South Sudan,Doro,Post-emergency,69854,128,17,100,NA,18,28,1995
2023-03,Sub-Saharan Africa,South Sudan,Gendrassa,Post-emergency,17252,127,21,100,NA,13,38,862
2023-03,Sub-Saharan Africa,South Sudan,Kaya,Post-emergency,27657,107,19,100,NA,11,44,1106
2023-03,Sub-Saharan Africa,South Sudan,Pamir,Post-emergency,38530,476,23,76,9,8,58,740
2023-03,Sub-Saharan Africa,South Sudan,Yusuf Batil,Post-emergency,49862,125,17,100,NA,13,42,1994
2023-03,Northern Africa,Sudan,Abu Jubaiha Town,Post-emergency,2781,NA,0,NA,NA,10,41,NA
2023-03,Northern Africa,Sudan,Abuda,Post-emergency,3530,65,61,NA,NA,6,60,NA
2023-03,Northern Africa,Sudan,Abunowara,Post-emergency,367,NA,272,NA,NA,5,73,24
2023-03,Northern Africa,Sudan,Dar Batti,Post-emergency,15877,NA,1,NA,NA,18,22,NA
2023-03,Northern Africa,Sudan,"Elleri West7 (Dar Batti, El Gokhop and Um Kawarow)",Post-emergency,450,NA,44,NA,NA,5,78,NA
2023-03,Northern Africa,Sudan,Gedied,Post-emergency,1584,NA,0,NA,NA,14,25,144
2023-03,Northern Africa,Sudan,Girba,Post-emergency,6344,211,61,NA,NA,9,45,NA
2023-03,Northern Africa,Sudan,Gurayd,Post-emergency,1190,NA,0,NA,NA,10,37,119
2023-03,Northern Africa,Sudan,Kilo 26,Post-emergency,9833,328,44,NA,NA,8,50,NA
2023-03,Northern Africa,Sudan,Shagarab I,Post-emergency,63527,429,12,NA,NA,16,14,NA
2023-03,Northern Africa,Sudan,Sirajiya,Post-emergency,5882,NA,0,NA,36,18,21,130
2023-03,Northern Africa,Sudan,Tunaydba,Post-emergency,22168,47,33,84,14,9,10,330
2023-03,Northern Africa,Sudan,Wad Sharife,Post-emergency,17789,129,28,NA,NA,9,42,NA
2023-03,Sub-Saharan Africa,Tanzania,Nduta,Post-emergency,76762,70,30,81,NA,5,89,882
2023-03,Sub-Saharan Africa,Tanzania,Nyarugusu Burundian,Post-emergency,48515,67,23,94,NA,6,69,898
2023-03,Sub-Saharan Africa,Tanzania,Nyarugusu Congolese,Post-emergency,80789,123,25,92,NA,6,75,1077
2023-03,Sub-Saharan Africa,Uganda,Adjumani,Post-emergency,209528,334,14,80,11,10,68,698
2023-03,Sub-Saharan Africa,Uganda,Kyaka II,Post-emergency,118986,672,12,100,12,6,57,475
2023-03,Sub-Saharan Africa,Uganda,Oruchinga,Post-emergency,7882,171,20,81,NA,NA,0,NA
2023-02,Sub-Saharan Africa,Angola,Lovua settlement,Post-emergency,6467,65,20,NA,6,5,73,1077
2023-02,Sub-Saharan Africa,Cameroon,Borgop,Post-emergency,11060,NA,18,NA,17,9,34,502
2023-02,Sub-Saharan Africa,Cameroon,Gado,Post-emergency,25307,0,14,NA,30,15,19,1012
2023-02,Sub-Saharan Africa,Cameroon,Lolo,Post-emergency,11688,390,14,NA,28,14,21,584
2023-02,Sub-Saharan Africa,Cameroon,Mbile,Post-emergency,10810,NA,15,NA,16,8,36,432
2023-02,Sub-Saharan Africa,Cameroon,Minawao,Post-emergency,77272,246,15,NA,24,12,15,2207
2023-02,Sub-Saharan Africa,Cameroon,Ngam,Post-emergency,6930,NA,18,NA,11,6,52,462
2023-02,Sub-Saharan Africa,Cameroon,Ngarisingo,Post-emergency,1334,NA,17,NA,12,6,49,444
2023-02,Sub-Saharan Africa,Cameroon,Timangolo,Post-emergency,6680,0,13,NA,20,10,29,477
2023-02,Sub-Saharan Africa,Chad,Amboko,Post-emergency,10700,417,13,NA,21,21,21,5350
2023-02,Sub-Saharan Africa,Chad,Amnabak,Post-emergency,27275,1251,5,92,NA,30,16,9091
2023-02,Sub-Saharan Africa,Chad,Beakoro,Post-emergency,245,210,30,NA,7,8,53,245
2023-02,Sub-Saharan Africa,Chad,Bekan,Post-emergency,4780,NA,11,NA,36,37,12,4780
2023-02,Sub-Saharan Africa,Chad,Belom,Post-emergency,23774,357,14,NA,143,143,3,5943
2023-02,Sub-Saharan Africa,Chad,Daha,Post-emergency,1103,NA,21,NA,64,65,4,1103
2023-02,Sub-Saharan Africa,Chad,Dar Es Salam,Post-emergency,17959,418,20,100,18,20,17,3591
2023-02,Sub-Saharan Africa,Chad,Dembo,Post-emergency,7293,417,7,NA,35,36,10,3646
2023-02,Sub-Saharan Africa,Chad,Dilingala,Post-emergency,3331,417,11,NA,35,35,11,3331
2023-02,Sub-Saharan Africa,Chad,Doholo,Post-emergency,12838,NA,13,NA,16,16,24,4279
2023-02,Sub-Saharan Africa,Chad,Dosseye,Post-emergency,14562,417,17,NA,8,9,49,4854
2023-02,Sub-Saharan Africa,Chad,Gon,Post-emergency,3866,417,14,NA,33,34,11,3866
2023-02,Sub-Saharan Africa,Chad,Gondje,Post-emergency,9938,417,9,NA,41,42,11,4969
2023-02,Sub-Saharan Africa,Chad,Iridimi,Post-emergency,24645,131,0,92,NA,15,31,8215
2023-02,Sub-Saharan Africa,Chad,Kounoungou,Post-emergency,22961,83,17,93,NA,17,27,4592
2023-02,Sub-Saharan Africa,Chad,Massambagne,Post-emergency,7366,368,6,NA,25,26,16,3683
2023-02,Sub-Saharan Africa,Chad,Mile,Post-emergency,28004,150,13,93,NA,19,25,5600
2023-02,Sub-Saharan Africa,Chad,Moyo,Post-emergency,7600,NA,18,NA,45,36,9,3800
2023-02,Sub-Saharan Africa,Chad,Oure Cassoni,Post-emergency,35614,224,12,0,NA,16,29,11871
2023-02,Sub-Saharan Africa,Chad,Silambi,Post-emergency,666,NA,28,NA,3,4,100,666
2023-02,Sub-Saharan Africa,Chad,Touloum,Post-emergency,32073,133,11,93,NA,43,11,10691
2023-02,Sub-Saharan Africa,Djibouti,Ali Adde,Post-emergency,17134,78,22,100,NA,13,27,4283
2023-02,Sub-Saharan Africa,Djibouti,Holl Holl,Post-emergency,7188,79,11,100,3594,24,13,3594
2023-02,Sub-Saharan Africa,Ethiopia,Bambasi,Post-emergency,20221,137,16,100,NA,17,29,1838
2023-02,Sub-Saharan Africa,Ethiopia,Bokolmanyo,Post-emergency,32184,NA,16,96,NA,NA,0,NA
2023-02,Sub-Saharan Africa,Ethiopia,Buramino,Post-emergency,47001,NA,12,100,NA,89,6,NA
2023-02,Sub-Saharan Africa,Ethiopia,Hilaweyn,Post-emergency,48620,NA,17,100,NA,68,7,NA
2023-02,Sub-Saharan Africa,Ethiopia,Kobe,Post-emergency,37418,NA,20,95,NA,49,8,NA
2023-02,Sub-Saharan Africa,Ethiopia,Melkadida,Post-emergency,41595,NA,13,80,NA,26,15,NA
2023-02,Sub-Saharan Africa,Ethiopia,Nguenyyiel,Post-emergency,111407,NA,0,100,21,33,12,1092
2023-02,Sub-Saharan Africa,Ethiopia,Sherkole,Post-emergency,12359,147,16,100,NA,10,39,1029
2023-02,Sub-Saharan Africa,Ethiopia,Tierkidi,Post-emergency,71458,217,9,95,300,100,5,NA
2023-02,Sub-Saharan Africa,Ethiopia,Tsore Camp (Assosa),Post-emergency,44048,174,15,100,27,19,16,2318
2023-02,Western Asia,Iraq,Arbat,Post-emergency,9111,NA,84,100,5,5,100,NA
2023-02,Western Asia,Iraq,Basirma,Post-emergency,2275,5,81,100,5,6,100,758
2023-02,Western Asia,Iraq,Kawergosk,Post-emergency,7765,6,126,100,5,6,100,970
2023-02,Western Asia,Iraq,Qushtapa,Post-emergency,8369,7,111,100,6,6,100,95
2023-02,Sub-Saharan Africa,Kenya,Dagahaley,Post-emergency,117852,140,21,97,NA,10,50,2806
2023-02,Sub-Saharan Africa,Kenya,Hagadera,Post-emergency,125424,151,17,92,NA,8,62,1493
2023-02,Sub-Saharan Africa,Kenya,Ifo,Post-emergency,110814,97,22,65,NA,10,50,2638
2023-02,Sub-Saharan Africa,Malawi,Dzaleka,Post-emergency,49883,293,17,100,10,7,51,142
2023-02,Sub-Saharan Africa,Niger,Abala,Post-emergency,10000,109,11,NA,NA,18,11,3333
2023-02,Sub-Saharan Africa,Niger,Chadakori,Post-emergency,3190,152,12,NA,35,35,0,199
2023-02,Sub-Saharan Africa,Niger,Dandaji Makao,Post-emergency,2789,279,10,NA,32,33,0,174
2023-02,Sub-Saharan Africa,Niger,Garin Kaka,Post-emergency,1604,115,21,NA,29,25,0,100
2023-02,Sub-Saharan Africa,Niger,Ouallam,Post-emergency,6241,156,13,NA,20,20,21,NA
2023-02,Sub-Saharan Africa,Nigeria,Adagom,Post-emergency,10140,84,0,100,35,18,10,1014
2023-02,Sub-Saharan Africa,Nigeria,Ikyogen,Post-emergency,7600,NA,2,100,38,38,13,1266
2023-02,Sub-Saharan Africa,Rwanda,Kigeme,Post-emergency,14613,80,14,100,42,34,0,811
2023-02,Sub-Saharan Africa,Rwanda,Kiziba,Post-emergency,16020,102,30,100,47,22,0,348
2023-02,Sub-Saharan Africa,Rwanda,Mahama,Post-emergency,58248,76,25,100,17,17,0,582
2023-02,Sub-Saharan Africa,Rwanda,Mugombwa,Post-emergency,11522,73,25,100,36,25,0,823
2023-02,Sub-Saharan Africa,Rwanda,Nyabiheke,Post-emergency,13103,83,17,100,44,18,0,354
2023-02,Sub-Saharan Africa,South Sudan,Ajoung Thok,Post-emergency,38012,352,33,NA,6,6,0,584
2023-02,Sub-Saharan Africa,South Sudan,Doro,Post-emergency,69854,128,18,100,NA,18,28,1995
2023-02,Sub-Saharan Africa,South Sudan,Gendrassa,Post-emergency,17252,127,21,100,NA,13,38,862
2023-02,Sub-Saharan Africa,South Sudan,Kaya,Post-emergency,27657,107,20,100,NA,11,44,1106
2023-02,Sub-Saharan Africa,South Sudan,Pamir,Post-emergency,38207,472,23,NA,9,8,59,734
2023-02,Sub-Saharan Africa,South Sudan,Yusuf Batil,Post-emergency,49862,125,16,100,NA,13,42,1994
2023-02,Northern Africa,Sudan,Abu Jubaiha Town,Post-emergency,2781,NA,0,NA,NA,10,41,NA
2023-02,Northern Africa,Sudan,Dar Batti,Post-emergency,15877,NA,1,NA,NA,18,22,NA
2023-02,Northern Africa,Sudan,"Elleri West7 (Dar Batti, El Gokhop and Um Kawarow)",Post-emergency,450,NA,44,NA,NA,5,78,NA
2023-02,Northern Africa,Sudan,Gedied,Post-emergency,1584,NA,0,NA,NA,14,25,144
2023-02,Northern Africa,Sudan,Gurayd,Post-emergency,1190,NA,0,NA,NA,10,37,119
2023-02,Northern Africa,Sudan,Sirajiya,Post-emergency,5882,NA,0,NA,36,18,21,130
2023-02,Northern Africa,Sudan,Tunaydba,Post-emergency,NA,0,NA,NA,0,0,0,0
2023-02,Sub-Saharan Africa,Tanzania,Nduta,Post-emergency,76742,68,33,82,NA,5,89,791
2023-02,Sub-Saharan Africa,Tanzania,Nyarugusu Burundian,Post-emergency,49481,68,25,95,NA,6,90,916
2023-02,Sub-Saharan Africa,Tanzania,Nyarugusu Congolese,Post-emergency,79823,121,25,88,NA,6,74,1064
2023-02,Sub-Saharan Africa,Uganda,Adjumani,Post-emergency,208672,332,14,93,11,10,100,695
2023-02,Sub-Saharan Africa,Uganda,Kyaka II,Post-emergency,118986,672,13,100,12,6,57,475
2023-02,Sub-Saharan Africa,Uganda,Nakivale,Post-emergency,166344,NA,13,98,NA,NA,0,NA
2023-02,Sub-Saharan Africa,Uganda,Oruchinga,Post-emergency,8601,184,20,91,NA,NA,0,NA
2023-02,Sub-Saharan Africa,Zimbabwe,Tongogara,Post-emergency,15757,NA,19,NA,NA,NA,0,NA
2023-01,Sub-Saharan Africa,Cameroon,Borgop,Post-emergency,10975,NA,18,NA,17,9,35,498
2023-01,Sub-Saharan Africa,Cameroon,Gado,Post-emergency,25337,0,14,NA,30,15,19,1013
2023-01,Sub-Saharan Africa,Cameroon,Lolo,Post-emergency,11686,390,14,NA,28,14,21,584
2023-01,Sub-Saharan Africa,Cameroon,Mbile,Post-emergency,10802,NA,15,NA,15,8,38,432
2023-01,Sub-Saharan Africa,Cameroon,Minawao,Post-emergency,76272,246,15,NA,24,12,16,2179
2023-01,Sub-Saharan Africa,Cameroon,Ngam,Post-emergency,6850,NA,18,NA,11,6,52,456
2023-01,Sub-Saharan Africa,Cameroon,Ngarisingo,Post-emergency,1334,NA,17,NA,12,6,49,444
2023-01,Sub-Saharan Africa,Cameroon,Timangolo,Post-emergency,6680,0,13,NA,20,10,29,477
2023-01,Sub-Saharan Africa,Chad,Bekan,Post-emergency,4780,NA,11,NA,36,37,12,4780
2023-01,Sub-Saharan Africa,Chad,Belom,Post-emergency,23774,357,16,NA,143,143,3,5943
2023-01,Sub-Saharan Africa,Chad,Daha,Post-emergency,1103,NA,21,NA,64,65,4,1103
2023-01,Sub-Saharan Africa,Chad,Dar Es Salam,Post-emergency,17760,555,22,60,18,21,16,3552
2023-01,Sub-Saharan Africa,Chad,Dembo,Post-emergency,7293,1216,11,NA,35,36,10,3646
2023-01,Sub-Saharan Africa,Chad,Dilingala,Post-emergency,3331,417,11,NA,35,35,11,3331
2023-01,Sub-Saharan Africa,Chad,Doholo,Post-emergency,12838,NA,13,NA,16,16,24,4279
2023-01,Sub-Saharan Africa,Chad,Dosseye,Post-emergency,14562,417,18,NA,8,9,49,4854
2023-01,Sub-Saharan Africa,Chad,Gon,Post-emergency,3866,417,14,NA,33,34,11,3866
2023-01,Sub-Saharan Africa,Chad,Gondje,Post-emergency,9938,417,14,NA,41,42,11,4969
2023-01,Sub-Saharan Africa,Chad,Massambagne,Post-emergency,7366,375,6,NA,25,26,16,NA
2023-01,Sub-Saharan Africa,Chad,Moyo,Post-emergency,7600,NA,21,NA,45,46,9,3800
2023-01,Sub-Saharan Africa,Chad,Silambi,Post-emergency,666,NA,28,NA,3,4,100,666
2023-01,Sub-Saharan Africa,Djibouti,Ali Adde,Post-emergency,17134,78,16,100,NA,13,27,4283
2023-01,Sub-Saharan Africa,Djibouti,Holl Holl,Post-emergency,7188,79,9,NA,3594,24,13,3594
2023-01,Sub-Saharan Africa,Ethiopia,Bambasi,Post-emergency,20196,136,15,100,NA,17,29,1836
2023-01,Sub-Saharan Africa,Ethiopia,Bokolmanyo,Post-emergency,32253,NA,16,NA,NA,NA,0,NA
2023-01,Sub-Saharan Africa,Ethiopia,Buramino,Post-emergency,46797,NA,12,100,NA,89,6,NA
2023-01,Sub-Saharan Africa,Ethiopia,Hilaweyn,Post-emergency,48539,NA,18,100,NA,67,7,NA
2023-01,Sub-Saharan Africa,Ethiopia,Melkadida,Post-emergency,41522,NA,13,92,NA,26,15,NA
2023-01,Sub-Saharan Africa,Ethiopia,Nguenyyiel,Post-emergency,111407,NA,15,50,21,33,12,2652
2023-01,Sub-Saharan Africa,Ethiopia,Sherkole,Post-emergency,12329,147,12,100,NA,10,39,1027
2023-01,Sub-Saharan Africa,Ethiopia,Tierkidi,Post-emergency,71458,217,10,97,300,24,21,NA
2023-01,Sub-Saharan Africa,Ethiopia,Tsore Camp (Assosa),Post-emergency,43927,173,14,100,NA,19,16,2311
2023-01,Western Asia,Iraq,Arbat,Post-emergency,9111,NA,84,100,5,5,100,NA
2023-01,Western Asia,Iraq,Basirma,Post-emergency,2273,5,81,100,5,6,100,757
2023-01,Western Asia,Iraq,Kawergosk,Post-emergency,7760,6,126,100,5,6,100,970
2023-01,Western Asia,Iraq,Qushtapa,Post-emergency,8365,7,111,100,6,6,100,95
2023-01,Sub-Saharan Africa,Kenya,Dagahaley,Post-emergency,110485,131,22,96,NA,9,53,2630
2023-01,Sub-Saharan Africa,Kenya,Hagadera,Post-emergency,121451,146,16,96,NA,7,64,1445
2023-01,Sub-Saharan Africa,Kenya,Ifo,Post-emergency,103623,90,24,84,NA,9,53,2467
2023-01,Sub-Saharan Africa,Malawi,Dzaleka,Post-emergency,57063,336,15,100,11,8,38,163
2023-01,Sub-Saharan Africa,Niger,Abala,Post-emergency,10000,109,10,NA,NA,18,11,3333
2023-01,Sub-Saharan Africa,Niger,Chadakori,Post-emergency,3190,152,6,NA,35,35,0,199
2023-01,Sub-Saharan Africa,Niger,Dandaji Makao,Post-emergency,2789,279,15,NA,32,33,0,174
2023-01,Sub-Saharan Africa,Niger,Garin Kaka,Post-emergency,1604,115,29,NA,29,25,0,100
2023-01,Sub-Saharan Africa,Niger,Ouallam,Post-emergency,6249,156,21,NA,20,20,21,NA
2023-01,Sub-Saharan Africa,Nigeria,Adagom,Post-emergency,10140,98,17,100,35,35,10,1014
2023-01,Sub-Saharan Africa,Nigeria,Ikyogen,Post-emergency,7600,224,9,100,38,38,13,1520
2023-01,Sub-Saharan Africa,Rwanda,Kigeme,Post-emergency,14578,80,15,100,42,34,0,809
2023-01,Sub-Saharan Africa,Rwanda,Kiziba,Post-emergency,16059,53,30,100,49,22,0,349
2023-01,Sub-Saharan Africa,Rwanda,Mahama,Post-emergency,58256,76,25,100,17,17,0,582
2023-01,Sub-Saharan Africa,Rwanda,Mugombwa,Post-emergency,11495,73,22,100,36,24,0,821
2023-01,Sub-Saharan Africa,Rwanda,Nyabiheke,Post-emergency,13188,83,16,100,44,18,0,356
2023-01,Sub-Saharan Africa,South Sudan,Ajoung Thok,Post-emergency,37883,351,30,NA,6,6,0,582
2023-01,Sub-Saharan Africa,South Sudan,Doro,Post-emergency,69854,128,18,0,NA,18,28,1995
2023-01,Sub-Saharan Africa,South Sudan,Gendrassa,Post-emergency,17252,127,21,100,NA,13,38,862
2023-01,Sub-Saharan Africa,South Sudan,Kaya,Post-emergency,27657,107,23,100,NA,11,44,1106
2023-01,Sub-Saharan Africa,South Sudan,Pamir,Post-emergency,46828,578,17,NA,11,9,43,900
2023-01,Northern Africa,Sudan,Abu Jubaiha Town,Post-emergency,2781,NA,0,NA,NA,10,41,NA
2023-01,Northern Africa,Sudan,Abuda,Post-emergency,3531,75,30,0,NA,NA,0,NA
2023-01,Northern Africa,Sudan,Dar Batti,Post-emergency,15877,NA,1,NA,NA,18,22,NA
2023-01,Northern Africa,Sudan,"Elleri West7 (Dar Batti, El Gokhop and Um Kawarow)",Post-emergency,450,NA,44,NA,NA,5,78,NA
2023-01,Northern Africa,Sudan,Fau 5,Post-emergency,850,43,34,50,7,7,50,425
2023-01,Northern Africa,Sudan,Gedied,Post-emergency,1584,NA,0,NA,NA,14,25,144
2023-01,Northern Africa,Sudan,Girba,Post-emergency,6283,240,56,100,NA,9,44,NA
2023-01,Northern Africa,Sudan,Gurayd,Post-emergency,1190,NA,0,NA,NA,10,37,119
2023-01,Northern Africa,Sudan,Kilo 26,Post-emergency,9855,378,41,0,NA,8,50,NA
2023-01,Northern Africa,Sudan,Shagarab I,Post-emergency,64619,437,14,50,NA,17,13,NA
2023-01,Northern Africa,Sudan,Sirajiya,Post-emergency,5882,NA,0,NA,36,18,21,130
2023-01,Northern Africa,Sudan,Tunaydba,Post-emergency,21987,51,29,96,14,10,8,328
2023-01,Northern Africa,Sudan,Um Gargour,Post-emergency,11257,357,14,57,18,7,1,562
2023-01,Northern Africa,Sudan,Um Rakuba,Post-emergency,16692,45,25,48,27,9,9,451
2023-01,Northern Africa,Sudan,Wad Sharife,Post-emergency,17805,149,33,100,NA,NA,0,NA
2023-01,Sub-Saharan Africa,Tanzania,Nduta,Post-emergency,76647,68,25,NA,NA,4,90,790
2023-01,Sub-Saharan Africa,Tanzania,Nyarugusu Burundian,Post-emergency,49618,74,25,89,NA,5,85,918
2023-01,Sub-Saharan Africa,Tanzania,Nyarugusu Congolese,Post-emergency,80085,128,26,89,NA,6,74,1067
2023-01,Sub-Saharan Africa,Uganda,Adjumani,Post-emergency,208672,332,14,92,11,10,68,695
2023-01,Sub-Saharan Africa,Uganda,Kyaka II,Post-emergency,118986,672,13,100,12,6,57,475
2023-01,Sub-Saharan Africa,Uganda,Nakivale,Post-emergency,166344,NA,14,92,NA,NA,0,NA
2023-01,Sub-Saharan Africa,Uganda,Oruchinga,Post-emergency,8601,NA,21,91,NA,NA,0,NA
2023-01,Sub-Saharan Africa,Niger,Sayam Forage,Post-emergency,31594,420,7,100,28,18,17,7898
2022-12,Northern Africa,Algeria,Auserd,Post-emergency,18638,28,48,NA,4,5,94,1242
2022-12,Northern Africa,Algeria,Boujdour,Post-emergency,9601,NA,39,NA,4,5,94,960
2022-12,Northern Africa,Algeria,Dakhla,Post-emergency,10870,49,72,NA,4,5,98,724
2022-12,Northern Africa,Algeria,Layounne,Post-emergency,25503,31,31,NA,5,5,88,1700
2022-12,Northern Africa,Algeria,Smara,Post-emergency,25389,89,45,NA,5,5,87,1493
2022-12,Sub-Saharan Africa,Angola,Lovua settlement,Post-emergency,6410,64,20,NA,6,6,76,1068
2022-12,Sub-Saharan Africa,Cameroon,Borgop,Post-emergency,10975,NA,20,NA,12,6,39,498
2022-12,Sub-Saharan Africa,Cameroon,Gado,Post-emergency,25337,0,17,NA,18,9,26,1013
2022-12,Sub-Saharan Africa,Cameroon,Lolo,Post-emergency,11686,390,16,NA,19,10,26,584
2022-12,Sub-Saharan Africa,Cameroon,Mbile,Post-emergency,10802,NA,17,NA,13,7,37,432
2022-12,Sub-Saharan Africa,Cameroon,Minawao,Post-emergency,76063,246,13,NA,26,12,26,2173
2022-12,Sub-Saharan Africa,Cameroon,Ngam,Post-emergency,6860,NA,18,NA,10,5,47,457
2022-12,Sub-Saharan Africa,Cameroon,Ngarisingo,Post-emergency,1334,NA,15,NA,8,4,57,444
2022-12,Sub-Saharan Africa,Cameroon,Timangolo,Post-emergency,6680,0,17,NA,14,7,34,477
2022-12,Sub-Saharan Africa,Chad,Dar Es Salam,Post-emergency,17760,555,19,100,18,21,16,1480
2022-12,Sub-Saharan Africa,Djibouti,Ali Adde,Post-emergency,17292,79,15,100,NA,13,31,4323
2022-12,Sub-Saharan Africa,Djibouti,Holl Holl,Post-emergency,7276,80,15,100,3638,25,9,3638
2022-12,Sub-Saharan Africa,Ethiopia,Awbarre,Post-emergency,12600,2801,17,33,7,7,68,630
2022-12,Sub-Saharan Africa,Ethiopia,Bambasi,Post-emergency,43894,278,8,100,NA,36,12,3376
2022-12,Sub-Saharan Africa,Ethiopia,Bokolmanyo,Post-emergency,32441,NA,15,99,NA,21,13,NA
2022-12,Sub-Saharan Africa,Ethiopia,Kobe,Post-emergency,37208,NA,16,93,NA,50,7,NA
2022-12,Sub-Saharan Africa,Ethiopia,Sheder,Post-emergency,12529,1297,14,0,77,7,71,626
2022-12,Sub-Saharan Africa,Ethiopia,Sherkole,Post-emergency,12319,62,19,100,10,10,39,1026
2022-12,Sub-Saharan Africa,Ethiopia,Tsore Camp (Assosa),Post-emergency,43894,173,14,100,NA,19,16,2310
2022-12,Sub-Saharan Africa,Ghana,Ampain,Post-emergency,2517,37,69,67,22,16,0,148
2022-12,Sub-Saharan Africa,Ghana,Egyeikrom,Post-emergency,441,NA,113,NA,4,4,0,33
2022-12,Sub-Saharan Africa,Ghana,Fetentaa,Post-emergency,339,NA,55,25,9,3,3,33
2022-12,Sub-Saharan Africa,Ghana,Krisan,Post-emergency,779,97,24,100,2,12,0,111
2022-12,Western Asia,Iraq,Arbat,Post-emergency,9105,NA,85,100,5,5,100,NA
2022-12,Western Asia,Iraq,Basirma,Post-emergency,2270,5,81,100,5,6,100,756
2022-12,Western Asia,Iraq,Kawergosk,Post-emergency,7758,6,128,100,5,6,100,969
2022-12,Western Asia,Iraq,Qushtapa,Post-emergency,8361,7,112,100,6,6,100,95
2022-12,Sub-Saharan Africa,Malawi,Dzaleka,Post-emergency,56576,372,15,100,11,8,38,165
2022-12,Sub-Saharan Africa,Niger,Garin Kaka,Post-emergency,4359,311,16,NA,80,69,0,272
2022-12,Sub-Saharan Africa,Niger,Sayam Forage,Post-emergency,31594,361,7,100,28,17,18,7898
2022-12,Sub-Saharan Africa,Nigeria,Adagam 3,Post-emergency,2080,87,21,100,18,17,24,520
2022-12,Sub-Saharan Africa,Nigeria,Adagom,Post-emergency,10170,98,22,100,29,20,17,1017
2022-12,Sub-Saharan Africa,Nigeria,Ikyogen,Post-emergency,6090,238,13,100,30,16,22,1218
2022-12,Sub-Saharan Africa,Nigeria,Ukende,Post-emergency,3510,50,17,100,23,21,6,585
2022-12,Sub-Saharan Africa,Rwanda,Kigeme,Post-emergency,14551,80,14,100,42,34,0,661
2022-12,Sub-Saharan Africa,Rwanda,Kiziba,Post-emergency,16157,53,27,100,47,22,0,252
2022-12,Sub-Saharan Africa,Rwanda,Mahama,Post-emergency,58256,76,24,100,16,16,0,455
2022-12,Sub-Saharan Africa,Rwanda,Mugombwa,Post-emergency,11457,73,25,100,36,24,0,954
2022-12,Sub-Saharan Africa,Rwanda,Nyabiheke,Post-emergency,13289,84,21,100,45,18,0,830
2022-12,Sub-Saharan Africa,Uganda,Adjumani,Post-emergency,208008,428,14,73,11,10,68,693
2022-07,Southern Asia,Bangladesh,Camp 17,NA,NA,NA,NA,NA,NA,NA,0,NA
2022-07,Southern Asia,Bangladesh,Camp 1E,NA,NA,NA,NA,NA,NA,NA,0,NA
2022-07,Southern Asia,Bangladesh,Camp 21,NA,NA,NA,NA,NA,NA,NA,0,NA
2022-07,Southern Asia,Bangladesh,Camp 26,NA,NA,NA,NA,NA,NA,NA,0,NA
2022-07,Southern Asia,Bangladesh,Camp 27,NA,NA,NA,NA,NA,NA,NA,0,NA
2022-07,Southern Asia,Bangladesh,Camp 2E,NA,NA,NA,NA,NA,NA,NA,0,NA
2022-07,Southern Asia,Bangladesh,Camp 2W,NA,NA,NA,NA,NA,NA,NA,0,NA
2022-07,Southern Asia,Bangladesh,Camp 3,NA,NA,NA,NA,NA,NA,NA,0,NA
2022-07,Southern Asia,Bangladesh,Camp 4,NA,NA,NA,NA,NA,NA,NA,0,NA
2022-07,Southern Asia,Bangladesh,Camp 4 Ext,NA,NA,NA,NA,NA,NA,NA,0,NA
2022-07,Southern Asia,Bangladesh,Camp 5,NA,NA,NA,NA,NA,NA,NA,0,NA
2022-07,Southern Asia,Bangladesh,Kutupalong,NA,NA,NA,NA,NA,NA,NA,0,NA
2022-07,Southern Asia,Bangladesh,Nayapara,NA,NA,NA,NA,NA,NA,NA,0,NA
2022-07,Sub-Saharan Africa,Cameroon,Borgop,NA,NA,NA,NA,NA,NA,NA,17,NA
2022-07,Sub-Saharan Africa,Cameroon,Gado,NA,NA,NA,NA,NA,NA,NA,22,NA
2022-07,Sub-Saharan Africa,Cameroon,Lolo,NA,NA,NA,NA,NA,NA,NA,30,NA
2022-07,Sub-Saharan Africa,Cameroon,Mbile,NA,NA,NA,NA,NA,NA,NA,35,NA
2022-07,Sub-Saharan Africa,Cameroon,Minawao,NA,NA,NA,NA,NA,NA,NA,26,NA
2022-07,Sub-Saharan Africa,Cameroon,Ngam,NA,NA,NA,NA,NA,NA,NA,30,NA
2022-07,Sub-Saharan Africa,Cameroon,Ngarisingo,NA,NA,NA,NA,NA,NA,NA,17,NA
2022-07,Sub-Saharan Africa,Cameroon,Timangolo,NA,NA,NA,NA,NA,NA,NA,52,NA
2022-07,Sub-Saharan Africa,Democratic Republic of the Congo,Boyabu,NA,NA,NA,NA,NA,NA,NA,71.7,NA
2022-07,Sub-Saharan Africa,Democratic Republic of the Congo,Inke,NA,NA,NA,NA,NA,NA,NA,76.2,NA
2022-07,Sub-Saharan Africa,Democratic Republic of the Congo,Modale,NA,NA,NA,NA,NA,NA,NA,32.6,NA
2022-07,Sub-Saharan Africa,Democratic Republic of the Congo,Mole,NA,NA,NA,NA,NA,NA,NA,67.4,NA
2022-07,Sub-Saharan Africa,Democratic Republic of the Congo,Wenze,NA,NA,NA,NA,NA,NA,NA,16.5,NA
2022-07,Sub-Saharan Africa,Ethiopia,Alemwach,NA,NA,NA,NA,NA,NA,NA,3.7,NA
2022-07,Sub-Saharan Africa,Ethiopia,Bambasi,NA,NA,NA,NA,NA,NA,NA,95.7,NA
2022-07,Sub-Saharan Africa,Ethiopia,Sherkole,NA,NA,NA,NA,NA,NA,NA,94.1,NA
2022-07,Sub-Saharan Africa,Ethiopia,Tsore Camp (Assosa),NA,NA,NA,NA,NA,NA,NA,53,NA
2022-07,Sub-Saharan Africa,Malawi,Dzaleka,NA,NA,NA,NA,NA,NA,NA,83.9,NA
2022-07,Sub-Saharan Africa,South Sudan,Ajoung Thok,NA,NA,NA,NA,NA,NA,NA,72,NA
2022-07,Sub-Saharan Africa,South Sudan,Pamir,Post-emergency,48959,NA,0,45,NA,10,8,NA
2022-07,Northern Africa,Sudan,Girba,NA,NA,NA,NA,NA,NA,NA,31,NA
2022-07,Sub-Saharan Africa,Uganda,Imvepi,NA,NA,NA,NA,NA,NA,NA,83,NA
2022-07,Sub-Saharan Africa,Uganda,Kiryandongo,NA,NA,NA,NA,NA,NA,NA,80,NA
2022-07,Sub-Saharan Africa,Uganda,Kyangwali,NA,NA,NA,NA,NA,NA,NA,80.1,NA
2022-07,Sub-Saharan Africa,Uganda,Nakivale,NA,NA,NA,NA,NA,NA,NA,86,NA
2022-07,Sub-Saharan Africa,Uganda,Oruchinga,NA,NA,NA,NA,NA,NA,NA,82,NA
2022-07,Sub-Saharan Africa,Uganda,Rhino Camp,NA,NA,NA,NA,NA,NA,NA,82,NA
2022-07,Sub-Saharan Africa,Uganda,Rwamwanja,NA,NA,NA,NA,NA,NA,NA,69.2,NA
2022-07,Sub-Saharan Africa,Zimbabwe,Tongogara,NA,NA,NA,NA,NA,NA,NA,76.1,NA
2022-11,Northern Africa,Algeria,Auserd,Post-emergency,18638,28,45,33,4,5,94,1242
2022-11,Northern Africa,Algeria,Boujdour,Post-emergency,9601,NA,34,50,4,5,94,960
2022-11,Northern Africa,Algeria,Dakhla,Post-emergency,10870,49,72,NA,4,5,98,724
2022-11,Northern Africa,Algeria,Layounne,Post-emergency,25503,31,31,100,5,5,88,1700
2022-11,Northern Africa,Algeria,Smara,Post-emergency,25389,89,48,69,5,5,87,1493
2022-11,Sub-Saharan Africa,Cameroon,Borgop,Post-emergency,11007,NA,19,NA,12,6,47,500
2022-11,Sub-Saharan Africa,Cameroon,Gado,Post-emergency,25909,0,17,NA,19,10,31,1036
2022-11,Sub-Saharan Africa,Cameroon,Lolo,Post-emergency,11899,397,15,NA,19,10,31,594
2022-11,Sub-Saharan Africa,Cameroon,Mbile,Post-emergency,10829,NA,17,NA,13,7,44,433
2022-11,Sub-Saharan Africa,Cameroon,Minawao,Post-emergency,75748,246,13,NA,25,12,27,2164
2022-11,Sub-Saharan Africa,Cameroon,Ngam,Post-emergency,8919,NA,14,NA,13,7,56,594
2022-11,Sub-Saharan Africa,Cameroon,Ngarisingo,Post-emergency,1339,NA,15,NA,8,4,68,446
2022-11,Sub-Saharan Africa,Cameroon,Timangolo,Post-emergency,6701,419,17,NA,14,7,41,478
2022-11,Sub-Saharan Africa,Chad,Djabal,Post-emergency,25680,81,10,79,9,9,55,25680
2022-11,Sub-Saharan Africa,Chad,Gaga,Post-emergency,26903,104,0,97,8,8,58,8967
2022-11,Sub-Saharan Africa,Chad,Goz Amer,Post-emergency,38671,NA,13,82,12,11,41,19335
2022-11,Sub-Saharan Africa,Chad,Kouchaguine-Moura,Post-emergency,16258,123,17,97,30,24,27,5419
2022-11,Sub-Saharan Africa,Djibouti,Ali Adde,Post-emergency,17292,79,22,100,NA,13,31,4323
2022-11,Sub-Saharan Africa,Djibouti,Holl Holl,Post-emergency,7276,80,17,100,3638,25,9,3638
2022-11,Sub-Saharan Africa,Ethiopia,Alemwach,Emergency,22280,NA,17,NA,84,84,0,NA
2022-11,Sub-Saharan Africa,Ethiopia,Awbarre,Post-emergency,12600,2801,19,33,7,NA,0,630
2022-11,Sub-Saharan Africa,Ethiopia,Bambasi,Post-emergency,20090,136,18,100,NA,17,29,1545
2022-11,Sub-Saharan Africa,Ethiopia,Bokolmanyo,Post-emergency,32430,NA,15,94,NA,NA,0,NA
2022-11,Sub-Saharan Africa,Ethiopia,Melkadida,Post-emergency,41400,NA,13,93,NA,26,14,NA
2022-11,Sub-Saharan Africa,Ethiopia,Sheder,Post-emergency,12529,1297,13,75,77,7,71,626
2022-11,Sub-Saharan Africa,Ethiopia,Sherkole,Post-emergency,12270,62,20,100,10,10,39,1115
2022-11,Sub-Saharan Africa,Ethiopia,Tsore Camp (Assosa),Post-emergency,43820,173,14,100,NA,27,16,2306
2022-11,Western Asia,Iraq,Arbat,Post-emergency,9100,NA,85,100,5,5,100,NA
2022-11,Western Asia,Iraq,Basirma,Post-emergency,2265,5,84,100,5,6,100,755
2022-11,Western Asia,Iraq,Kawergosk,Post-emergency,7758,6,130,100,5,6,100,969
2022-11,Western Asia,Iraq,Qushtapa,Post-emergency,8360,5,117,100,6,6,100,95
2022-11,Sub-Saharan Africa,Kenya,Dagahaley,Post-emergency,103757,123,21,100,NA,9,58,2470
2022-11,Sub-Saharan Africa,Kenya,Hagadera,Post-emergency,113217,136,16,92,NA,7,70,1380
2022-11,Sub-Saharan Africa,Kenya,Ifo,Post-emergency,97125,85,23,97,NA,9,57,2312
2022-11,Sub-Saharan Africa,Malawi,Dzaleka,Post-emergency,56304,370,15,100,11,8,38,165
2022-11,Sub-Saharan Africa,Niger,Abala,Post-emergency,10500,114,11,NA,NA,19,10,3500
2022-11,Sub-Saharan Africa,Niger,Chadakori,Post-emergency,7915,377,11,NA,87,79,0,494
2022-11,Sub-Saharan Africa,Niger,Dandaji Makao,Post-emergency,5445,545,7,NA,67,61,0,340
2022-11,Sub-Saharan Africa,Niger,Garin Kaka,Post-emergency,4359,311,16,NA,80,69,0,272
2022-11,Sub-Saharan Africa,Niger,Ouallam,Post-emergency,6129,116,18,NA,NA,20,15,NA
2022-11,Sub-Saharan Africa,Niger,Sayam Forage,Post-emergency,31594,420,7,100,28,18,17,7898
2022-11,Sub-Saharan Africa,Nigeria,Adagom,Post-emergency,10170,98,22,100,29,20,17,1017
2022-11,Sub-Saharan Africa,Nigeria,Ikyogen,Post-emergency,8090,238,12,60,40,21,22,1618
2022-11,Sub-Saharan Africa,Nigeria,Ukende,Post-emergency,3510,50,17,100,23,21,17,585
2022-11,Sub-Saharan Africa,Rwanda,Kigeme,Post-emergency,14539,80,14,100,42,34,0,660
2022-11,Sub-Saharan Africa,Rwanda,Kiziba,Post-emergency,16277,53,26,100,48,22,0,254
2022-11,Sub-Saharan Africa,Rwanda,Mahama,Post-emergency,58119,76,24,100,16,16,0,454
2022-11,Sub-Saharan Africa,Rwanda,Mugombwa,Post-emergency,11421,72,24,100,36,24,0,951
2022-11,Sub-Saharan Africa,Rwanda,Nyabiheke,Post-emergency,13332,84,21,100,45,18,0,833
2022-11,Northern Africa,Sudan,Abu Jubaiha Town,Post-emergency,2937,NA,0,NA,NA,11,37,NA
2022-11,Northern Africa,Sudan,Abunowara,Post-emergency,367,NA,0,NA,18,2,0,NA
2022-11,Northern Africa,Sudan,Dar Batti,Post-emergency,13874,NA,1,0,27,14,28,138
2022-11,Northern Africa,Sudan,"Elleri West7 (Dar Batti, El Gokhop and Um Kawarow)",Post-emergency,450,NA,44,NA,NA,3,0,NA
2022-11,Northern Africa,Sudan,Gedied,Post-emergency,790,NA,0,NA,11,7,38,79
2022-11,Northern Africa,Sudan,Gurayd,Post-emergency,995,NA,0,NA,19,8,42,99
2022-11,Northern Africa,Sudan,Shagarab I,Post-emergency,55390,273,15,50,NA,14,16,7912
2022-11,Northern Africa,Sudan,Sirajiya,Post-emergency,5682,NA,0,NA,35,18,21,126
2022-11,Sub-Saharan Africa,Uganda,Adjumani,Post-emergency,233092,541,14,90,11,10,68,776
2022-11,Sub-Saharan Africa,Uganda,Kyaka II,Post-emergency,118169,397,16,100,12,6,56,472
2022-11,Sub-Saharan Africa,Uganda,Nakivale,Post-emergency,148318,839,12,95,9,6,50,457
2022-11,Sub-Saharan Africa,Uganda,Oruchinga,Post-emergency,8601,397,20,90,8,7,74,122
2022-11,Sub-Saharan Africa,Uganda,Rwamwanja,Post-emergency,86848,39,12,54,615,7,62,452
2022-11,Sub-Saharan Africa,Zambia,Mayukwayukwa,Post-emergency,19952,NA,21,NA,NA,14,23,950
2022-10,Northern Africa,Algeria,Auserd,Post-emergency,18638,28,46,50,4,5,94,1242
2022-10,Northern Africa,Algeria,Boujdour,Post-emergency,9601,NA,34,83,4,5,94,960
2022-10,Northern Africa,Algeria,Dakhla,Post-emergency,10870,49,73,NA,4,5,98,724
2022-10,Northern Africa,Algeria,Layounne,Post-emergency,25503,31,31,NA,5,5,88,1700
2022-10,Northern Africa,Algeria,Smara,Post-emergency,25389,89,39,70,5,5,87,1493
2022-10,Sub-Saharan Africa,Cameroon,Borgop,Post-emergency,11007,NA,19,NA,12,6,47,500
2022-10,Sub-Saharan Africa,Cameroon,Gado,Post-emergency,25909,0,17,NA,19,10,31,1036
2022-10,Sub-Saharan Africa,Cameroon,Lolo,Post-emergency,11899,397,15,NA,19,10,31,594
2022-10,Sub-Saharan Africa,Cameroon,Mbile,Post-emergency,10829,NA,17,NA,13,7,44,433
2022-10,Sub-Saharan Africa,Cameroon,Minawao,Post-emergency,75748,246,13,100,25,12,27,2164
2022-10,Sub-Saharan Africa,Cameroon,Ngam,Post-emergency,6819,NA,18,NA,10,5,56,454
2022-10,Sub-Saharan Africa,Cameroon,Ngarisingo,Post-emergency,1339,NA,15,NA,8,4,68,446
2022-10,Sub-Saharan Africa,Cameroon,Timangolo,Post-emergency,6701,419,17,NA,14,7,41,478
2022-10,Sub-Saharan Africa,Chad,Bredjing,Post-emergency,49999,124,17,98,9,10,45,12499
2022-10,Sub-Saharan Africa,Chad,Djabal,Post-emergency,25680,81,10,80,9,9,55,25680
2022-10,Sub-Saharan Africa,Chad,Farchana,Post-emergency,31406,NA,12,96,9,10,47,10468
2022-10,Sub-Saharan Africa,Chad,Gaga,Post-emergency,26903,104,0,97,8,9,53,8967
2022-10,Sub-Saharan Africa,Chad,Goz Amer,Post-emergency,38671,NA,13,73,12,11,40,19335
2022-10,Sub-Saharan Africa,Chad,Kouchaguine-Moura,Post-emergency,16258,123,18,100,30,24,27,5419
2022-10,Sub-Saharan Africa,Democratic Republic of the Congo,Lusenda,Post-emergency,26246,96,17,100,17,17,24,2624
2022-10,Sub-Saharan Africa,Democratic Republic of the Congo,Mulongwe (Baraka),Post-emergency,7764,24,14,100,40,32,10,1552
2022-10,Sub-Saharan Africa,Djibouti,Ali Adde,Post-emergency,17292,79,21,100,NA,13,31,4323
2022-10,Sub-Saharan Africa,Djibouti,Holl Holl,Post-emergency,7276,80,13,100,3638,25,9,3638
2022-10,Sub-Saharan Africa,Ethiopia,Alemwach,Emergency,14019,NA,21,NA,53,53,0,NA
2022-10,Sub-Saharan Africa,Ethiopia,Bambasi,Post-emergency,20057,136,14,100,NA,17,29,1542
2022-10,Sub-Saharan Africa,Ethiopia,Bokolmanyo,Post-emergency,32520,NA,17,98,NA,NA,0,NA
2022-10,Sub-Saharan Africa,Ethiopia,Hilaweyn,Post-emergency,48106,NA,15,100,NA,64,7,NA
2022-10,Sub-Saharan Africa,Ethiopia,Kobe,Post-emergency,37279,NA,19,97,NA,50,7,NA
2022-10,Sub-Saharan Africa,Ethiopia,Melkadida,Post-emergency,41400,NA,13,93,NA,26,14,NA
2022-10,Sub-Saharan Africa,Ethiopia,Sherkole,Post-emergency,12236,61,16,100,10,10,40,1112
2022-10,Sub-Saharan Africa,Ethiopia,Tsore Camp (Assosa),Post-emergency,43744,173,12,100,NA,29,15,2302
2022-10,Western Asia,Iraq,Arbat,Post-emergency,9100,NA,85,100,5,5,100,NA
2022-10,Western Asia,Iraq,Basirma,Post-emergency,2263,5,91,100,5,6,100,754
2022-10,Western Asia,Iraq,Kawergosk,Post-emergency,7755,6,130,100,5,6,100,969
2022-10,Western Asia,Iraq,Qushtapa,Post-emergency,8360,5,116,100,5,6,100,95
2022-10,Sub-Saharan Africa,Kenya,Dagahaley,Post-emergency,95849,114,22,95,NA,8,63,2282
2022-10,Sub-Saharan Africa,Kenya,Hagadera,Post-emergency,103297,124,19,81,NA,6,85,1259
2022-10,Sub-Saharan Africa,Kenya,Ifo,Post-emergency,87969,77,26,91,NA,8,62,2094
2022-10,Sub-Saharan Africa,Malawi,Dzaleka,Post-emergency,56425,371,15,100,11,8,38,165
2022-10,Sub-Saharan Africa,Niger,Abala,Post-emergency,10200,116,15,NA,68,18,9,3400
2022-10,Sub-Saharan Africa,Niger,Chadakori,Post-emergency,7915,377,6,NA,87,79,0,494
2022-10,Sub-Saharan Africa,Niger,Dandaji Makao,Post-emergency,5445,545,5,NA,67,61,0,340
2022-10,Sub-Saharan Africa,Niger,Garin Kaka,Post-emergency,4359,311,13,NA,80,69,0,272
2022-10,Sub-Saharan Africa,Niger,Ouallam,Post-emergency,6129,116,23,NA,22,20,15,NA
2022-10,Sub-Saharan Africa,Niger,Sayam Forage,Post-emergency,31594,420,6,100,28,18,17,7898
2022-10,Sub-Saharan Africa,Nigeria,Adagam 3,Post-emergency,2210,92,20,100,20,18,23,552
2022-10,Sub-Saharan Africa,Nigeria,Adagom,Post-emergency,12151,117,17,NA,34,23,15,1215
2022-10,Sub-Saharan Africa,Nigeria,Ikyogen,Post-emergency,11260,331,8,NA,56,30,20,2252
2022-10,Sub-Saharan Africa,Nigeria,Ukende,Post-emergency,3970,58,19,0,26,24,15,661
2022-10,Sub-Saharan Africa,Rwanda,Kigeme,Post-emergency,14532,80,15,100,42,33,0,660
2022-10,Sub-Saharan Africa,Rwanda,Kiziba,Post-emergency,16274,53,26,100,48,22,100,254
2022-10,Sub-Saharan Africa,Rwanda,Mahama,Post-emergency,58076,76,25,100,16,16,100,453
2022-10,Sub-Saharan Africa,Rwanda,Mugombwa,Post-emergency,11414,72,25,100,36,24,0,951
2022-10,Sub-Saharan Africa,Rwanda,Nyabiheke,Post-emergency,13332,83,16,100,45,18,100,833
2022-10,Northern Africa,Sudan,Abuda,Post-emergency,3540,49,72,NA,NA,6,59,NA
2022-10,Northern Africa,Sudan,Al Jameya,Post-emergency,12046,175,15,82,NA,10,47,752
2022-10,Northern Africa,Sudan,Al Kashafa,Post-emergency,14127,181,9,91,NA,14,31,882
2022-10,Northern Africa,Sudan,Al Redis 1,Post-emergency,11619,187,15,79,NA,14,28,726
2022-10,Northern Africa,Sudan,Al Redis 2,Post-emergency,27206,205,0,81,NA,34,10,1700
2022-10,Northern Africa,Sudan,Alagaya,Post-emergency,28320,218,9,79,NA,57,5,1770
2022-10,Northern Africa,Sudan,Dabat Bosin,Post-emergency,10341,241,15,90,NA,40,9,646
2022-10,Northern Africa,Sudan,Girba,Post-emergency,6248,NA,28,50,NA,1,0,NA
2022-10,Northern Africa,Sudan,Jouri,Post-emergency,12227,199,10,93,NA,28,13,764
2022-10,Northern Africa,Sudan,Khor Alwarel,Post-emergency,39840,196,9,88,NA,142,0,2490
2022-10,Northern Africa,Sudan,Kilo 26,Post-emergency,9846,467,32,50,NA,8,50,1969
2022-10,Northern Africa,Sudan,Shagarab I,Post-emergency,62999,284,12,50,NA,16,16,8999
2022-10,Northern Africa,Sudan,Um Sangour,Post-emergency,32918,261,7,97,NA,35,10,2057
2022-10,Northern Africa,Sudan,Wad Sharife,Post-emergency,17785,93,23,50,NA,8,45,NA
2022-10,Sub-Saharan Africa,Uganda,Adjumani,Post-emergency,233092,541,14,85,11,10,73,776
2022-10,Sub-Saharan Africa,Uganda,Kiryandongo,Post-emergency,69866,NA,13,100,NA,8,83,1126
2022-10,Sub-Saharan Africa,Uganda,Kyaka II,Post-emergency,118266,397,16,100,12,7,56,474
2022-10,Sub-Saharan Africa,Uganda,Nakivale,Post-emergency,148318,839,14,NA,9,6,50,457
2022-10,Sub-Saharan Africa,Uganda,Oruchinga,Post-emergency,8601,3893,20,NA,9,7,72,122
2022-10,Sub-Saharan Africa,Uganda,Palorinya,Post-emergency,120411,186,18,0,6,6,0,NA
2022-10,Sub-Saharan Africa,Uganda,Rwamwanja,Post-emergency,86087,47,10,48,610,7,61,448
2022-10,Sub-Saharan Africa,Zambia,Mantapala,Post-emergency,10556,NA,23,0,NA,NA,100,527
2022-10,Sub-Saharan Africa,Zambia,Mayukwayukwa,Post-emergency,19952,NA,21,NA,NA,14,23,950
2022-09,Northern Africa,Algeria,Auserd,Post-emergency,18638,28,48,40,4,5,94,1242
2022-09,Northern Africa,Algeria,Boujdour,Post-emergency,9601,NA,45,NA,4,5,94,960
2022-09,Northern Africa,Algeria,Dakhla,Post-emergency,10870,49,72,17,4,5,98,724
2022-09,Northern Africa,Algeria,Layounne,Post-emergency,25503,31,31,78,5,5,88,1700
2022-09,Northern Africa,Algeria,Smara,Post-emergency,25389,89,48,NA,5,5,87,1493
2022-09,Sub-Saharan Africa,Cameroon,Borgop,Post-emergency,10969,NA,20,NA,12,6,47,498
2022-09,Sub-Saharan Africa,Cameroon,Gado,Post-emergency,26007,0,17,NA,19,10,31,1040
2022-09,Sub-Saharan Africa,Cameroon,Lolo,Post-emergency,11938,398,15,NA,19,10,30,596
2022-09,Sub-Saharan Africa,Cameroon,Mbile,Post-emergency,10661,NA,17,NA,13,7,45,426
2022-09,Sub-Saharan Africa,Cameroon,Minawao,Post-emergency,75532,246,13,NA,22,12,27,2158
2022-09,Sub-Saharan Africa,Cameroon,Ngam,Post-emergency,6821,NA,18,NA,10,5,56,454
2022-09,Sub-Saharan Africa,Cameroon,Ngarisingo,Post-emergency,1298,NA,16,NA,8,4,70,432
2022-09,Sub-Saharan Africa,Cameroon,Timangolo,Post-emergency,6798,425,16,NA,14,7,41,485
2022-09,Sub-Saharan Africa,Chad,Amnabak,Post-emergency,28311,175,11,100,33,31,18,9437
2022-09,Sub-Saharan Africa,Chad,Bredjing,Post-emergency,49999,124,17,0,9,10,45,12499
2022-09,Sub-Saharan Africa,Chad,Djabal,Post-emergency,25680,81,10,80,9,9,55,25680
2022-09,Sub-Saharan Africa,Chad,Farchana,Post-emergency,31406,NA,12,97,9,9,47,10468
2022-09,Sub-Saharan Africa,Chad,Gaga,Post-emergency,26881,104,0,96,8,9,53,8960
2022-09,Sub-Saharan Africa,Chad,Goz Amer,Post-emergency,38546,NA,13,NA,14,14,33,19273
2022-09,Sub-Saharan Africa,Chad,Iridimi,Post-emergency,24730,NA,12,100,16,15,26,8243
2022-09,Sub-Saharan Africa,Chad,Kouchaguine-Moura,Post-emergency,16166,122,18,98,29,24,27,5388
2022-09,Sub-Saharan Africa,Chad,Oure Cassoni,Post-emergency,35616,126,10,100,17,16,35,11872
2022-09,Sub-Saharan Africa,Democratic Republic of the Congo,Lusenda,Post-emergency,26246,96,15,100,17,17,24,2624
2022-09,Sub-Saharan Africa,Democratic Republic of the Congo,Mulongwe (Baraka),Post-emergency,7764,24,14,100,40,32,10,1552
2022-09,Sub-Saharan Africa,Djibouti,Ali Adde,Post-emergency,17292,79,19,100,NA,13,31,4323
2022-09,Sub-Saharan Africa,Djibouti,Holl Holl,Post-emergency,7276,80,10,100,3638,25,9,3638
2022-09,Sub-Saharan Africa,Ethiopia,Alemwach,Emergency,14019,NA,21,NA,53,53,0,NA
2022-09,Sub-Saharan Africa,Ethiopia,Bambasi,Post-emergency,20016,135,15,100,NA,17,29,1539
2022-09,Sub-Saharan Africa,Ethiopia,Bokolmanyo,Post-emergency,32511,NA,15,99,NA,NA,0,NA
2022-09,Sub-Saharan Africa,Ethiopia,Hilaweyn,Post-emergency,47620,128,14,100,NA,66,7,NA
2022-09,Sub-Saharan Africa,Ethiopia,Kobe,Post-emergency,37239,126,18,100,NA,50,6,NA
2022-09,Sub-Saharan Africa,Ethiopia,Melkadida,Post-emergency,41194,156,14,100,NA,26,14,NA
2022-09,Sub-Saharan Africa,Ethiopia,Sherkole,Post-emergency,12202,61,17,100,10,10,40,1109
2022-09,Sub-Saharan Africa,Ethiopia,Tsore Camp (Assosa),Post-emergency,43055,170,13,100,NA,28,16,2266
2022-09,Sub-Saharan Africa,Ghana,Fetentaa,Post-emergency,486,18,42,25,13,5,100,48
2022-09,Sub-Saharan Africa,Ghana,Krisan,Post-emergency,669,0,28,100,1,10,100,95
2022-09,Western Asia,Iraq,Arbat,Post-emergency,9094,NA,86,100,5,5,100,NA
2022-09,Western Asia,Iraq,Basirma,Post-emergency,2260,5,89,100,5,6,100,753
2022-09,Western Asia,Iraq,Kawergosk,Post-emergency,7752,6,132,100,5,6,100,969
2022-09,Western Asia,Iraq,Qushtapa,Post-emergency,8356,5,118,100,5,6,100,94
2022-09,Sub-Saharan Africa,Kenya,Dagahaley,Post-emergency,91596,109,23,97,NA,8,65,2180
2022-09,Sub-Saharan Africa,Kenya,Hagadera,Post-emergency,102144,123,20,75,NA,6,74,1245
2022-09,Sub-Saharan Africa,Kenya,Ifo,Post-emergency,85840,75,25,100,NA,8,64,2043
2022-09,Sub-Saharan Africa,Malawi,Dzaleka,Post-emergency,56486,487,12,100,11,8,38,165
2022-09,Sub-Saharan Africa,Mozambique,Maratane,Post-emergency,9417,152,9,NA,NA,4,100,470
2022-09,Sub-Saharan Africa,Niger,Abala,Post-emergency,10100,115,15,NA,72,18,8,3366
2022-09,Sub-Saharan Africa,Niger,Chadakori,Post-emergency,7915,377,5,NA,87,79,0,494
2022-09,Sub-Saharan Africa,Niger,Dandaji Makao,Post-emergency,5445,545,5,NA,67,61,0,340
2022-09,Sub-Saharan Africa,Niger,Garin Kaka,Post-emergency,4359,311,18,NA,80,69,0,272
2022-09,Sub-Saharan Africa,Niger,Ouallam,Post-emergency,6129,116,23,NA,36,30,9,NA
2022-09,Sub-Saharan Africa,Niger,Sayam Forage,Post-emergency,31594,160,0,NA,NA,NA,0,NA
2022-09,Sub-Saharan Africa,Nigeria,Adagam 3,Post-emergency,2210,92,16,100,20,18,23,552
2022-09,Sub-Saharan Africa,Nigeria,Adagom,Post-emergency,12150,117,17,100,34,23,15,1215
2022-09,Sub-Saharan Africa,Nigeria,Ikyogen,Post-emergency,11260,331,8,NA,56,30,20,2252
2022-09,Sub-Saharan Africa,Nigeria,Ukende,Post-emergency,3970,58,19,0,26,24,15,661
2022-09,Sub-Saharan Africa,Rwanda,Kigeme,Post-emergency,14534,73,15,100,42,33,100,660
2022-09,Sub-Saharan Africa,Rwanda,Kiziba,Post-emergency,16373,52,27,100,48,22,100,255
2022-09,Sub-Saharan Africa,Rwanda,Mahama,Post-emergency,58042,76,25,100,16,16,100,453
2022-09,Sub-Saharan Africa,Rwanda,Mugombwa,Post-emergency,11389,72,24,100,36,25,100,949
2022-09,Sub-Saharan Africa,Rwanda,Nyabiheke,Post-emergency,13396,84,16,100,45,18,100,837
2022-09,Northern Africa,Sudan,Abuda,Post-emergency,3553,49,72,NA,NA,6,60,NA
2022-09,Northern Africa,Sudan,Al Jameya,Post-emergency,12046,171,16,100,NA,10,47,752
2022-09,Northern Africa,Sudan,Al Kashafa,Post-emergency,14127,173,9,100,NA,14,31,882
2022-09,Northern Africa,Sudan,Al Redis 1,Post-emergency,11619,176,15,82,NA,14,28,726
2022-09,Northern Africa,Sudan,Al Redis 2,Post-emergency,27206,183,9,88,NA,34,10,1700
2022-09,Northern Africa,Sudan,Alagaya,Post-emergency,28320,209,8,74,NA,57,5,1770
2022-09,Northern Africa,Sudan,Dabat Bosin,Post-emergency,10341,241,16,97,NA,40,9,646
2022-09,Northern Africa,Sudan,Girba,Post-emergency,6288,66,40,NA,NA,9,45,3144
2022-09,Northern Africa,Sudan,Jouri,Post-emergency,12227,189,9,79,NA,28,13,764
2022-09,Northern Africa,Sudan,Khor Alwarel,Post-emergency,39840,189,9,93,NA,137,0,2490
2022-09,Northern Africa,Sudan,Kilo 26,Post-emergency,9856,329,45,NA,NA,8,50,1971
2022-09,Northern Africa,Sudan,Shagarab I,Post-emergency,61833,279,12,NA,NA,16,14,8833
2022-09,Northern Africa,Sudan,Um Gargour,Post-emergency,11765,355,25,NA,14,9,45,294
2022-09,Northern Africa,Sudan,Um Sangour,Post-emergency,32918,258,7,82,NA,35,10,2057
2022-09,Northern Africa,Sudan,Wad Sharife,Post-emergency,18438,93,23,NA,NA,9,44,NA
2022-09,Sub-Saharan Africa,Uganda,Adjumani,Post-emergency,233092,531,15,80,11,9,79,776
2022-09,Sub-Saharan Africa,Uganda,Kyaka II,Post-emergency,117450,675,16,100,11,6,58,471
2022-09,Sub-Saharan Africa,Uganda,Nakivale,Post-emergency,148318,839,14,93,9,6,50,457
2022-09,Sub-Saharan Africa,Uganda,Oruchinga,Post-emergency,8601,3893,20,NA,10,8,39,119
2022-09,Sub-Saharan Africa,Uganda,Rwamwanja,Post-emergency,86087,91,12,47,610,7,60,448
2022-09,Sub-Saharan Africa,Zambia,Mantapala,Post-emergency,10556,60,44,0,2,2,100,527
2022-09,Sub-Saharan Africa,Zambia,Mayukwayukwa,Post-emergency,19952,NA,21,NA,NA,14,23,950
2022-08,Northern Africa,Algeria,Auserd,Post-emergency,18638,28,50,29,4,5,94,1242
2022-08,Northern Africa,Algeria,Boujdour,Post-emergency,9601,NA,46,NA,4,5,94,960
2022-08,Northern Africa,Algeria,Dakhla,Post-emergency,10870,49,73,25,4,5,98,724
2022-08,Northern Africa,Algeria,Layounne,Post-emergency,25503,31,32,NA,5,5,88,1700
2022-08,Northern Africa,Algeria,Smara,Post-emergency,25389,89,48,24,5,5,87,1493
2022-08,Sub-Saharan Africa,Angola,Lovua settlement,Post-emergency,6479,64,22,NA,6,6,75,NA
2022-08,Sub-Saharan Africa,Cameroon,Borgop,Post-emergency,10976,NA,20,NA,12,6,39,498
2022-08,Sub-Saharan Africa,Cameroon,Gado,Post-emergency,26134,0,17,NA,19,10,25,1045
2022-08,Sub-Saharan Africa,Cameroon,Lolo,Post-emergency,12105,404,15,NA,20,10,25,605
2022-08,Sub-Saharan Africa,Cameroon,Mbile,Post-emergency,10976,NA,17,NA,13,7,37,439
2022-08,Sub-Saharan Africa,Cameroon,Minawao,Post-emergency,74972,246,13,NA,22,11,22,2142
2022-08,Sub-Saharan Africa,Cameroon,Ngam,Post-emergency,6817,NA,18,NA,10,5,47,454
2022-08,Sub-Saharan Africa,Cameroon,Ngarisingo,Post-emergency,1336,NA,15,NA,8,4,57,445
2022-08,Sub-Saharan Africa,Cameroon,Timangolo,Post-emergency,6913,432,16,NA,15,8,33,493
2022-08,Sub-Saharan Africa,Chad,Bredjing,Post-emergency,49999,124,18,98,9,10,45,12499
2022-08,Sub-Saharan Africa,Chad,Djabal,Post-emergency,25680,81,0,0,9,9,55,25680
2022-08,Sub-Saharan Africa,Chad,Farchana,Post-emergency,31406,NA,12,97,10,10,45,10468
2022-08,Sub-Saharan Africa,Chad,Goz Amer,Post-emergency,38671,NA,13,NA,12,11,40,19335
2022-08,Sub-Saharan Africa,Democratic Republic of the Congo,Lusenda,Post-emergency,7764,NA,14,100,NA,12,33,12
2022-08,Sub-Saharan Africa,Democratic Republic of the Congo,Mulongwe (Baraka),Post-emergency,7764,NA,14,100,NA,12,33,12
2022-08,Sub-Saharan Africa,Djibouti,Ali Adde,Post-emergency,17288,78,18,100,NA,13,31,4322
2022-08,Sub-Saharan Africa,Djibouti,Holl Holl,Post-emergency,8804,97,11,100,4402,31,9,4402
2022-08,Sub-Saharan Africa,Ethiopia,Alemwach,Emergency,14019,NA,16,NA,53,53,0,NA
2022-08,Sub-Saharan Africa,Ethiopia,Bambasi,Post-emergency,19956,137,18,100,NA,11,45,1535
2022-08,Sub-Saharan Africa,Ethiopia,Bokolmanyo,Post-emergency,33111,157,13,95,NA,24,11,NA
2022-08,Sub-Saharan Africa,Ethiopia,Hilaweyn,Post-emergency,47620,128,14,100,NA,66,7,NA
2022-08,Sub-Saharan Africa,Ethiopia,Kobe,Post-emergency,37156,125,19,100,NA,50,7,NA
2022-08,Sub-Saharan Africa,Ethiopia,Melkadida,Post-emergency,41194,156,14,100,NA,26,14,NA
2022-08,Sub-Saharan Africa,Ethiopia,Sherkole,Post-emergency,12189,151,14,100,10,10,39,1108
2022-08,Sub-Saharan Africa,Ethiopia,Tsore Camp (Assosa),Post-emergency,42950,173,12,100,NA,28,16,2260
2022-08,Sub-Saharan Africa,Ghana,Ampain,Post-emergency,3262,35,53,67,29,21,100,191
2022-08,Sub-Saharan Africa,Ghana,Egyeikrom,Post-emergency,1412,54,63,NA,13,13,100,108
2022-08,Sub-Saharan Africa,Ghana,Krisan,Post-emergency,669,0,28,100,1,10,100,95
2022-08,Western Asia,Iraq,Arbat,Post-emergency,9089,NA,86,100,5,5,100,NA
2022-08,Western Asia,Iraq,Basirma,Post-emergency,2255,5,93,100,5,6,100,751
2022-08,Western Asia,Iraq,Kawergosk,Post-emergency,7750,6,132,100,5,6,100,968
2022-08,Western Asia,Iraq,Qushtapa,Post-emergency,8350,5,119,100,5,6,100,94
2022-08,Sub-Saharan Africa,Kenya,Dagahaley,Post-emergency,91589,109,23,100,NA,8,65,2180
2022-08,Sub-Saharan Africa,Kenya,Hagadera,Post-emergency,102153,123,21,90,NA,6,74,1245
2022-08,Sub-Saharan Africa,Kenya,Ifo,Post-emergency,85768,75,25,100,NA,8,64,2042
2022-08,Sub-Saharan Africa,Malawi,Dzaleka,Post-emergency,NA,0,NA,NA,0,0,100,0
2022-08,Sub-Saharan Africa,Mozambique,Maratane,Post-emergency,9329,152,9,NA,NA,4,100,466
2022-08,Sub-Saharan Africa,Niger,Abala,Post-emergency,10000,154,11,NA,80,19,7,3333
2022-08,Sub-Saharan Africa,Niger,Chadakori,Post-emergency,7915,377,5,NA,87,79,0,494
2022-08,Sub-Saharan Africa,Niger,Dandaji Makao,Post-emergency,5445,545,5,NA,67,61,0,340
2022-08,Sub-Saharan Africa,Niger,Garin Kaka,Post-emergency,4359,311,11,NA,80,69,0,272
2022-08,Sub-Saharan Africa,Niger,Ouallam,Post-emergency,6129,116,33,NA,48,39,7,NA
2022-08,Sub-Saharan Africa,Niger,Sayam Forage,Post-emergency,31594,160,0,NA,NA,NA,0,NA
2022-08,Sub-Saharan Africa,Nigeria,Adagam 3,Post-emergency,2280,139,15,100,20,19,23,570
2022-08,Sub-Saharan Africa,Nigeria,Adagom,Post-emergency,12750,123,17,100,36,25,15,1275
2022-08,Sub-Saharan Africa,Nigeria,Ikyogen,Post-emergency,11260,331,8,100,56,30,20,2252
2022-08,Sub-Saharan Africa,Nigeria,Ukende,Post-emergency,4110,58,18,100,27,25,16,685
2022-08,Sub-Saharan Africa,Rwanda,Kigeme,Post-emergency,14537,73,16,100,42,33,100,660
2022-08,Sub-Saharan Africa,Rwanda,Kiziba,Post-emergency,16407,54,26,100,49,22,100,256
2022-08,Sub-Saharan Africa,Rwanda,Mahama,Post-emergency,58050,76,25,100,16,17,100,453
2022-08,Sub-Saharan Africa,Rwanda,Mugombwa,Post-emergency,11356,72,24,100,35,25,100,946
2022-08,Sub-Saharan Africa,Rwanda,Nyabiheke,Post-emergency,13532,85,16,100,45,19,0,845
2022-08,Sub-Saharan Africa,South Sudan,Ajoung Thok,Post-emergency,48959,NA,0,45,NA,10,8,NA
2022-08,Northern Africa,Sudan,Abu Jubaiha Town,Post-emergency,2937,NA,0,NA,NA,11,37,NA
2022-08,Northern Africa,Sudan,Abuda,Post-emergency,3553,49,45,NA,NA,6,60,NA
2022-08,Northern Africa,Sudan,Abunowara,Post-emergency,367,NA,0,NA,18,2,100,NA
2022-08,Northern Africa,Sudan,Al Jameya,Post-emergency,12046,170,15,100,NA,10,47,752
2022-08,Northern Africa,Sudan,Al Kashafa,Post-emergency,14127,168,9,78,NA,14,31,882
2022-08,Northern Africa,Sudan,Al Redis 1,Post-emergency,11619,172,15,97,NA,14,28,726
2022-08,Northern Africa,Sudan,Al Redis 2,Post-emergency,27206,169,9,77,NA,34,10,1700
2022-08,Northern Africa,Sudan,Alagaya,Post-emergency,28320,206,8,85,NA,57,5,1770
2022-08,Northern Africa,Sudan,Dabat Bosin,Post-emergency,10341,241,15,82,NA,40,9,646
2022-08,Northern Africa,Sudan,Dar Batti,Post-emergency,13874,NA,0,0,27,14,28,138
2022-08,Northern Africa,Sudan,Gedied,Post-emergency,784,NA,0,NA,11,7,38,78
2022-08,Northern Africa,Sudan,Girba,Post-emergency,6288,66,37,NA,NA,9,45,3144
2022-08,Northern Africa,Sudan,Gurayd,Post-emergency,990,NA,0,NA,19,8,42,99
2022-08,Northern Africa,Sudan,Jouri,Post-emergency,12227,189,9,85,NA,28,13,764
2022-08,Northern Africa,Sudan,Khor Alwarel,Post-emergency,39840,188,9,100,NA,137,0,2490
2022-08,Northern Africa,Sudan,Kilo 26,Post-emergency,9856,329,54,NA,NA,8,50,1971
2022-08,Northern Africa,Sudan,Shagarab I,Post-emergency,61833,279,12,NA,NA,16,14,8833
2022-08,Northern Africa,Sudan,Um Sangour,Post-emergency,32918,244,7,93,NA,35,10,2057
2022-08,Northern Africa,Sudan,Wad Sharife,Post-emergency,18483,93,19,NA,NA,9,44,NA
2022-08,Sub-Saharan Africa,Tanzania,Nyarugusu Congolese,Post-emergency,80798,131,28,98,NA,7,65,1022
2022-08,Sub-Saharan Africa,Uganda,Adjumani,Post-emergency,233092,531,15,83,11,9,79,776
2022-08,Sub-Saharan Africa,Uganda,Kyaka II,Post-emergency,117450,675,15,100,11,7,55,471
2022-08,Sub-Saharan Africa,Uganda,Kyangwali,Post-emergency,124606,343,9,NA,NA,4,64,619
2022-08,Sub-Saharan Africa,Uganda,Nakivale,Post-emergency,148318,883,12,96,10,7,53,457
2022-08,Sub-Saharan Africa,Uganda,Oruchinga,Post-emergency,7816,3893,22,87,9,7,63,108
2022-08,Sub-Saharan Africa,Uganda,Palorinya,Post-emergency,113277,175,19,96,5,6,82,NA
2022-08,Sub-Saharan Africa,Uganda,Rwamwanja,Post-emergency,85729,86,13,51,608,7,59,446
2022-08,Sub-Saharan Africa,Zambia,Mayukwayukwa,Post-emergency,19952,NA,21,NA,NA,14,23,950
2022-07,Northern Africa,Algeria,Auserd,Post-emergency,18638,28,46,NA,4,5,94,1242
2022-07,Northern Africa,Algeria,Boujdour,Post-emergency,9601,NA,54,NA,4,5,94,960
2022-07,Northern Africa,Algeria,Dakhla,Post-emergency,10870,49,72,NA,4,5,98,724
2022-07,Northern Africa,Algeria,Layounne,Post-emergency,25503,31,29,NA,5,5,88,1700
2022-07,Northern Africa,Algeria,Smara,Post-emergency,25389,89,43,38,5,5,87,1493
2022-07,Sub-Saharan Africa,Burundi,Gasorgwe,Post-emergency,7856,49,23,25,33,14,100,604
2022-07,Sub-Saharan Africa,Burundi,Kavumu,Post-emergency,16886,89,22,25,NA,15,10,1535
2022-07,Sub-Saharan Africa,Burundi,Musasa,Post-emergency,9003,42,56,25,45,17,100,900
2022-07,Sub-Saharan Africa,Cameroon,Borgop,Post-emergency,11007,NA,19,NA,12,6,39,500
2022-07,Sub-Saharan Africa,Cameroon,Gado,Post-emergency,26246,0,17,NA,19,10,25,1049
2022-07,Sub-Saharan Africa,Cameroon,Lolo,Post-emergency,11954,398,15,NA,19,10,25,597
2022-07,Sub-Saharan Africa,Cameroon,Mbile,Post-emergency,11065,NA,17,NA,14,7,35,442
2022-07,Sub-Saharan Africa,Cameroon,Minawao,Post-emergency,74749,246,13,NA,22,11,22,2135
2022-07,Sub-Saharan Africa,Cameroon,Ngam,Post-emergency,6822,NA,18,NA,10,5,47,454
2022-07,Sub-Saharan Africa,Cameroon,Ngarisingo,Post-emergency,1361,NA,15,NA,9,5,55,453
2022-07,Sub-Saharan Africa,Cameroon,Timangolo,Post-emergency,7125,445,16,NA,16,8,31,508
2022-07,Sub-Saharan Africa,Democratic Republic of the Congo,Lusenda,Post-emergency,7764,NA,14,100,NA,12,33,12
2022-07,Sub-Saharan Africa,Democratic Republic of the Congo,Mulongwe (Baraka),Post-emergency,7764,NA,14,100,NA,12,33,12
2022-07,Sub-Saharan Africa,Djibouti,Ali Adde,Post-emergency,16918,77,14,100,NA,12,32,4229
2022-07,Sub-Saharan Africa,Djibouti,Holl Holl,Post-emergency,8686,95,15,100,4343,30,9,4343
2022-07,Sub-Saharan Africa,Ethiopia,Alemwach,Emergency,14019,NA,23,NA,53,53,0,NA
2022-07,Sub-Saharan Africa,Ethiopia,Awbarre,Post-emergency,12600,2821,15,33,55,7,68,630
2022-07,Sub-Saharan Africa,Ethiopia,Bambasi,Post-emergency,19854,100,18,100,NA,11,45,1527
2022-07,Sub-Saharan Africa,Ethiopia,Bokolmanyo,Post-emergency,33111,157,13,95,NA,24,11,NA
2022-07,Sub-Saharan Africa,Ethiopia,Buramino,Post-emergency,45405,158,7,100,NA,86,6,NA
2022-07,Sub-Saharan Africa,Ethiopia,Hilaweyn,Post-emergency,47620,128,14,100,NA,66,7,NA
2022-07,Sub-Saharan Africa,Ethiopia,Melkadida,Post-emergency,41194,156,14,100,NA,26,14,NA
2022-07,Sub-Saharan Africa,Ethiopia,Sheder,Post-emergency,12529,1297,14,75,77,7,72,626
2022-07,Sub-Saharan Africa,Ethiopia,Sherkole,Post-emergency,12060,150,14,100,10,10,39,1096
2022-07,Sub-Saharan Africa,Ethiopia,Tsore Camp (Assosa),Post-emergency,42815,173,12,100,NA,28,16,2253
2022-07,Sub-Saharan Africa,Ghana,Ampain,Post-emergency,3262,35,53,67,29,21,100,191
2022-07,Sub-Saharan Africa,Ghana,Egyeikrom,Post-emergency,1412,54,63,NA,13,13,100,108
2022-07,Sub-Saharan Africa,Ghana,Krisan,Post-emergency,669,0,28,100,1,10,100,95
2022-07,Western Asia,Iraq,Arbat,Post-emergency,9085,NA,86,100,5,5,100,NA
2022-07,Sub-Saharan Africa,Kenya,Dagahaley,Post-emergency,91624,109,21,93,NA,8,66,2181
2022-07,Sub-Saharan Africa,Kenya,Hagadera,Post-emergency,102051,123,17,86,NA,6,78,1244
2022-07,Sub-Saharan Africa,Kenya,Ifo,Post-emergency,85812,75,25,100,NA,8,65,2043
2022-07,Sub-Saharan Africa,Malawi,Dzaleka,Post-emergency,55500,478,11,100,11,8,37,162
2022-07,Sub-Saharan Africa,Mozambique,Maratane,Post-emergency,8929,152,9,NA,NA,4,100,446
2022-07,Sub-Saharan Africa,Niger,Abala,Post-emergency,10000,154,13,NA,44,18,7,3333
2022-07,Sub-Saharan Africa,Niger,Chadakori,Post-emergency,7915,NA,3,NA,87,79,0,494
2022-07,Sub-Saharan Africa,Niger,Dandaji Makao,Post-emergency,5445,545,5,NA,67,61,0,340
2022-07,Sub-Saharan Africa,Niger,Garin Kaka,Post-emergency,4359,311,12,NA,80,69,0,272
2022-07,Sub-Saharan Africa,Niger,Ouallam,Post-emergency,6041,114,38,NA,47,38,9,NA
2022-07,Sub-Saharan Africa,Niger,Sayam Forage,Post-emergency,31594,NA,0,NA,NA,NA,0,NA
2022-07,Sub-Saharan Africa,Nigeria,Adagom,Post-emergency,12750,123,17,100,36,25,15,1275
2022-07,Southern Asia,Pakistan,Muhammad Khail,Post-emergency,8948,3,4,0,0,3,100,745
2022-07,Sub-Saharan Africa,Rwanda,Kigeme,Post-emergency,14491,72,16,100,42,33,100,658
2022-07,Sub-Saharan Africa,Rwanda,Kiziba,Post-emergency,16465,54,26,100,49,22,100,257
2022-07,Sub-Saharan Africa,Rwanda,Mahama,Post-emergency,57970,69,27,100,16,17,100,452
2022-07,Sub-Saharan Africa,Rwanda,Mugombwa,Post-emergency,11304,72,29,100,35,26,100,942
2022-07,Sub-Saharan Africa,Rwanda,Nyabiheke,Post-emergency,13579,85,18,100,45,19,0,848
2022-07,Northern Africa,Sudan,Abuda,Post-emergency,3533,49,46,NA,NA,6,60,NA
2022-07,Northern Africa,Sudan,Dar Batti,Post-emergency,13874,NA,0,NA,27,14,28,138
2022-07,Northern Africa,Sudan,Gedied,Post-emergency,784,NA,0,NA,11,7,38,78
2022-07,Northern Africa,Sudan,Girba,Post-emergency,6288,66,35,NA,NA,9,45,3144
2022-07,Northern Africa,Sudan,Gurayd,Post-emergency,990,NA,0,NA,19,8,42,99
2022-07,Northern Africa,Sudan,Kilo 26,Post-emergency,9856,329,38,NA,NA,8,50,1971
2022-07,Northern Africa,Sudan,Shagarab I,Post-emergency,61833,279,12,NA,NA,16,14,8833
2022-07,Northern Africa,Sudan,Sirajiya,Post-emergency,5682,NA,0,NA,35,18,21,126
2022-07,Northern Africa,Sudan,Wad Sharife,Post-emergency,18483,93,26,NA,NA,9,44,NA
2022-07,Sub-Saharan Africa,Tanzania,Nyarugusu Congolese,Post-emergency,80871,131,34,98,NA,7,63,1023
2022-07,Sub-Saharan Africa,Uganda,Adjumani,Post-emergency,244525,531,14,66,11,9,80,815
2022-07,Sub-Saharan Africa,Uganda,Kyaka II,Post-emergency,117450,675,10,50,11,7,54,471
2022-07,Sub-Saharan Africa,Uganda,Kyangwali,Post-emergency,123954,339,14,NA,NA,5,63,616
2022-07,Sub-Saharan Africa,Uganda,Nakivale,Post-emergency,147347,883,14,94,10,7,53,454
2022-07,Sub-Saharan Africa,Uganda,Oruchinga,Post-emergency,7785,3970,24,79,9,7,63,108
2022-07,Sub-Saharan Africa,Uganda,Palorinya,Post-emergency,125833,194,18,96,4,5,86,NA
2022-07,Sub-Saharan Africa,Uganda,Rwamwanja,Post-emergency,82926,91,12,54,588,7,61,431
2022-07,Sub-Saharan Africa,Zambia,Mayukwayukwa,Post-emergency,19952,NA,21,NA,NA,14,23,950
2022-07,Sub-Saharan Africa,Ethiopia,Kobe,Post-emergency,37156,125,19,100,NA,50,7,NA
2022-06,Northern Africa,Algeria,Auserd,Post-emergency,18638,28,48,21,4,5,94,1242
2022-06,Northern Africa,Algeria,Boujdour,Post-emergency,9601,NA,61,27,4,5,94,960
2022-06,Northern Africa,Algeria,Dakhla,Post-emergency,10870,49,72,NA,4,5,98,724
2022-06,Northern Africa,Algeria,Layounne,Post-emergency,25503,31,30,NA,5,5,88,1700
2022-06,Northern Africa,Algeria,Smara,Post-emergency,25389,89,43,71,5,5,87,1493
2022-06,Sub-Saharan Africa,Angola,Lovua settlement,Post-emergency,7037,69,26,NA,6,6,69,NA
2022-06,Sub-Saharan Africa,Cameroon,Borgop,Post-emergency,11314,NA,16,NA,13,8,25,514
2022-06,Sub-Saharan Africa,Cameroon,Gado,Post-emergency,27416,0,16,NA,20,12,16,1096
2022-06,Sub-Saharan Africa,Cameroon,Lolo,Post-emergency,12126,404,14,NA,20,11,15,606
2022-06,Sub-Saharan Africa,Cameroon,Mbile,Post-emergency,11081,NA,17,NA,14,9,18,443
2022-06,Sub-Saharan Africa,Cameroon,Minawao,Post-emergency,73887,272,13,NA,22,12,18,2111
2022-06,Sub-Saharan Africa,Cameroon,Ngam,Post-emergency,7008,NA,17,NA,11,7,32,467
2022-06,Sub-Saharan Africa,Cameroon,Ngarisingo,Post-emergency,1364,NA,15,NA,9,5,37,454
2022-06,Sub-Saharan Africa,Cameroon,Timangolo,Post-emergency,7138,446,15,NA,15,9,20,509
2022-06,Sub-Saharan Africa,Chad,Amboko,Post-emergency,10728,NA,23,NA,21,21,20,10728
2022-06,Sub-Saharan Africa,Chad,Belom,Post-emergency,30335,NA,13,NA,29,25,21,15167
2022-06,Sub-Saharan Africa,Chad,Dar Es Salam,Post-emergency,17536,31,18,12,12,13,25,1461
2022-06,Sub-Saharan Africa,Chad,Doholo,Post-emergency,12859,NA,18,NA,18,18,100,4286
2022-06,Sub-Saharan Africa,Chad,Dosseye,Post-emergency,14636,NA,42,NA,8,8,53,4878
2022-06,Sub-Saharan Africa,Chad,Gon,Post-emergency,3731,NA,16,NA,41,37,100,3731
2022-06,Sub-Saharan Africa,Chad,Gondje,Post-emergency,9958,NA,28,NA,47,43,10,4979
2022-06,Sub-Saharan Africa,Chad,Moyo,Post-emergency,7394,NA,40,NA,44,35,8,3697
2022-06,Sub-Saharan Africa,Democratic Republic of the Congo,Bili,Post-emergency,17841,496,7,0,50,50,3,1784
2022-06,Sub-Saharan Africa,Democratic Republic of the Congo,Boyabu,Post-emergency,11551,NA,21,NA,15,16,28,770
2022-06,Sub-Saharan Africa,Democratic Republic of the Congo,Inke,Post-emergency,17841,NA,15,0,20,20,23,892
2022-06,Sub-Saharan Africa,Democratic Republic of the Congo,Lusenda,Post-emergency,26246,82,17,100,15,15,25,2624
2022-06,Sub-Saharan Africa,Democratic Republic of the Congo,Mole,Post-emergency,10567,NA,20,100,16,16,25,704
2022-06,Sub-Saharan Africa,Democratic Republic of the Congo,Mulongwe (Baraka),Post-emergency,7764,43,14,100,13,12,31,1552
2022-06,Sub-Saharan Africa,Djibouti,Ali Adde,Post-emergency,16921,77,16,100,NA,12,31,4230
2022-06,Sub-Saharan Africa,Djibouti,Holl Holl,Post-emergency,8360,92,16,100,4180,29,10,4180
2022-06,Sub-Saharan Africa,Ethiopia,Alemwach,Emergency,14019,NA,17,NA,70,70,100,NA
2022-06,Sub-Saharan Africa,Ethiopia,Bambasi,Post-emergency,19812,134,18,100,7,11,44,1524
2022-06,Sub-Saharan Africa,Ethiopia,Bokolmanyo,Post-emergency,33169,157,16,97,NA,24,11,NA
2022-06,Sub-Saharan Africa,Ethiopia,Buramino,Post-emergency,45267,158,12,100,NA,46,12,NA
2022-06,Sub-Saharan Africa,Ethiopia,Fugnido,Post-emergency,48731,83,17,100,44,24,22,1133
2022-06,Sub-Saharan Africa,Ethiopia,Fugnido 2,Post-emergency,10343,56,16,96,20,15,35,1149
2022-06,Sub-Saharan Africa,Ethiopia,Hilaweyn,Post-emergency,47478,140,14,100,NA,66,7,NA
2022-06,Sub-Saharan Africa,Ethiopia,Jewi,Post-emergency,65901,137,19,96,32,16,35,1098
2022-06,Sub-Saharan Africa,Ethiopia,Kobe,Post-emergency,37099,128,17,100,NA,50,7,NA
2022-06,Sub-Saharan Africa,Ethiopia,Kule,Post-emergency,51343,158,0,90,102,14,39,1116
2022-06,Sub-Saharan Africa,Ethiopia,Melkadida,Post-emergency,41178,156,16,100,NA,26,14,NA
2022-06,Sub-Saharan Africa,Ethiopia,Nguenyyiel,Post-emergency,110156,157,15,80,21,19,23,1079
2022-06,Sub-Saharan Africa,Ethiopia,Okugo,Post-emergency,13472,90,13,100,NA,13,25,612
2022-06,Sub-Saharan Africa,Ethiopia,Sherkole,Post-emergency,12027,150,15,100,9,10,39,1002
2022-06,Sub-Saharan Africa,Ethiopia,Tierkidi,Post-emergency,69685,211,14,91,292,45,11,1142
2022-06,Sub-Saharan Africa,Ethiopia,Tsore Camp (Assosa),Post-emergency,42707,180,12,100,20,28,16,3050
2022-06,Sub-Saharan Africa,Ghana,Ampain,Post-emergency,3262,35,53,80,29,21,100,191
2022-06,Sub-Saharan Africa,Ghana,Egyeikrom,Post-emergency,1412,54,63,NA,13,13,100,108
2022-06,Sub-Saharan Africa,Ghana,Fetentaa,Post-emergency,705,24,31,25,20,7,2,70
2022-06,Sub-Saharan Africa,Ghana,Krisan,Post-emergency,669,0,28,100,1,10,100,95
2022-06,Western Asia,Iraq,Arbat,Post-emergency,9080,NA,0,100,5,5,100,NA
2022-06,Western Asia,Iraq,Basirma,Post-emergency,2250,5,98,100,6,6,100,750
2022-06,Western Asia,Iraq,Kawergosk,Post-emergency,7745,5,134,100,5,6,100,968
2022-06,Western Asia,Iraq,Qushtapa,Post-emergency,8348,5,121,100,5,6,100,94
2022-06,Sub-Saharan Africa,Kenya,Dagahaley,Post-emergency,91192,108,20,96,NA,8,66,2171
2022-06,Sub-Saharan Africa,Kenya,Hagadera,Post-emergency,95866,115,18,85,NA,6,78,1169
2022-06,Sub-Saharan Africa,Kenya,Ifo,Post-emergency,84593,74,24,99,NA,7,65,2014
2022-06,Sub-Saharan Africa,Malawi,Dzaleka,Post-emergency,55054,475,11,100,11,8,38,161
2022-06,Sub-Saharan Africa,Mozambique,Maratane,Post-emergency,8904,152,13,NA,NA,4,100,445
2022-06,Sub-Saharan Africa,Niger,Abala,Post-emergency,10500,162,13,NA,47,19,6,3500
2022-06,Sub-Saharan Africa,Niger,Chadakori,Emergency,7919,NA,10,NA,87,86,100,NA
2022-06,Sub-Saharan Africa,Niger,Dandaji Makao,Emergency,5446,NA,5,NA,67,61,100,NA
2022-06,Sub-Saharan Africa,Niger,Garin Kaka,Emergency,4360,NA,20,NA,80,69,100,NA
2022-06,Sub-Saharan Africa,Niger,Ouallam,Post-emergency,6041,114,20,NA,44,38,9,NA
2022-06,Sub-Saharan Africa,Nigeria,Adagom,Post-emergency,12750,123,17,100,41,27,13,1275
2022-06,Sub-Saharan Africa,Nigeria,Ikyogen,Post-emergency,11260,331,8,NA,56,30,20,2252
2022-06,Sub-Saharan Africa,Nigeria,Ukende,Post-emergency,4120,54,17,100,27,25,16,686
2022-06,Sub-Saharan Africa,Rwanda,Kigeme,Post-emergency,14491,72,17,100,42,33,100,658
2022-06,Sub-Saharan Africa,Rwanda,Kiziba,Post-emergency,16561,54,26,100,49,22,100,258
2022-06,Sub-Saharan Africa,Rwanda,Mahama,Post-emergency,57885,76,25,100,16,16,0,452
2022-06,Sub-Saharan Africa,Rwanda,Mugombwa,Post-emergency,11304,72,27,100,35,26,100,942
2022-06,Sub-Saharan Africa,Rwanda,Nyabiheke,Post-emergency,13782,86,14,100,48,19,0,861
2022-06,Northern Africa,Sudan,Abu Jubaiha Town,Post-emergency,2937,98,0,NA,NA,12,33,293
2022-06,Northern Africa,Sudan,Abuda,Post-emergency,3457,132,27,0,9,8,53,345
2022-06,Northern Africa,Sudan,Abunowara,Post-emergency,367,NA,0,NA,NA,NA,100,NA
2022-06,Northern Africa,Sudan,Dar Batti,Post-emergency,13874,NA,1,NA,346,14,28,346
2022-06,Northern Africa,Sudan,Gedied,Post-emergency,784,NA,0,NA,NA,52,5,NA
2022-06,Northern Africa,Sudan,Girba,Post-emergency,6204,132,20,100,NA,9,46,NA
2022-06,Northern Africa,Sudan,Gurayd,Post-emergency,990,NA,0,NA,99,52,5,165
2022-06,Northern Africa,Sudan,Kilo 26,Post-emergency,9850,218,50,100,NA,8,37,3283
2022-06,Northern Africa,Sudan,Shagarab I,Post-emergency,55390,337,15,50,NA,14,20,7912
2022-06,Northern Africa,Sudan,Sirajiya,Post-emergency,5682,NA,0,NA,14,3,11,NA
2022-06,Northern Africa,Sudan,Wad Sharife,Post-emergency,18149,116,6,100,8,9,34,907
2022-06,Sub-Saharan Africa,Tanzania,Nduta,Post-emergency,77479,50,46,86,NA,4,88,569
2022-06,Sub-Saharan Africa,Tanzania,Nyarugusu Burundian,Post-emergency,49847,55,24,94,NA,5,83,859
2022-06,Sub-Saharan Africa,Tanzania,Nyarugusu Congolese,Post-emergency,80809,131,31,96,NA,8,56,1022
2022-06,Sub-Saharan Africa,Uganda,Adjumani,Post-emergency,244525,531,14,74,11,9,80,815
2022-06,Sub-Saharan Africa,Uganda,Imvepi,Post-emergency,59549,NA,0,NA,NA,NA,100,NA
2022-06,Sub-Saharan Africa,Uganda,Nakivale,Post-emergency,145613,883,12,94,10,7,54,455
2022-06,Sub-Saharan Africa,Uganda,Oruchinga,Post-emergency,8601,3970,20,81,10,8,81,119
2022-06,Sub-Saharan Africa,Uganda,Palorinya,Post-emergency,125833,194,18,100,4,5,86,NA
2022-06,Sub-Saharan Africa,Uganda,Rwamwanja,Post-emergency,82387,104,13,55,584,7,61,429
2022-06,Sub-Saharan Africa,Zambia,Mayukwayukwa,Post-emergency,18672,NA,21,NA,NA,14,23,889
2022-05,Northern Africa,Algeria,Auserd,Post-emergency,18638,28,44,NA,4,5,94,1242
2022-05,Northern Africa,Algeria,Boujdour,Post-emergency,9601,NA,54,NA,4,5,94,960
2022-05,Northern Africa,Algeria,Dakhla,Post-emergency,10870,49,74,NA,4,5,98,724
2022-05,Northern Africa,Algeria,Layounne,Post-emergency,25503,31,29,NA,5,5,88,1700
2022-05,Northern Africa,Algeria,Smara,Post-emergency,25389,89,42,NA,5,5,87,1493
2022-05,Sub-Saharan Africa,Cameroon,Borgop,Post-emergency,11341,NA,19,NA,13,7,25,515
2022-05,Sub-Saharan Africa,Cameroon,Gado,Post-emergency,28274,0,16,NA,21,11,16,1130
2022-05,Sub-Saharan Africa,Cameroon,Lolo,Post-emergency,12398,413,15,NA,20,10,15,619
2022-05,Sub-Saharan Africa,Cameroon,Mbile,Post-emergency,11106,NA,16,NA,14,7,18,444
2022-05,Sub-Saharan Africa,Cameroon,Minawao,Post-emergency,73194,272,14,NA,22,11,19,2091
2022-05,Sub-Saharan Africa,Cameroon,Ngam,Post-emergency,6894,NA,20,NA,11,6,32,459
2022-05,Sub-Saharan Africa,Cameroon,Ngarisingo,Post-emergency,1366,NA,15,NA,9,5,37,455
2022-05,Sub-Saharan Africa,Cameroon,Timangolo,Post-emergency,7140,446,16,NA,15,8,20,510
2022-05,Sub-Saharan Africa,Chad,Amboko,Post-emergency,10736,NA,18,NA,21,21,100,10736
2022-05,Sub-Saharan Africa,Chad,Belom,Post-emergency,29988,NA,14,NA,28,25,21,14994
2022-05,Sub-Saharan Africa,Chad,Dar Es Salam,Post-emergency,17398,31,18,88,11,13,25,1449
2022-05,Sub-Saharan Africa,Chad,Doholo,Post-emergency,12859,NA,21,NA,18,18,26,4286
2022-05,Sub-Saharan Africa,Chad,Dosseye,Post-emergency,14657,NA,41,NA,8,8,53,4885
2022-05,Sub-Saharan Africa,Chad,Gon,Post-emergency,3731,NA,20,NA,41,37,8,3731
2022-05,Sub-Saharan Africa,Chad,Gondje,Post-emergency,9958,NA,28,NA,47,43,10,4979
2022-05,Sub-Saharan Africa,Chad,Moyo,Post-emergency,7395,NA,40,NA,44,35,8,3697
2022-05,Sub-Saharan Africa,Democratic Republic of the Congo,Bili,Post-emergency,10050,279,13,100,28,28,18,1005
2022-05,Sub-Saharan Africa,Democratic Republic of the Congo,Boyabu,Post-emergency,11467,NA,26,NA,15,16,32,764
2022-05,Sub-Saharan Africa,Democratic Republic of the Congo,Inke,Post-emergency,17841,NA,15,NA,20,20,23,892
2022-05,Sub-Saharan Africa,Democratic Republic of the Congo,Lusenda,Post-emergency,26246,82,17,100,15,15,25,2624
2022-05,Sub-Saharan Africa,Democratic Republic of the Congo,Modale,Post-emergency,5800,NA,0,NA,NA,NA,100,NA
2022-05,Sub-Saharan Africa,Democratic Republic of the Congo,Mole,Post-emergency,9985,NA,18,100,15,15,33,665
2022-05,Sub-Saharan Africa,Democratic Republic of the Congo,Mulongwe (Baraka),Post-emergency,7764,43,14,100,13,12,31,1552
2022-05,Sub-Saharan Africa,Democratic Republic of the Congo,Wenze,Emergency,5028,NA,6762,NA,419,193,100,NA
2022-05,Sub-Saharan Africa,Djibouti,Ali Adde,Post-emergency,16919,77,16,100,NA,12,31,4229
2022-05,Sub-Saharan Africa,Djibouti,Holl Holl,Post-emergency,8319,91,12,100,4159,29,10,4159
2022-05,Sub-Saharan Africa,Ethiopia,Alemwach,Emergency,10038,NA,14,NA,50,50,100,NA
2022-05,Sub-Saharan Africa,Ethiopia,Bambasi,Post-emergency,19760,98,16,100,7,8,61,1520
2022-05,Sub-Saharan Africa,Ethiopia,Fugnido,Post-emergency,48761,83,18,100,44,24,22,1133
2022-05,Sub-Saharan Africa,Ethiopia,Fugnido 2,Post-emergency,10336,56,20,100,20,15,35,1148
2022-05,Sub-Saharan Africa,Ethiopia,Jewi,Post-emergency,65807,137,16,100,32,16,35,1096
2022-05,Sub-Saharan Africa,Ethiopia,Kule,Post-emergency,51331,158,14,100,102,14,39,1115
2022-05,Sub-Saharan Africa,Ethiopia,Nguenyyiel,Post-emergency,110156,157,14,NA,21,21,23,1079
2022-05,Sub-Saharan Africa,Ethiopia,Okugo,Post-emergency,13497,117,10,100,NA,13,100,613
2022-05,Sub-Saharan Africa,Ethiopia,Sherkole,Post-emergency,11983,112,10,100,8,8,48,998
2022-05,Sub-Saharan Africa,Ethiopia,Tierkidi,Post-emergency,69685,211,14,NA,292,45,100,1142
2022-05,Sub-Saharan Africa,Ethiopia,Tsore Camp (Assosa),Post-emergency,41967,186,14,100,26,27,16,2997
2022-05,Sub-Saharan Africa,Ghana,Ampain,Post-emergency,3262,35,53,80,29,21,100,191
2022-05,Sub-Saharan Africa,Ghana,Egyeikrom,Post-emergency,1412,54,63,NA,13,13,100,108
2022-05,Sub-Saharan Africa,Ghana,Fetentaa,Post-emergency,801,26,28,25,22,8,2,80
2022-05,Sub-Saharan Africa,Ghana,Krisan,Post-emergency,669,0,28,100,1,10,100,95
2022-05,Sub-Saharan Africa,Kenya,Dagahaley,Post-emergency,90872,108,20,98,NA,7,66,2163
2022-05,Sub-Saharan Africa,Kenya,Hagadera,Post-emergency,97605,117,20,83,NA,6,78,2323
2022-05,Sub-Saharan Africa,Kenya,Ifo,Post-emergency,83478,73,26,96,NA,7,65,1987
2022-05,Sub-Saharan Africa,Malawi,Dzaleka,Post-emergency,54823,473,11,NA,11,8,38,160
2022-05,Sub-Saharan Africa,Mozambique,Maratane,Post-emergency,9124,152,13,NA,NA,4,100,456
2022-05,Sub-Saharan Africa,Niger,Abala,Post-emergency,16204,216,9,NA,72,21,3,5401
2022-05,Sub-Saharan Africa,Niger,Chadakori,Emergency,7919,NA,14,NA,87,86,100,NA
2022-05,Sub-Saharan Africa,Niger,Dandaji Makao,Emergency,5446,NA,4,NA,67,61,100,NA
2022-05,Sub-Saharan Africa,Niger,Garin Kaka,Emergency,4360,NA,18,NA,80,69,100,NA
2022-05,Sub-Saharan Africa,Niger,Ouallam,Post-emergency,6041,114,16,NA,46,24,9,NA
2022-05,Sub-Saharan Africa,Nigeria,Adagam 3,Post-emergency,2280,129,16,67,20,24,18,570
2022-05,Sub-Saharan Africa,Nigeria,Adagom,Post-emergency,12750,123,15,100,41,27,15,1275
2022-05,Sub-Saharan Africa,Nigeria,Ikyogen,Post-emergency,11260,331,8,100,56,30,20,2252
2022-05,Sub-Saharan Africa,Nigeria,Ukende,Post-emergency,4010,50,15,100,26,24,40,668
2022-05,Sub-Saharan Africa,Rwanda,Kigeme,Post-emergency,14458,72,16,100,42,33,100,657
2022-05,Sub-Saharan Africa,Rwanda,Kiziba,Post-emergency,16621,54,26,100,49,22,100,259
2022-05,Sub-Saharan Africa,Rwanda,Mahama,Post-emergency,57826,76,23,100,16,16,100,451
2022-05,Sub-Saharan Africa,Rwanda,Mugombwa,Post-emergency,11273,71,25,100,35,26,100,939
2022-05,Sub-Saharan Africa,Rwanda,Nyabiheke,Post-emergency,13920,86,14,100,48,20,0,870
2022-05,Sub-Saharan Africa,South Sudan,Ajoung Thok,Post-emergency,47488,100,21,95,NA,7,65,92
2022-05,Sub-Saharan Africa,South Sudan,Pamir,Post-emergency,47674,100,18,78,NA,10,41,916
2022-05,Northern Africa,Sudan,Abu Jubaiha Town,Post-emergency,758,25,2,NA,NA,3,9,75
2022-05,Northern Africa,Sudan,Abuda,Post-emergency,2417,97,20,NA,6,6,53,241
2022-05,Northern Africa,Sudan,Abunowara,Post-emergency,93,NA,0,NA,NA,NA,100,NA
2022-05,Northern Africa,Sudan,Babikir,Post-emergency,2365,NA,0,0,NA,12,100,NA
2022-05,Northern Africa,Sudan,Dar Batti,Post-emergency,13874,NA,1,NA,346,1387,0,346
2022-05,Northern Africa,Sudan,Gedied,Post-emergency,307,NA,0,NA,NA,20,2,NA
2022-05,Northern Africa,Sudan,Girba,Post-emergency,6261,133,22,NA,NA,9,33,894
2022-05,Northern Africa,Sudan,Kilo 26,Post-emergency,9837,218,18,NA,NA,4,71,1229
2022-05,Northern Africa,Sudan,Shagarab I,Post-emergency,59543,360,18,NA,NA,15,20,2977
2022-05,Northern Africa,Sudan,Wad Sharife,Post-emergency,17767,114,25,NA,8,9,34,888
2022-05,Sub-Saharan Africa,Tanzania,Nduta,Post-emergency,77441,62,35,82,NA,4,88,569
2022-05,Sub-Saharan Africa,Tanzania,Nyarugusu Burundian,Post-emergency,49589,55,24,100,NA,5,84,854
2022-05,Sub-Saharan Africa,Tanzania,Nyarugusu Congolese,Post-emergency,80445,130,27,100,NA,8,56,1018
2022-05,Sub-Saharan Africa,Uganda,Adjumani,Post-emergency,244525,531,14,82,11,9,80,815
2022-05,Sub-Saharan Africa,Uganda,Kiryandongo,Post-emergency,75090,NA,0,NA,NA,NA,100,NA
2022-05,Sub-Saharan Africa,Uganda,Kyaka II,Post-emergency,116966,672,10,100,12,7,53,475
2022-05,Sub-Saharan Africa,Uganda,Oruchinga,Post-emergency,8601,0,21,NA,10,8,82,119
2022-05,Sub-Saharan Africa,Uganda,Palorinya,Post-emergency,128573,223,18,96,4,5,85,NA
2022-05,Sub-Saharan Africa,Uganda,Rwamwanja,Post-emergency,81948,68,11,57,795,7,60,426
2022-05,Sub-Saharan Africa,Zambia,Mayukwayukwa,Post-emergency,18672,NA,21,NA,NA,14,23,889
2022-04,Northern Africa,Algeria,Auserd,Post-emergency,18638,28,46,NA,4,5,94,1242
2022-04,Northern Africa,Algeria,Boujdour,Post-emergency,9601,NA,42,33,4,5,94,960
2022-04,Northern Africa,Algeria,Dakhla,Post-emergency,10870,49,71,NA,4,5,98,724
2022-04,Northern Africa,Algeria,Layounne,Post-emergency,25503,NA,30,NA,5,5,88,1700
2022-04,Northern Africa,Algeria,Smara,Post-emergency,25389,89,40,40,5,5,87,1493
2022-04,Sub-Saharan Africa,Angola,Lovua settlement,Post-emergency,7012,68,17,0,6,5,89,701
2022-04,Sub-Saharan Africa,Burundi,Musasa,Post-emergency,9003,43,22,NA,45,14,2,66
2022-04,Sub-Saharan Africa,Cameroon,Borgop,Post-emergency,11543,NA,19,NA,13,7,25,524
2022-04,Sub-Saharan Africa,Cameroon,Gado,Post-emergency,28712,0,15,100,21,11,16,1148
2022-04,Sub-Saharan Africa,Cameroon,Lolo,Post-emergency,12473,416,15,100,20,10,15,623
2022-04,Sub-Saharan Africa,Cameroon,Mbile,Post-emergency,11096,NA,16,100,14,7,17,443
2022-04,Sub-Saharan Africa,Cameroon,Minawao,Post-emergency,71756,272,14,100,21,11,19,2050
2022-04,Sub-Saharan Africa,Cameroon,Ngam,Post-emergency,6991,NA,20,NA,11,6,32,466
2022-04,Sub-Saharan Africa,Cameroon,Ngarisingo,Post-emergency,1366,NA,15,NA,9,5,36,455
2022-04,Sub-Saharan Africa,Cameroon,Timangolo,Post-emergency,7169,448,16,100,16,8,20,512
2022-04,Sub-Saharan Africa,Chad,Amboko,Post-emergency,10162,NA,24,NA,20,19,20,10162
2022-04,Sub-Saharan Africa,Chad,Belom,Post-emergency,28067,NA,19,NA,26,24,49,14033
2022-04,Sub-Saharan Africa,Chad,Dar Es Salam,Post-emergency,17317,31,18,100,11,13,25,1443
2022-04,Sub-Saharan Africa,Chad,Dembo,Post-emergency,5402,NA,14,NA,28,26,15,5402
2022-04,Sub-Saharan Africa,Chad,Diba,Post-emergency,3919,NA,13,NA,40,37,7,3919
2022-04,Sub-Saharan Africa,Chad,Dilingala,Post-emergency,3230,NA,19,NA,46,34,8,3230
2022-04,Sub-Saharan Africa,Chad,Doholo,Post-emergency,6211,NA,45,NA,8,9,26,2070
2022-04,Sub-Saharan Africa,Chad,Dosseye,Post-emergency,14219,NA,43,NA,8,8,53,4739
2022-04,Sub-Saharan Africa,Chad,Gon,Post-emergency,3731,NA,16,NA,41,37,8,3731
2022-04,Sub-Saharan Africa,Chad,Gondje,Post-emergency,8176,NA,22,NA,38,35,10,4088
2022-04,Sub-Saharan Africa,Chad,Moyo,Post-emergency,7412,NA,31,NA,44,35,8,3706
2022-04,Sub-Saharan Africa,Chad,Silambi,Post-emergency,646,NA,47,NA,28,21,13,646
2022-04,Sub-Saharan Africa,Democratic Republic of the Congo,Bili,Post-emergency,10050,279,13,100,28,28,18,1005
2022-04,Sub-Saharan Africa,Democratic Republic of the Congo,Boyabu,Post-emergency,11967,NA,25,NA,16,16,30,797
2022-04,Sub-Saharan Africa,Democratic Republic of the Congo,Inke,Post-emergency,17841,NA,14,NA,20,20,41,892
2022-04,Sub-Saharan Africa,Democratic Republic of the Congo,Lusenda,Post-emergency,26246,82,17,100,15,15,25,2624
2022-04,Sub-Saharan Africa,Democratic Republic of the Congo,Mole,Post-emergency,11078,NA,16,100,16,17,30,738
2022-04,Sub-Saharan Africa,Democratic Republic of the Congo,Mulongwe (Baraka),Post-emergency,7764,43,14,100,13,12,31,1552
2022-04,Sub-Saharan Africa,Djibouti,Ali Adde,Post-emergency,16922,77,19,100,NA,12,31,4230
2022-04,Sub-Saharan Africa,Djibouti,Holl Holl,Post-emergency,8295,91,18,100,4147,29,10,4147
2022-04,Sub-Saharan Africa,Ethiopia,Alemwach,Emergency,8620,NA,14,NA,43,43,100,NA
2022-04,Sub-Saharan Africa,Ethiopia,Awbarre,Post-emergency,12600,NA,0,33,55,7,68,630
2022-04,Sub-Saharan Africa,Ethiopia,Bambasi,Post-emergency,19607,97,13,100,7,8,61,1508
2022-04,Sub-Saharan Africa,Ethiopia,Fugnido,Post-emergency,48307,82,20,100,44,24,22,NA
2022-04,Sub-Saharan Africa,Ethiopia,Fugnido 2,Post-emergency,10171,55,21,100,20,15,35,1130
2022-04,Sub-Saharan Africa,Ethiopia,Jewi,Post-emergency,65323,136,19,100,32,16,36,1088
2022-04,Sub-Saharan Africa,Ethiopia,Kule,Post-emergency,51132,158,16,100,102,13,39,1111
2022-04,Sub-Saharan Africa,Ethiopia,Nguenyyiel,Post-emergency,101938,170,17,100,19,19,25,999
2022-04,Sub-Saharan Africa,Ethiopia,Okugo,Post-emergency,13450,90,20,100,NA,13,25,611
2022-04,Sub-Saharan Africa,Ethiopia,Sherkole,Post-emergency,11910,111,7,100,8,9,48,992
2022-04,Sub-Saharan Africa,Ethiopia,Tierkidi,Post-emergency,69503,211,17,NA,292,45,11,1139
2022-04,Sub-Saharan Africa,Ethiopia,Tsore Camp (Assosa),Post-emergency,36000,184,11,100,23,23,21,2571
2022-04,Sub-Saharan Africa,Ghana,Ampain,Post-emergency,3262,35,53,80,29,21,100,191
2022-04,Sub-Saharan Africa,Ghana,Egyeikrom,Post-emergency,1412,54,63,NA,13,13,100,108
2022-04,Sub-Saharan Africa,Ghana,Fetentaa,Post-emergency,970,31,24,25,27,10,2,97
2022-04,Sub-Saharan Africa,Ghana,Krisan,Post-emergency,669,0,28,100,1,10,100,95
2022-04,Western Asia,Iraq,Basirma,Post-emergency,2245,5,100,100,6,6,100,748
2022-04,Western Asia,Iraq,Kawergosk,Post-emergency,7740,5,136,100,5,6,100,967
2022-04,Western Asia,Iraq,Qushtapa,Post-emergency,8340,5,124,100,5,6,100,94
2022-04,Sub-Saharan Africa,Kenya,Dagahaley,Post-emergency,90510,107,20,100,NA,7,66,2155
2022-04,Sub-Saharan Africa,Kenya,Hagadera,Post-emergency,97740,117,21,88,NA,6,78,2327
2022-04,Sub-Saharan Africa,Kenya,Ifo,Post-emergency,83496,73,28,92,NA,7,65,1988
2022-04,Sub-Saharan Africa,Malawi,Dzaleka,Post-emergency,54405,469,11,100,11,8,38,159
2022-04,Sub-Saharan Africa,Mozambique,Maratane,Post-emergency,9315,152,12,NA,NA,4,100,465
2022-04,Sub-Saharan Africa,Niger,Abala,Post-emergency,16204,216,19,NA,72,21,3,5401
2022-04,Sub-Saharan Africa,Niger,Chadakori,Emergency,7919,NA,14,NA,87,86,100,NA
2022-04,Sub-Saharan Africa,Niger,Dandaji Makao,Emergency,5446,NA,5,NA,67,61,100,NA
2022-04,Sub-Saharan Africa,Niger,Garin Kaka,Emergency,4360,NA,20,NA,80,69,100,NA
2022-04,Sub-Saharan Africa,Niger,Ouallam,Post-emergency,6041,114,17,NA,46,24,9,NA
2022-04,Sub-Saharan Africa,Rwanda,Kigeme,Post-emergency,14422,72,14,100,39,29,100,655
2022-04,Sub-Saharan Africa,Rwanda,Kiziba,Post-emergency,16629,53,26,100,49,22,100,259
2022-04,Sub-Saharan Africa,Rwanda,Mahama,Post-emergency,57632,76,22,100,16,16,100,450
2022-04,Sub-Saharan Africa,Rwanda,Mugombwa,Post-emergency,11223,71,22,100,35,26,100,935
2022-04,Sub-Saharan Africa,Rwanda,Nyabiheke,Post-emergency,13906,86,14,100,45,21,100,869
2022-04,Sub-Saharan Africa,South Sudan,Ajoung Thok,Post-emergency,47078,116,25,85,NA,7,65,574
2022-04,Sub-Saharan Africa,South Sudan,Pamir,Post-emergency,47159,119,19,82,NA,10,41,906
2022-04,Northern Africa,Sudan,Abu Jubaiha Town,Post-emergency,2937,98,0,NA,NA,12,33,293
2022-04,Northern Africa,Sudan,Abuda,Post-emergency,2417,97,20,NA,6,6,53,241
2022-04,Northern Africa,Sudan,Abunowara,Post-emergency,367,NA,0,NA,NA,NA,100,NA
2022-04,Northern Africa,Sudan,Babikir,Post-emergency,2075,NA,0,0,NA,16,100,NA
2022-04,Northern Africa,Sudan,Dar Batti,Post-emergency,13874,NA,1,NA,346,14,28,346
2022-04,Northern Africa,Sudan,Gedied,Post-emergency,784,NA,0,NA,NA,52,5,NA
2022-04,Northern Africa,Sudan,Girba,Post-emergency,6261,133,22,NA,NA,9,33,894
2022-04,Northern Africa,Sudan,Gurayd,Post-emergency,990,NA,0,NA,99,52,5,165
2022-04,Northern Africa,Sudan,Kilo 26,Post-emergency,9837,218,18,NA,NA,4,71,1229
2022-04,Northern Africa,Sudan,Shagarab I,Post-emergency,59543,360,18,NA,NA,15,20,2977
2022-04,Northern Africa,Sudan,Sirajiya,Post-emergency,5682,NA,0,NA,142,34,11,NA
2022-04,Northern Africa,Sudan,Wad Sharife,Post-emergency,17767,114,25,NA,8,9,34,888
2022-04,Sub-Saharan Africa,Tanzania,Nduta,Post-emergency,77420,63,25,81,NA,4,87,569
2022-04,Sub-Saharan Africa,Tanzania,Nyarugusu Burundian,Post-emergency,49422,54,24,95,NA,5,85,852
2022-04,Sub-Saharan Africa,Tanzania,Nyarugusu Congolese,Post-emergency,80212,103,23,98,NA,8,55,1015
2022-04,Sub-Saharan Africa,Uganda,Adjumani,Post-emergency,244525,531,14,65,11,9,80,815
2022-04,Sub-Saharan Africa,Uganda,Kyaka II,Post-emergency,113495,597,11,100,11,7,53,461
2022-04,Sub-Saharan Africa,Uganda,Palorinya,Post-emergency,128573,223,18,100,4,5,84,NA
2022-04,Sub-Saharan Africa,Uganda,Rhino Camp,Post-emergency,NA,345,NA,NA,0,0,100,0
2022-04,Sub-Saharan Africa,Uganda,Rwamwanja,Post-emergency,85112,83,12,57,1251,7,62,443
2022-03,Northern Africa,Algeria,Auserd,Post-emergency,18638,28,40,100,4,5,94,1242
2022-03,Northern Africa,Algeria,Boujdour,Post-emergency,9601,NA,37,NA,4,5,94,960
2022-03,Northern Africa,Algeria,Dakhla,Post-emergency,10870,49,72,NA,4,5,98,724
2022-03,Northern Africa,Algeria,Layounne,Post-emergency,25503,NA,30,50,5,5,88,1700
2022-03,Northern Africa,Algeria,Smara,Post-emergency,25389,89,35,NA,5,5,87,1493
2022-03,Sub-Saharan Africa,Angola,Lovua settlement,Post-emergency,6979,68,23,0,6,5,89,697
2022-03,Sub-Saharan Africa,Cameroon,Borgop,Post-emergency,11502,NA,18,NA,13,7,24,522
2022-03,Sub-Saharan Africa,Cameroon,Gado,Post-emergency,NA,0,NA,NA,0,0,100,0
2022-03,Sub-Saharan Africa,Cameroon,Lolo,Post-emergency,12481,119,15,100,22,11,13,624
2022-03,Sub-Saharan Africa,Cameroon,Mbile,Post-emergency,11090,NA,16,100,19,10,13,443
2022-03,Sub-Saharan Africa,Cameroon,Minawao,Post-emergency,71021,272,12,100,23,12,17,2029
2022-03,Sub-Saharan Africa,Cameroon,Ngam,Post-emergency,6988,NA,18,NA,12,6,29,465
2022-03,Sub-Saharan Africa,Cameroon,Ngarisingo,Post-emergency,1366,NA,15,NA,9,5,34,455
2022-03,Sub-Saharan Africa,Cameroon,Timangolo,Post-emergency,7190,136,16,100,21,11,15,513
2022-03,Sub-Saharan Africa,Chad,Amboko,Post-emergency,9819,NA,22,NA,19,19,20,9819
2022-03,Sub-Saharan Africa,Chad,Amnabak,Post-emergency,27401,169,10,95,32,30,14,9133
2022-03,Sub-Saharan Africa,Chad,Beakoro,Post-emergency,227,NA,36,NA,20,17,20,NA
2022-03,Sub-Saharan Africa,Chad,Bekan,Post-emergency,3089,NA,33,NA,162,124,3,3089
2022-03,Sub-Saharan Africa,Chad,Belom,Post-emergency,28067,NA,23,NA,26,24,49,14033
2022-03,Sub-Saharan Africa,Chad,Dar Es Salam,Post-emergency,16958,31,18,NA,12,14,23,1413
2022-03,Sub-Saharan Africa,Chad,Dembo,Post-emergency,5402,NA,17,NA,28,26,15,5402
2022-03,Sub-Saharan Africa,Chad,Diba,Post-emergency,3919,NA,23,NA,40,37,7,3919
2022-03,Sub-Saharan Africa,Chad,Dilingala,Post-emergency,3230,NA,19,NA,46,34,8,3230
2022-03,Sub-Saharan Africa,Chad,Doholo,Post-emergency,12617,NA,22,NA,17,17,26,4205
2022-03,Sub-Saharan Africa,Chad,Dosseye,Post-emergency,14219,NA,34,NA,8,8,53,4739
2022-03,Sub-Saharan Africa,Chad,Gon,Post-emergency,3731,NA,16,NA,41,37,8,3731
2022-03,Sub-Saharan Africa,Chad,Gondje,Post-emergency,8092,NA,26,NA,38,35,10,4046
2022-03,Sub-Saharan Africa,Chad,Iridimi,Post-emergency,24645,103,12,97,15,15,26,8215
2022-03,Sub-Saharan Africa,Chad,Kounoungou,Post-emergency,22852,119,18,96,18,18,22,4570
2022-03,Sub-Saharan Africa,Chad,Mile,Post-emergency,23894,84,14,95,16,16,24,4778
2022-03,Sub-Saharan Africa,Chad,Moyo,Post-emergency,7412,NA,35,NA,44,35,8,3706
2022-03,Sub-Saharan Africa,Chad,Oure Cassoni,Post-emergency,35624,258,13,96,16,15,40,11874
2022-03,Sub-Saharan Africa,Chad,Silambi,Post-emergency,646,NA,47,NA,28,21,13,646
2022-03,Sub-Saharan Africa,Chad,Touloum,Post-emergency,30343,108,12,96,52,45,10,10114
2022-03,Sub-Saharan Africa,Democratic Republic of the Congo,Bili,Post-emergency,10050,279,13,100,28,28,18,1005
2022-03,Sub-Saharan Africa,Democratic Republic of the Congo,Boyabu,Post-emergency,11967,NA,25,NA,16,16,30,797
2022-03,Sub-Saharan Africa,Democratic Republic of the Congo,Inke,Post-emergency,17841,NA,14,NA,20,20,23,892
2022-03,Sub-Saharan Africa,Democratic Republic of the Congo,Lusenda,Post-emergency,26246,104,13,100,9,9,43,2624
2022-03,Sub-Saharan Africa,Democratic Republic of the Congo,Mole,Post-emergency,11078,NA,16,100,16,17,30,738
2022-03,Sub-Saharan Africa,Democratic Republic of the Congo,Mulongwe (Baraka),Post-emergency,7764,43,18,100,13,12,29,1552
2022-03,Sub-Saharan Africa,Djibouti,Ali Adde,Post-emergency,16925,77,20,100,NA,12,31,4231
2022-03,Sub-Saharan Africa,Djibouti,Holl Holl,Post-emergency,8138,89,17,100,4069,28,10,4069
2022-03,Sub-Saharan Africa,Ethiopia,Alemwach,Emergency,3500,NA,21,NA,17,17,100,NA
2022-03,Sub-Saharan Africa,Ethiopia,Awbarre,Post-emergency,12600,108,143,33,NA,12,43,2100
2022-03,Sub-Saharan Africa,Ethiopia,Bambasi,Post-emergency,19497,97,4,100,7,8,61,1499
2022-03,Sub-Saharan Africa,Ethiopia,Fugnido,Post-emergency,48307,82,18,100,44,24,22,1097
2022-03,Sub-Saharan Africa,Ethiopia,Fugnido 2,Post-emergency,10171,55,20,100,20,15,35,1130
2022-03,Sub-Saharan Africa,Ethiopia,Jewi,Post-emergency,65323,136,19,NA,32,16,36,1088
2022-03,Sub-Saharan Africa,Ethiopia,Kule,Post-emergency,51132,158,15,100,102,13,39,594
2022-03,Sub-Saharan Africa,Ethiopia,Nguenyyiel,Post-emergency,101938,170,19,100,19,19,25,999
2022-03,Sub-Saharan Africa,Ethiopia,Okugo,Post-emergency,13450,90,19,100,NA,13,25,611
2022-03,Sub-Saharan Africa,Ethiopia,Sheder,Post-emergency,12529,570,34,0,77,7,72,626
2022-03,Sub-Saharan Africa,Ethiopia,Sherkole,Post-emergency,11828,111,8,100,NA,8,48,985
2022-03,Sub-Saharan Africa,Ethiopia,Tierkidi,Post-emergency,69503,211,16,NA,292,45,11,1139
2022-03,Sub-Saharan Africa,Ethiopia,Tsore Camp (Assosa),Post-emergency,19035,116,2,100,12,12,36,1359
2022-03,Sub-Saharan Africa,Ghana,Ampain,Post-emergency,3262,35,53,80,29,21,100,191
2022-03,Sub-Saharan Africa,Ghana,Egyeikrom,Post-emergency,1412,54,63,NA,13,13,100,108
2022-03,Sub-Saharan Africa,Ghana,Fetentaa,Post-emergency,1053,33,22,25,30,11,2,105
2022-03,Sub-Saharan Africa,Ghana,Krisan,Post-emergency,669,0,28,100,1,10,100,95
2022-03,Western Asia,Iraq,Basirma,Post-emergency,2240,5,104,100,6,6,100,746
2022-03,Western Asia,Iraq,Kawergosk,Post-emergency,7736,5,129,100,5,6,100,967
2022-03,Western Asia,Iraq,Qushtapa,Post-emergency,8338,5,125,100,5,6,100,94
2022-03,Sub-Saharan Africa,Kenya,Dagahaley,Post-emergency,82905,98,27,94,NA,7,83,1973
2022-03,Sub-Saharan Africa,Kenya,Hagadera,Post-emergency,88075,106,23,97,NA,5,96,2097
2022-03,Sub-Saharan Africa,Kenya,Ifo,Post-emergency,77767,68,29,100,NA,7,81,1851
2022-03,Sub-Saharan Africa,Malawi,Dzaleka,Post-emergency,53935,465,11,NA,11,8,38,158
2022-03,Sub-Saharan Africa,Mozambique,Maratane,Post-emergency,9315,150,12,NA,NA,4,100,465
2022-03,Sub-Saharan Africa,Niger,Abala,Post-emergency,16204,216,18,NA,72,21,3,5401
2022-03,Sub-Saharan Africa,Niger,Chadakori,Emergency,7919,NA,8,NA,87,86,100,NA
2022-03,Sub-Saharan Africa,Niger,Dandaji Makao,Emergency,5446,NA,5,NA,67,61,100,NA
2022-03,Sub-Saharan Africa,Niger,Garin Kaka,Emergency,4360,NA,17,NA,80,69,100,NA
2022-03,Sub-Saharan Africa,Niger,Ouallam,Post-emergency,5945,112,29,NA,45,24,9,NA
2022-03,Sub-Saharan Africa,Nigeria,Adagom,Post-emergency,12750,136,12,100,42,28,22,1275
2022-03,Sub-Saharan Africa,Nigeria,Ukende,Post-emergency,4084,50,15,50,27,24,32,680
2022-03,Sub-Saharan Africa,Republic of Congo,Betou,Post-emergency,5624,NA,0,100,69,56,2,NA
2022-03,Sub-Saharan Africa,Republic of Congo,Gamboma,Post-emergency,4799,NA,0,NA,27,27,14,NA
2022-03,Sub-Saharan Africa,Rwanda,Kigeme,Post-emergency,16041,80,15,100,43,32,100,729
2022-03,Sub-Saharan Africa,Rwanda,Kiziba,Post-emergency,16699,55,26,100,49,22,100,260
2022-03,Sub-Saharan Africa,Rwanda,Mahama,Post-emergency,56030,74,22,100,15,16,100,437
2022-03,Sub-Saharan Africa,Rwanda,Mugombwa,Post-emergency,11240,71,22,100,35,26,100,936
2022-03,Sub-Saharan Africa,Rwanda,Nyabiheke,Post-emergency,14104,88,13,100,46,21,100,881
2022-03,Northern Africa,Sudan,Abu Jubaiha Town,Post-emergency,2937,98,0,NA,NA,12,33,293
2022-03,Northern Africa,Sudan,Abuda,Post-emergency,2417,97,35,NA,6,6,53,241
2022-03,Northern Africa,Sudan,Al Jameya,Post-emergency,11986,153,14,94,NA,9,53,799
2022-03,Northern Africa,Sudan,Al Kashafa,Post-emergency,13363,152,8,97,NA,11,39,890
2022-03,Northern Africa,Sudan,Al Redis 1,Post-emergency,27095,333,7,50,NA,30,14,1806
2022-03,Northern Africa,Sudan,Al Redis 2,Post-emergency,27095,147,8,50,NA,32,11,1806
2022-03,Northern Africa,Sudan,Alagaya,Post-emergency,38632,260,5,39,NA,69,4,2575
2022-03,Northern Africa,Sudan,Babikir,Post-emergency,2047,NA,0,0,NA,16,100,NA
2022-03,Northern Africa,Sudan,Dabat Bosin,Post-emergency,27356,506,7,72,NA,158,1,1823
2022-03,Northern Africa,Sudan,Dar Batti,Post-emergency,13874,NA,1,NA,346,14,28,346
2022-03,Northern Africa,Sudan,Gedied,Post-emergency,784,NA,0,NA,NA,52,5,NA
2022-03,Northern Africa,Sudan,Girba,Post-emergency,6261,133,29,NA,NA,2,100,894
2022-03,Northern Africa,Sudan,Gurayd,Post-emergency,990,NA,0,NA,NA,NA,100,NA
2022-03,Northern Africa,Sudan,Jouri,Post-emergency,11737,174,9,100,NA,22,16,782
2022-03,Northern Africa,Sudan,Khor Alwarel,Post-emergency,37595,168,0,61,NA,62,100,2506
2022-03,Northern Africa,Sudan,Kilo 26,Post-emergency,9837,218,32,NA,NA,4,71,1229
2022-03,Northern Africa,Sudan,Shagarab I,Post-emergency,59543,360,25,NA,NA,15,20,2977
2022-03,Northern Africa,Sudan,Um Sangour,Post-emergency,32968,221,6,79,NA,31,11,2197
2022-03,Northern Africa,Sudan,Wad Sharife,Post-emergency,17767,114,25,100,8,9,34,888
2022-03,Sub-Saharan Africa,Tanzania,Nduta,Post-emergency,77042,63,31,100,NA,4,88,566
2022-03,Sub-Saharan Africa,Tanzania,Nyarugusu Burundian,Post-emergency,49422,63,32,93,NA,5,84,852
2022-03,Sub-Saharan Africa,Tanzania,Nyarugusu Congolese,Post-emergency,80212,103,28,96,NA,8,55,1015
2022-03,Sub-Saharan Africa,Uganda,Adjumani,Post-emergency,244525,722,14,37,11,9,79,815
2022-03,Sub-Saharan Africa,Uganda,Imvepi,Post-emergency,72874,197,22,NA,5,4,78,520
2022-03,Sub-Saharan Africa,Uganda,Kyaka II,Post-emergency,135827,597,9,100,14,8,39,552
2022-03,Sub-Saharan Africa,Uganda,Kyangwali,Post-emergency,136570,355,13,92,75,5,64,679
2022-03,Sub-Saharan Africa,Uganda,Nakivale,Post-emergency,121704,631,15,NA,8,6,81,380
2022-03,Sub-Saharan Africa,Uganda,Oruchinga,Post-emergency,8601,0,21,NA,8,8,82,126
2022-03,Sub-Saharan Africa,Uganda,Palorinya,Post-emergency,128573,223,18,100,4,5,84,NA
2022-03,Sub-Saharan Africa,Uganda,Rhino Camp,Post-emergency,130834,345,18,NA,8,5,76,513
2022-03,Sub-Saharan Africa,Uganda,Rwamwanja,Post-emergency,83183,2177,10,100,1808,6,66,433
2022-03,Sub-Saharan Africa,Zambia,Mayukwayukwa,Post-emergency,18672,NA,21,NA,NA,14,23,889
2022-03,Sub-Saharan Africa,Zimbabwe,Tongogara,Post-emergency,14903,103,20,NA,NA,8,100,1490
2022-02,Northern Africa,Algeria,Auserd,Post-emergency,18638,28,44,91,4,5,94,1242
2022-02,Northern Africa,Algeria,Boujdour,Post-emergency,9601,NA,37,NA,4,5,94,960
2022-02,Northern Africa,Algeria,Dakhla,Post-emergency,10870,49,72,NA,4,5,98,724
2022-02,Northern Africa,Algeria,Layounne,Post-emergency,25503,NA,30,39,5,5,88,1700
2022-02,Northern Africa,Algeria,Smara,Post-emergency,25389,89,33,NA,5,5,87,1493
2022-02,Sub-Saharan Africa,Angola,Lovua settlement,Post-emergency,6953,67,27,0,6,5,89,695
2022-02,Sub-Saharan Africa,Cameroon,Borgop,Post-emergency,11511,NA,16,100,18,17,2,523
2022-02,Sub-Saharan Africa,Cameroon,Gado,Post-emergency,29164,152,14,100,37,32,1,1166
2022-02,Sub-Saharan Africa,Cameroon,Lolo,Post-emergency,12489,119,14,NA,27,23,2,624
2022-02,Sub-Saharan Africa,Cameroon,Mbile,Post-emergency,11032,NA,14,56,32,22,3,441
2022-02,Sub-Saharan Africa,Cameroon,Minawao,Post-emergency,68510,272,12,NA,23,21,17,1957
2022-02,Sub-Saharan Africa,Cameroon,Ngam,Post-emergency,6811,NA,17,NA,22,18,4,454
2022-02,Sub-Saharan Africa,Cameroon,Ngarisingo,Post-emergency,1374,NA,17,100,15,15,3,458
2022-02,Sub-Saharan Africa,Cameroon,Timangolo,Post-emergency,7202,136,14,100,16,16,15,514
2022-02,Sub-Saharan Africa,Democratic Republic of the Congo,Bili,Post-emergency,9928,276,13,100,27,28,18,NA
2022-02,Sub-Saharan Africa,Democratic Republic of the Congo,Boyabu,Post-emergency,12375,NA,24,NA,17,17,29,4125
2022-02,Sub-Saharan Africa,Democratic Republic of the Congo,Inke,Post-emergency,17670,NA,15,NA,19,20,25,4417
2022-02,Sub-Saharan Africa,Democratic Republic of the Congo,Lusenda,Post-emergency,26246,104,12,100,9,9,43,2624
2022-02,Sub-Saharan Africa,Democratic Republic of the Congo,Mole,Post-emergency,11078,NA,15,100,16,17,30,3692
2022-02,Sub-Saharan Africa,Democratic Republic of the Congo,Mulongwe (Baraka),Post-emergency,7764,43,18,100,13,12,29,1552
2022-02,Sub-Saharan Africa,Djibouti,Ali Adde,Post-emergency,17013,77,21,100,NA,12,31,4253
2022-02,Sub-Saharan Africa,Djibouti,Holl Holl,Post-emergency,8012,88,20,100,4006,28,11,4006
2022-02,Sub-Saharan Africa,Ethiopia,Alemwach,Emergency,1200,NA,20,NA,6,6,100,NA
2022-02,Sub-Saharan Africa,Ethiopia,Bambasi,Post-emergency,19461,97,11,100,7,8,61,1497
2022-02,Sub-Saharan Africa,Ethiopia,Bokolmanyo,Post-emergency,30709,NA,13,100,47,24,13,183
2022-02,Sub-Saharan Africa,Ethiopia,Buramino,Post-emergency,41073,146,14,100,71,41,13,291
2022-02,Sub-Saharan Africa,Ethiopia,Dollo Ado Transit Centre,Emergency,919,NA,21,NA,114,27,100,NA
2022-02,Sub-Saharan Africa,Ethiopia,Fugnido,Post-emergency,48258,82,19,100,44,24,22,1096
2022-02,Sub-Saharan Africa,Ethiopia,Fugnido 2,Post-emergency,10142,55,20,100,20,15,35,1126
2022-02,Sub-Saharan Africa,Ethiopia,Hilaweyn,Post-emergency,42822,129,14,100,57,53,11,428
2022-02,Sub-Saharan Africa,Ethiopia,Jewi,Post-emergency,NA,0,NA,NA,0,0,100,0
2022-02,Sub-Saharan Africa,Ethiopia,Kobe,Post-emergency,35739,123,25,100,42,23,16,232
2022-02,Sub-Saharan Africa,Ethiopia,Kule,Post-emergency,50954,157,13,100,101,13,39,592
2022-02,Sub-Saharan Africa,Ethiopia,Melkadida,Post-emergency,38822,127,24,100,45,25,15,250
2022-02,Sub-Saharan Africa,Ethiopia,Nguenyyiel,Post-emergency,101612,169,18,50,19,19,25,996
2022-02,Sub-Saharan Africa,Ethiopia,Okugo,Post-emergency,13356,89,19,100,NA,13,25,607
2022-02,Sub-Saharan Africa,Ethiopia,Sherkole,Post-emergency,11808,111,26,100,NA,8,48,984
2022-02,Sub-Saharan Africa,Ethiopia,Tierkidi,Post-emergency,69265,210,11,100,291,45,11,1135
2022-02,Sub-Saharan Africa,Ethiopia,Tsore Camp (Assosa),Post-emergency,18975,115,14,100,12,12,36,1355
2022-02,Sub-Saharan Africa,Ghana,Ampain,Post-emergency,3262,35,53,40,29,21,100,191
2022-02,Sub-Saharan Africa,Ghana,Egyeikrom,Post-emergency,1400,74,46,NA,13,13,100,107
2022-02,Sub-Saharan Africa,Ghana,Fetentaa,Post-emergency,1147,36,23,25,32,12,2,114
2022-02,Sub-Saharan Africa,Ghana,Krisan,Post-emergency,710,0,26,100,2,11,100,101
2022-02,Western Asia,Iraq,Basirma,Post-emergency,2235,5,102,100,6,6,100,745
2022-02,Western Asia,Iraq,Kawergosk,Post-emergency,7735,5,140,100,5,6,100,966
2022-02,Western Asia,Iraq,Qushtapa,Post-emergency,8335,5,125,100,5,6,100,94
2022-02,Sub-Saharan Africa,Kenya,Dagahaley,Post-emergency,82893,98,25,100,NA,7,83,1973
2022-02,Sub-Saharan Africa,Kenya,Hagadera,Post-emergency,88053,106,23,98,NA,5,96,2096
2022-02,Sub-Saharan Africa,Kenya,Ifo,Post-emergency,77776,68,29,99,NA,7,81,1851
2022-02,Sub-Saharan Africa,Malawi,Dzaleka,Post-emergency,53578,462,11,100,11,8,38,157
2022-02,Sub-Saharan Africa,Niger,Abala,Post-emergency,16204,216,20,NA,72,21,3,5401
2022-02,Sub-Saharan Africa,Niger,Chadakori,Emergency,7919,NA,6,NA,87,86,100,NA
2022-02,Sub-Saharan Africa,Niger,Dandaji Makao,Emergency,5446,NA,5,NA,67,61,100,NA
2022-02,Sub-Saharan Africa,Niger,Garin Kaka,Emergency,4360,NA,15,NA,80,69,100,NA
2022-02,Sub-Saharan Africa,Niger,Ouallam,Post-emergency,5807,110,24,NA,44,23,9,NA
2022-02,Sub-Saharan Africa,Nigeria,Adagam 3,Post-emergency,2193,77,20,100,19,23,27,548
2022-02,Sub-Saharan Africa,Nigeria,Adagom,Post-emergency,12316,131,12,100,NA,27,21,NA
2022-02,Sub-Saharan Africa,Nigeria,Ikyogen,Post-emergency,11155,332,6,50,44,28,100,2231
2022-02,Sub-Saharan Africa,Nigeria,Ukende,Post-emergency,4022,226,14,67,26,22,27,670
2022-02,Sub-Saharan Africa,Rwanda,Kigeme,Post-emergency,16018,80,14,100,43,32,100,728
2022-02,Sub-Saharan Africa,Rwanda,Kiziba,Post-emergency,16699,55,31,100,49,22,100,260
2022-02,Sub-Saharan Africa,Rwanda,Mahama,Post-emergency,55925,74,22,100,15,16,100,436
2022-02,Sub-Saharan Africa,Rwanda,Mugombwa,Post-emergency,11223,71,22,100,35,26,100,935
2022-02,Sub-Saharan Africa,Rwanda,Nyabiheke,Post-emergency,14126,88,13,100,46,21,100,882
2022-02,Sub-Saharan Africa,South Sudan,Ajoung Thok,Post-emergency,46598,115,24,93,NA,7,65,568
2022-02,Sub-Saharan Africa,South Sudan,Pamir,Post-emergency,46118,116,18,91,NA,10,42,886
2022-02,Northern Africa,Sudan,Abu Jubaiha Town,Post-emergency,2937,98,0,NA,NA,12,33,293
2022-02,Northern Africa,Sudan,Abuda,Post-emergency,2367,96,40,NA,6,6,53,236
2022-02,Northern Africa,Sudan,Al Jameya,Post-emergency,11924,157,13,50,NA,9,54,794
2022-02,Northern Africa,Sudan,Al Kashafa,Post-emergency,13368,151,8,52,NA,11,39,891
2022-02,Northern Africa,Sudan,Al Redis 1,Post-emergency,11615,164,14,86,NA,13,31,774
2022-02,Northern Africa,Sudan,Al Redis 2,Post-emergency,27090,132,8,NA,NA,32,11,1806
2022-02,Northern Africa,Sudan,Alagaya,Post-emergency,38415,259,5,86,NA,68,4,2561
2022-02,Northern Africa,Sudan,Babikir,Post-emergency,2074,NA,0,0,NA,16,100,NA
2022-02,Northern Africa,Sudan,Dabat Bosin,Post-emergency,27326,505,6,64,NA,158,1,1821
2022-02,Northern Africa,Sudan,Dar Batti,Post-emergency,13874,NA,1,NA,346,14,28,346
2022-02,Northern Africa,Sudan,Girba,Post-emergency,6209,132,29,NA,NA,2,100,887
2022-02,Northern Africa,Sudan,Jouri,Post-emergency,11737,171,8,50,NA,22,16,782
2022-02,Northern Africa,Sudan,Khor Alwarel,Post-emergency,37327,165,9,48,NA,62,100,2488
2022-02,Northern Africa,Sudan,Kilo 26,Post-emergency,9858,218,39,NA,NA,4,71,1232
2022-02,Northern Africa,Sudan,Shagarab I,Post-emergency,58866,356,16,NA,NA,15,20,3098
2022-02,Northern Africa,Sudan,Sirajiya,Post-emergency,5682,NA,0,NA,142,34,11,NA
2022-02,Northern Africa,Sudan,Um Sangour,Post-emergency,39045,258,5,63,NA,37,10,2603
2022-02,Northern Africa,Sudan,Wad Sharife,Post-emergency,17308,111,25,NA,7,8,34,865
2022-02,Sub-Saharan Africa,Tanzania,Nduta,Post-emergency,77042,60,24,98,NA,4,87,579
2022-02,Sub-Saharan Africa,Tanzania,Nyarugusu Burundian,Post-emergency,49217,71,36,100,NA,5,85,592
2022-02,Sub-Saharan Africa,Tanzania,Nyarugusu Congolese,Post-emergency,79754,129,25,96,NA,8,55,1009
2022-02,Sub-Saharan Africa,Uganda,Adjumani,Post-emergency,244525,722,14,35,11,9,79,815
2022-02,Sub-Saharan Africa,Uganda,Imvepi,Post-emergency,72239,195,22,NA,5,4,79,515
2022-02,Sub-Saharan Africa,Uganda,Kyaka II,Post-emergency,130396,756,10,100,13,8,39,530
2022-02,Sub-Saharan Africa,Uganda,Kyangwali,Post-emergency,136636,343,12,100,76,5,64,679
2022-02,Sub-Saharan Africa,Uganda,Nakivale,Post-emergency,121704,631,15,NA,9,6,80,386
2022-02,Sub-Saharan Africa,Uganda,Oruchinga,Post-emergency,8601,0,21,NA,8,9,82,122
2022-02,Sub-Saharan Africa,Uganda,Palorinya,Post-emergency,128573,223,18,96,4,5,80,NA
2022-02,Sub-Saharan Africa,Uganda,Rhino Camp,Post-emergency,129866,342,20,NA,8,5,77,509
2022-02,Sub-Saharan Africa,Uganda,Rwamwanja,Post-emergency,83183,2177,10,63,NA,6,66,433
2022-02,Sub-Saharan Africa,Zimbabwe,Tongogara,Post-emergency,14903,103,20,NA,NA,8,100,1490
2022-01,Northern Africa,Algeria,Auserd,Post-emergency,18638,28,43,100,4,5,94,1242
2022-01,Northern Africa,Algeria,Boujdour,Post-emergency,9601,NA,38,NA,4,5,94,960
2022-01,Northern Africa,Algeria,Dakhla,Post-emergency,10870,49,72,NA,4,5,98,724
2022-01,Northern Africa,Algeria,Layounne,Post-emergency,25503,NA,30,56,5,5,88,1700
2022-01,Northern Africa,Algeria,Smara,Post-emergency,25389,89,34,NA,5,5,87,1493
2022-01,Sub-Saharan Africa,Angola,Lovua settlement,Post-emergency,6928,67,27,0,6,5,89,692
2022-01,Sub-Saharan Africa,Cameroon,Borgop,Post-emergency,11511,NA,16,100,18,17,2,523
2022-01,Sub-Saharan Africa,Cameroon,Gado,Post-emergency,29164,149,14,NA,37,32,1,1166
2022-01,Sub-Saharan Africa,Cameroon,Lolo,Post-emergency,12489,119,14,100,27,23,2,624
2022-01,Sub-Saharan Africa,Cameroon,Mbile,Post-emergency,11032,NA,13,100,32,22,3,441
2022-01,Sub-Saharan Africa,Cameroon,Minawao,Post-emergency,68516,272,12,NA,23,21,17,1957
2022-01,Sub-Saharan Africa,Cameroon,Ngam,Post-emergency,6811,NA,16,100,22,18,4,454
2022-01,Sub-Saharan Africa,Cameroon,Ngarisingo,Post-emergency,1374,NA,17,100,15,15,3,458
2022-01,Sub-Saharan Africa,Cameroon,Timangolo,Post-emergency,7202,136,14,34,16,16,15,514
2022-01,Sub-Saharan Africa,Democratic Republic of the Congo,Bili,Post-emergency,9928,276,13,100,27,28,18,NA
2022-01,Sub-Saharan Africa,Democratic Republic of the Congo,Boyabu,Post-emergency,12375,NA,24,NA,17,17,29,4125
2022-01,Sub-Saharan Africa,Democratic Republic of the Congo,Inke,Post-emergency,17670,NA,15,NA,19,20,25,4417
2022-01,Sub-Saharan Africa,Democratic Republic of the Congo,Lusenda,Post-emergency,26000,72,19,97,9,9,44,4333
2022-01,Sub-Saharan Africa,Democratic Republic of the Congo,Mole,Post-emergency,11078,NA,15,100,16,17,30,3692
2022-01,Sub-Saharan Africa,Democratic Republic of the Congo,Mulongwe (Baraka),Post-emergency,9000,55,14,100,15,14,43,1800
2022-01,Sub-Saharan Africa,Djibouti,Ali Adde,Post-emergency,17018,77,19,100,NA,12,31,4254
2022-01,Sub-Saharan Africa,Djibouti,Holl Holl,Post-emergency,7868,86,18,100,3934,27,12,3934
2022-01,Sub-Saharan Africa,Ethiopia,Alemwach,Emergency,700,NA,35,NA,7,7,100,NA
2022-01,Sub-Saharan Africa,Ethiopia,Bambasi,Post-emergency,19378,96,14,100,NA,8,61,1490
2022-01,Sub-Saharan Africa,Ethiopia,Bokolmanyo,Post-emergency,29120,143,14,100,45,39,14,174
2022-01,Sub-Saharan Africa,Ethiopia,Buramino,Post-emergency,38972,140,13,100,67,39,14,276
2022-01,Sub-Saharan Africa,Ethiopia,Dollo Ado Transit Centre,Emergency,2832,NA,7,NA,354,85,100,NA
2022-01,Sub-Saharan Africa,Ethiopia,Fugnido,Post-emergency,47784,81,19,100,43,24,22,1086
2022-01,Sub-Saharan Africa,Ethiopia,Fugnido 2,Post-emergency,10082,55,20,100,20,15,35,1120
2022-01,Sub-Saharan Africa,Ethiopia,Hilaweyn,Post-emergency,41770,126,15,100,56,52,11,417
2022-01,Sub-Saharan Africa,Ethiopia,Jewi,Post-emergency,65015,135,17,NA,32,16,35,1083
2022-01,Sub-Saharan Africa,Ethiopia,Kobe,Post-emergency,34656,119,26,100,41,22,17,225
2022-01,Sub-Saharan Africa,Ethiopia,Kule,Post-emergency,50818,157,13,100,101,13,39,590
2022-01,Sub-Saharan Africa,Ethiopia,Melkadida,Post-emergency,38317,126,24,100,45,24,15,247
2022-01,Sub-Saharan Africa,Ethiopia,Nguenyyiel,Post-emergency,100733,168,20,50,19,19,25,987
2022-01,Sub-Saharan Africa,Ethiopia,Okugo,Post-emergency,13316,116,14,100,NA,13,100,605
2022-01,Sub-Saharan Africa,Ethiopia,Sherkole,Post-emergency,11747,110,12,100,NA,8,48,587
2022-01,Sub-Saharan Africa,Ethiopia,Tierkidi,Post-emergency,69170,210,11,NA,290,45,11,1133
2022-01,Sub-Saharan Africa,Ethiopia,Tsore Camp (Assosa),Post-emergency,18647,113,21,100,NA,12,37,932
2022-01,Sub-Saharan Africa,Ghana,Ampain,Post-emergency,3262,35,53,40,29,21,100,191
2022-01,Sub-Saharan Africa,Ghana,Egyeikrom,Post-emergency,1400,54,64,NA,13,13,100,107
2022-01,Sub-Saharan Africa,Ghana,Fetentaa,Post-emergency,1147,36,23,25,32,12,2,114
2022-01,Sub-Saharan Africa,Ghana,Krisan,Post-emergency,710,0,26,100,2,11,100,101
2022-01,Western Asia,Iraq,Basirma,Post-emergency,2233,5,97,100,6,6,100,744
2022-01,Western Asia,Iraq,Kawergosk,Post-emergency,7730,5,139,100,5,6,100,966
2022-01,Western Asia,Iraq,Qushtapa,Post-emergency,8330,5,125,100,5,6,100,94
2022-01,Sub-Saharan Africa,Kenya,Dagahaley,Post-emergency,82898,98,28,100,NA,7,83,1973
2022-01,Sub-Saharan Africa,Kenya,Hagadera,Post-emergency,88051,106,25,99,NA,5,97,2096
2022-01,Sub-Saharan Africa,Kenya,Ifo,Post-emergency,77831,68,30,100,NA,7,81,1853
2022-01,Sub-Saharan Africa,Malawi,Dzaleka,Post-emergency,53189,459,11,100,11,8,38,155
2022-01,Sub-Saharan Africa,Niger,Abala,Post-emergency,16204,216,15,NA,72,21,3,5401
2022-01,Sub-Saharan Africa,Niger,Chadakori,Emergency,7919,NA,12,NA,87,86,100,NA
2022-01,Sub-Saharan Africa,Niger,Dandaji Makao,Emergency,5446,NA,11,NA,67,61,100,NA
2022-01,Sub-Saharan Africa,Niger,Garin Kaka,Emergency,4360,NA,21,NA,80,69,100,NA
2022-01,Sub-Saharan Africa,Niger,Ouallam,Post-emergency,5807,110,14,NA,44,23,9,NA
2022-01,Sub-Saharan Africa,Nigeria,Adagam 3,Post-emergency,2193,76,20,100,19,23,27,548
2022-01,Sub-Saharan Africa,Nigeria,Adagom,Post-emergency,12316,154,15,100,33,23,25,1231
2022-01,Sub-Saharan Africa,Nigeria,Ikyogen,Post-emergency,11155,332,6,50,44,28,100,2231
2022-01,Sub-Saharan Africa,Nigeria,Ukende,Post-emergency,3937,125,11,33,26,22,45,656
2022-01,Sub-Saharan Africa,Rwanda,Kigeme,Post-emergency,15983,80,15,100,43,32,100,726
2022-01,Sub-Saharan Africa,Rwanda,Kiziba,Post-emergency,16699,55,27,100,49,22,100,260
2022-01,Sub-Saharan Africa,Rwanda,Mahama,Post-emergency,55700,73,21,100,15,16,0,435
2022-01,Sub-Saharan Africa,Rwanda,Mugombwa,Post-emergency,11172,71,21,100,35,25,100,931
2022-01,Sub-Saharan Africa,Rwanda,Nyabiheke,Post-emergency,14117,88,11,100,46,21,100,882
2022-01,Sub-Saharan Africa,South Sudan,Ajoung Thok,Post-emergency,46284,114,21,97,NA,7,66,564
2022-01,Sub-Saharan Africa,South Sudan,Pamir,Post-emergency,45598,115,16,90,NA,10,42,876
2022-01,Northern Africa,Sudan,Abu Jubaiha Town,Post-emergency,2937,98,0,NA,NA,12,33,293
2022-01,Northern Africa,Sudan,Abuda,Post-emergency,2366,96,40,NA,6,6,53,236
2022-01,Northern Africa,Sudan,Al Jameya,Post-emergency,11924,157,13,60,NA,9,54,794
2022-01,Northern Africa,Sudan,Al Kashafa,Post-emergency,13368,151,8,81,NA,11,39,891
2022-01,Northern Africa,Sudan,Al Redis 1,Post-emergency,11615,164,14,79,NA,13,31,774
2022-01,Northern Africa,Sudan,Al Redis 2,Post-emergency,27090,131,12,76,NA,32,11,1806
2022-01,Northern Africa,Sudan,Alagaya,Post-emergency,38415,259,5,91,NA,68,4,2561
2022-01,Northern Africa,Sudan,Dabat Bosin,Post-emergency,27326,505,6,80,NA,158,1,1821
2022-01,Northern Africa,Sudan,Dar Batti,Post-emergency,13874,NA,0,NA,NA,14,28,NA
2022-01,Northern Africa,Sudan,Girba,Post-emergency,6225,133,28,NA,NA,2,100,889
2022-01,Northern Africa,Sudan,Jouri,Post-emergency,11737,171,8,100,NA,22,16,782
2022-01,Northern Africa,Sudan,Khor Alwarel,Post-emergency,37327,166,9,50,NA,62,100,2488
2022-01,Northern Africa,Sudan,Kilo 26,Post-emergency,9861,218,39,NA,NA,4,71,1232
2022-01,Northern Africa,Sudan,Shagarab I,Post-emergency,56928,346,18,NA,NA,15,20,2996
2022-01,Northern Africa,Sudan,Um Sangour,Post-emergency,39045,259,5,73,NA,37,10,2603
2022-01,Northern Africa,Sudan,Wad Sharife,Post-emergency,18182,116,25,NA,8,9,34,909
2022-01,Sub-Saharan Africa,Tanzania,Nduta,Post-emergency,76851,59,24,100,NA,5,75,541
2022-01,Sub-Saharan Africa,Tanzania,Nyarugusu Burundian,Post-emergency,49217,73,28,100,NA,5,85,592
2022-01,Sub-Saharan Africa,Tanzania,Nyarugusu Congolese,Post-emergency,79754,129,25,100,NA,7,57,1009
2022-01,Sub-Saharan Africa,Uganda,Adjumani,Post-emergency,243338,722,14,35,12,10,78,811
2022-01,Sub-Saharan Africa,Uganda,Imvepi,Post-emergency,72239,195,3,NA,5,4,79,515
2022-01,Sub-Saharan Africa,Uganda,Kyaka II,Post-emergency,132709,756,10,100,14,8,37,539
2022-01,Sub-Saharan Africa,Uganda,Nakivale,Post-emergency,150885,631,12,NA,11,7,86,479
2022-01,Sub-Saharan Africa,Uganda,Oruchinga,Post-emergency,8601,0,21,79,8,9,90,126
2022-01,Sub-Saharan Africa,Uganda,Palorinya,Post-emergency,128573,223,18,100,4,5,80,NA
2022-01,Sub-Saharan Africa,Uganda,Rhino Camp,Post-emergency,129866,342,20,NA,8,5,76,509
2022-01,Sub-Saharan Africa,Uganda,Rwamwanja,Post-emergency,77192,4600,11,71,NA,6,72,402
2022-01,Sub-Saharan Africa,Zambia,Mantapala,Post-emergency,17000,94,27,0,3,4,100,566
2022-01,Sub-Saharan Africa,Zambia,Mayukwayukwa,Post-emergency,18672,NA,21,NA,NA,14,23,889
2022-01,Sub-Saharan Africa,Zimbabwe,Tongogara,Post-emergency,14903,103,20,NA,NA,8,100,1490
2021-12,Sub-Saharan Africa,Angola,Lovua settlement,Post-emergency,6908,67,27,0,6,5,88,575
2021-12,Sub-Saharan Africa,Cameroon,Borgop,Post-emergency,11511,NA,18,NA,13,14,21,523
2021-12,Sub-Saharan Africa,Cameroon,Gado,Post-emergency,29164,149,14,95,37,32,1,1166
2021-12,Sub-Saharan Africa,Cameroon,Lolo,Post-emergency,12489,140,16,NA,27,18,14,416
2021-12,Sub-Saharan Africa,Cameroon,Mbile,Post-emergency,11032,NA,13,NA,32,22,3,441
2021-12,Sub-Saharan Africa,Cameroon,Minawao,Post-emergency,68516,272,12,NA,23,21,17,1957
2021-12,Sub-Saharan Africa,Cameroon,Ngam,Post-emergency,6811,NA,17,100,22,18,4,454
2021-12,Sub-Saharan Africa,Cameroon,Ngarisingo,Post-emergency,1374,NA,17,100,12,6,34,458
2021-12,Sub-Saharan Africa,Cameroon,Timangolo,Post-emergency,7202,136,16,NA,16,16,15,514
2021-12,Sub-Saharan Africa,Chad,Amboko,Post-emergency,9819,NA,25,NA,19,19,20,9819
2021-12,Sub-Saharan Africa,Chad,Amnabak,Post-emergency,27275,168,10,96,37,34,11,9091
2021-12,Sub-Saharan Africa,Chad,Beakoro,Post-emergency,227,NA,36,NA,20,17,20,NA
2021-12,Sub-Saharan Africa,Chad,Bekan,Post-emergency,3089,NA,28,NA,162,124,3,3089
2021-12,Sub-Saharan Africa,Chad,Belom,Post-emergency,28067,NA,26,NA,26,24,49,14033
2021-12,Sub-Saharan Africa,Chad,Bredjing,Post-emergency,49780,126,17,98,9,10,45,12445
2021-12,Sub-Saharan Africa,Chad,Dar Es Salam,Post-emergency,16797,NA,18,NA,12,14,23,1399
2021-12,Sub-Saharan Africa,Chad,Dembo,Post-emergency,5402,NA,14,NA,28,26,15,5402
2021-12,Sub-Saharan Africa,Chad,Diba,Post-emergency,3919,NA,19,NA,83,71,3,3919
2021-12,Sub-Saharan Africa,Chad,Dilingala,Post-emergency,3230,NA,19,NA,46,34,8,3230
2021-12,Sub-Saharan Africa,Chad,Djabal,Post-emergency,24354,74,18,96,8,8,56,8118
2021-12,Sub-Saharan Africa,Chad,Doholo,Post-emergency,12635,NA,17,NA,17,18,26,4211
2021-12,Sub-Saharan Africa,Chad,Dosseye,Post-emergency,14219,NA,43,NA,8,8,53,4739
2021-12,Sub-Saharan Africa,Chad,Farchana,Post-emergency,31109,123,18,96,9,9,47,10369
2021-12,Sub-Saharan Africa,Chad,Gaga,Post-emergency,26458,103,21,97,12,12,37,8819
2021-12,Sub-Saharan Africa,Chad,Gon,Post-emergency,3731,NA,20,NA,41,37,8,3731
2021-12,Sub-Saharan Africa,Chad,Gondje,Post-emergency,8092,NA,27,NA,38,35,10,4046
2021-12,Sub-Saharan Africa,Chad,Goz Amer,Post-emergency,37157,NA,16,NA,NA,16,27,12385
2021-12,Sub-Saharan Africa,Chad,Iridimi,Post-emergency,24612,103,11,97,17,16,26,8204
2021-12,Sub-Saharan Africa,Chad,Kerfi,Post-emergency,2339,NA,25,100,73,11,57,2339
2021-12,Sub-Saharan Africa,Chad,Kouchaguine-Moura,Post-emergency,8625,65,26,98,18,14,24,2875
2021-12,Sub-Saharan Africa,Chad,Kounoungou,Post-emergency,22825,119,12,97,17,15,24,7608
2021-12,Sub-Saharan Africa,Chad,Mile,Post-emergency,23699,83,12,96,18,17,24,7899
2021-12,Sub-Saharan Africa,Chad,Moyo,Post-emergency,7412,NA,35,NA,44,35,8,3706
2021-12,Sub-Saharan Africa,Chad,Oure Cassoni,Post-emergency,35691,259,6,96,31,26,12,11897
2021-12,Sub-Saharan Africa,Chad,Silambi,Post-emergency,646,NA,47,NA,28,21,13,646
2021-12,Sub-Saharan Africa,Chad,Touloum,Post-emergency,30145,107,10,98,67,56,7,10048
2021-12,Sub-Saharan Africa,Chad,Treguine,Post-emergency,27050,65,14,96,9,9,51,9016
2021-12,Sub-Saharan Africa,Democratic Republic of the Congo,Bili,Post-emergency,9928,276,13,100,27,28,18,NA
2021-12,Sub-Saharan Africa,Democratic Republic of the Congo,Boyabu,Post-emergency,12375,NA,24,NA,17,17,29,4125
2021-12,Sub-Saharan Africa,Democratic Republic of the Congo,Inke,Post-emergency,17670,NA,15,NA,19,20,25,4417
2021-12,Sub-Saharan Africa,Democratic Republic of the Congo,Lusenda,Post-emergency,28683,80,19,100,10,10,40,4780
2021-12,Sub-Saharan Africa,Democratic Republic of the Congo,Mole,Post-emergency,11078,NA,15,100,16,17,30,3692
2021-12,Sub-Saharan Africa,Democratic Republic of the Congo,Mulongwe (Baraka),Post-emergency,8202,42,16,100,7,7,52,1640
2021-12,Sub-Saharan Africa,Ethiopia,Awbarre,Post-emergency,12447,104,23,100,NA,11,44,2074
2021-12,Sub-Saharan Africa,Ethiopia,Bokolmanyo,Post-emergency,29031,143,13,100,44,39,14,173
2021-12,Sub-Saharan Africa,Ethiopia,Buramino,Post-emergency,38783,139,13,100,67,39,14,275
2021-12,Sub-Saharan Africa,Ethiopia,Dollo Ado Transit Centre,Emergency,439,NA,22,NA,54,13,100,NA
2021-12,Sub-Saharan Africa,Ethiopia,Fugnido,Post-emergency,45997,78,20,100,42,23,23,1045
2021-12,Sub-Saharan Africa,Ethiopia,Fugnido 2,Post-emergency,9923,51,20,100,19,15,35,1102
2021-12,Sub-Saharan Africa,Ethiopia,Hilaweyn,Post-emergency,41592,126,14,100,58,53,11,415
2021-12,Sub-Saharan Africa,Ethiopia,Jewi,Post-emergency,63879,133,18,100,31,16,36,1064
2021-12,Sub-Saharan Africa,Ethiopia,Kebribeyah,Post-emergency,15023,174,0,100,NA,13,39,1877
2021-12,Sub-Saharan Africa,Ethiopia,Kobe,Post-emergency,34363,118,26,100,40,22,17,223
2021-12,Sub-Saharan Africa,Ethiopia,Kule,Post-emergency,50409,156,13,100,100,13,39,586
2021-12,Sub-Saharan Africa,Ethiopia,Melkadida,Post-emergency,38020,125,24,100,44,24,15,245
2021-12,Sub-Saharan Africa,Ethiopia,Nguenyyiel,Post-emergency,99920,167,20,100,19,19,25,979
2021-12,Sub-Saharan Africa,Ethiopia,Okugo,Post-emergency,12920,92,20,100,NA,13,26,587
2021-12,Sub-Saharan Africa,Ethiopia,Sheder,Post-emergency,12482,164,22,100,NA,11,44,2080
2021-12,Sub-Saharan Africa,Ethiopia,Tierkidi,Post-emergency,68268,207,11,100,286,44,11,1119
2021-12,Sub-Saharan Africa,Ghana,Egyeikrom,Post-emergency,1400,54,64,NA,13,13,100,107
2021-12,Sub-Saharan Africa,Ghana,Fetentaa,Post-emergency,1100,35,24,25,31,11,2,110
2021-12,Sub-Saharan Africa,Ghana,Krisan,Post-emergency,690,0,27,60,1,11,100,98
2021-12,Sub-Saharan Africa,Kenya,Dagahaley,Post-emergency,83414,99,25,100,NA,7,81,1986
2021-12,Sub-Saharan Africa,Kenya,Hagadera,Post-emergency,88597,106,23,98,NA,5,95,2109
2021-12,Sub-Saharan Africa,Kenya,Ifo,Post-emergency,78447,68,26,100,NA,7,79,1867
2021-12,Sub-Saharan Africa,Malawi,Dzaleka,Post-emergency,52678,454,10,NA,11,8,38,154
2021-12,Sub-Saharan Africa,Niger,Abala,Post-emergency,16204,216,16,NA,71,42,3,16204
2021-12,Sub-Saharan Africa,Niger,Ouallam,Post-emergency,5807,124,11,NA,44,23,9,NA
2021-12,Sub-Saharan Africa,Nigeria,Adagam 3,Post-emergency,2158,72,21,83,19,20,51,539
2021-12,Sub-Saharan Africa,Nigeria,Adagom,Post-emergency,11988,154,15,100,32,23,27,1198
2021-12,Sub-Saharan Africa,Rwanda,Bugessera Transit Site,Post-emergency,371,10,88,100,13,7,100,20
2021-12,Sub-Saharan Africa,Rwanda,Kigeme,Post-emergency,15958,80,15,NA,47,32,100,725
2021-12,Sub-Saharan Africa,Rwanda,Kijote,Emergency,164,10,24,NA,6,8,100,41
2021-12,Sub-Saharan Africa,Rwanda,Kiziba,Post-emergency,16826,52,24,100,49,22,100,262
2021-12,Sub-Saharan Africa,Rwanda,Mahama,Post-emergency,55700,73,21,100,15,16,0,435
2021-12,Sub-Saharan Africa,Rwanda,Mugombwa,Post-emergency,11145,71,22,100,35,25,100,928
2021-12,Sub-Saharan Africa,Rwanda,Nyabiheke,Post-emergency,14156,88,11,100,45,21,100,884
2021-12,Sub-Saharan Africa,Rwanda,Nyanza Reception Center,Post-emergency,0,0,NA,NA,0,0,100,0
2021-12,Sub-Saharan Africa,South Sudan,Ajoung Thok,Post-emergency,46225,114,21,82,NA,7,63,391
2021-12,Sub-Saharan Africa,South Sudan,Doro,Post-emergency,74072,121,14,100,NA,10,49,1851
2021-12,Sub-Saharan Africa,South Sudan,Gendrassa,Post-emergency,20782,139,14,100,NA,10,50,649
2021-12,Sub-Saharan Africa,South Sudan,Kaya,Post-emergency,27627,79,17,100,NA,10,48,789
2021-12,Sub-Saharan Africa,South Sudan,Pamir,Post-emergency,45506,115,15,86,NA,10,41,399
2021-12,Sub-Saharan Africa,South Sudan,Yusuf Batil,Post-emergency,54265,108,9,67,NA,11,50,1507
2021-12,Northern Africa,Sudan,Abu Jubaiha Town,Post-emergency,2937,98,0,NA,NA,12,33,293
2021-12,Northern Africa,Sudan,Abuda,Post-emergency,2367,96,41,NA,6,6,63,236
2021-12,Northern Africa,Sudan,Al Jameya,Post-emergency,11620,147,10,81,NA,9,56,774
2021-12,Northern Africa,Sudan,Al Kashafa,Post-emergency,13302,148,5,87,NA,11,39,886
2021-12,Northern Africa,Sudan,Al Redis 2,Post-emergency,27199,128,16,71,NA,32,11,1813
2021-12,Northern Africa,Sudan,Alagaya,Post-emergency,38415,259,5,100,NA,79,4,2561
2021-12,Northern Africa,Sudan,Babikir,Emergency,NA,NA,NA,NA,NA,NA,100,NA
2021-12,Northern Africa,Sudan,Dabat Bosin,Post-emergency,27326,427,17,NA,NA,238,1,1821
2021-12,Northern Africa,Sudan,Fau 5,Post-emergency,830,39,41,NA,NA,8,51,830
2021-12,Northern Africa,Sudan,Girba,Post-emergency,6209,132,29,NA,NA,2,100,887
2021-12,Northern Africa,Sudan,Jouri,Post-emergency,11965,173,7,39,NA,24,15,797
2021-12,Northern Africa,Sudan,Khor Alwarel,Post-emergency,37730,178,7,73,NA,63,100,2515
2021-12,Northern Africa,Sudan,Kilo 26,Post-emergency,9857,218,39,NA,NA,4,95,1232
2021-12,Northern Africa,Sudan,Shagarab I,Post-emergency,55390,337,18,NA,NA,14,16,2915
2021-12,Northern Africa,Sudan,Um Gargour,Post-emergency,11518,662,30,NA,14,10,46,575
2021-12,Northern Africa,Sudan,Um Sangour,Post-emergency,39030,276,4,NA,NA,37,10,2602
2021-12,Northern Africa,Sudan,Wad Sharife,Post-emergency,17307,173,25,67,7,8,46,865
2021-12,Sub-Saharan Africa,Tanzania,Nduta,Post-emergency,76833,59,24,100,NA,5,76,441
2021-12,Sub-Saharan Africa,Tanzania,Nyarugusu Burundian,Post-emergency,49019,73,32,100,NA,5,88,778
2021-12,Sub-Saharan Africa,Tanzania,Nyarugusu Congolese,Post-emergency,79776,129,24,100,NA,7,65,961
2021-12,Sub-Saharan Africa,Uganda,Imvepi,Post-emergency,72239,176,25,NA,5,4,78,1094
2021-12,Sub-Saharan Africa,Uganda,Kyaka II,Post-emergency,132709,691,11,100,14,9,34,539
2021-12,Sub-Saharan Africa,Uganda,Kyangwali,Post-emergency,135346,0,11,95,2020,5,60,673
2021-12,Sub-Saharan Africa,Uganda,Nakivale,Post-emergency,116899,631,15,NA,9,6,86,371
2021-12,Sub-Saharan Africa,Uganda,Oruchinga,Post-emergency,8601,0,21,NA,8,9,90,126
2021-12,Sub-Saharan Africa,Uganda,Palorinya,Post-emergency,128416,NA,16,NA,NA,5,80,856
2021-12,Sub-Saharan Africa,Uganda,Rhino Camp,Post-emergency,129866,285,21,NA,NA,5,76,961
2021-12,Sub-Saharan Africa,Uganda,Rwamwanja,Post-emergency,78376,4554,11,100,NA,6,72,408
2021-12,Sub-Saharan Africa,Zambia,Mantapala,Post-emergency,17000,94,27,NA,3,4,100,566
2021-12,Sub-Saharan Africa,Zambia,Mayukwayukwa,Post-emergency,18672,NA,21,NA,NA,14,23,889
2021-12,Sub-Saharan Africa,Zimbabwe,Tongogara,Post-emergency,14093,98,21,NA,NA,8,100,1409
2021-07,Northern Africa,Algeria,Auserd,NA,NA,NA,NA,NA,NA,NA,99,NA
2021-07,Northern Africa,Algeria,Boujdour,NA,NA,NA,NA,NA,NA,NA,100,NA
2021-07,Northern Africa,Algeria,Dakhla,NA,NA,NA,NA,NA,NA,NA,98.5,NA
2021-07,Northern Africa,Algeria,Layounne,NA,NA,NA,NA,NA,NA,NA,99,NA
2021-07,Northern Africa,Algeria,Smara,NA,NA,NA,NA,NA,NA,NA,98.9,NA
2021-07,Sub-Saharan Africa,Cameroon,Borgop,NA,NA,NA,NA,NA,NA,NA,12.6,NA
2021-07,Sub-Saharan Africa,Cameroon,Gado,NA,NA,NA,NA,NA,NA,NA,5.6,NA
2021-07,Sub-Saharan Africa,Cameroon,Lolo,NA,NA,NA,NA,NA,NA,NA,21.4,NA
2021-07,Sub-Saharan Africa,Cameroon,Mbile,NA,NA,NA,NA,NA,NA,NA,17.5,NA
2021-07,Sub-Saharan Africa,Cameroon,Minawao,NA,NA,NA,NA,NA,NA,NA,67,NA
2021-07,Sub-Saharan Africa,Cameroon,Ngam,NA,NA,NA,NA,NA,NA,NA,18,NA
2021-07,Sub-Saharan Africa,Cameroon,Ngarisingo,NA,NA,NA,NA,NA,NA,NA,12.8,NA
2021-07,Sub-Saharan Africa,Cameroon,Timangolo,NA,NA,NA,NA,NA,NA,NA,58,NA
2021-07,Sub-Saharan Africa,Chad,Dar Es Salam,NA,NA,NA,NA,NA,NA,NA,52.2,NA
2021-07,Sub-Saharan Africa,Democratic Republic of the Congo,Lusenda,NA,NA,NA,NA,NA,NA,NA,71,NA
2021-07,Sub-Saharan Africa,Democratic Republic of the Congo,Mulongwe (Baraka),NA,NA,NA,NA,NA,NA,NA,70,NA
2021-07,Sub-Saharan Africa,Ethiopia,Bambasi,NA,NA,NA,NA,NA,NA,NA,91.4,NA
2021-07,Sub-Saharan Africa,Ethiopia,Sherkole,NA,NA,NA,NA,NA,NA,NA,95,NA
2021-07,Sub-Saharan Africa,Ethiopia,Tongo,NA,NA,NA,NA,NA,NA,NA,91.8,NA
2021-07,Sub-Saharan Africa,Ethiopia,Tsore Camp (Assosa),NA,NA,NA,NA,NA,NA,NA,91.7,NA
2021-07,Sub-Saharan Africa,Malawi,Dzaleka,NA,NA,NA,NA,NA,NA,NA,91,NA
2021-07,Sub-Saharan Africa,Niger,Chadakori,NA,NA,NA,NA,NA,NA,NA,12,NA
2021-07,Sub-Saharan Africa,Niger,Dandaji Makao,NA,NA,NA,NA,NA,NA,NA,12,NA
2021-07,Sub-Saharan Africa,Niger,Garin Kaka,NA,NA,NA,NA,NA,NA,NA,12,NA
2021-07,Sub-Saharan Africa,Nigeria,Adagom,NA,NA,NA,NA,NA,NA,NA,63.1,NA
2021-07,Sub-Saharan Africa,Republic of Congo,Gamboma,NA,NA,NA,NA,NA,NA,NA,97,NA
2021-07,Sub-Saharan Africa,Rwanda,Bugessera Transit Site,NA,NA,NA,NA,NA,NA,NA,100,NA
2021-07,Sub-Saharan Africa,Rwanda,Gihembe,NA,NA,NA,NA,NA,NA,NA,100,NA
2021-07,Sub-Saharan Africa,Rwanda,Kigeme,NA,NA,NA,NA,NA,NA,NA,100,NA
2021-07,Sub-Saharan Africa,Rwanda,Mahama,NA,NA,NA,NA,NA,NA,NA,100,NA
2021-07,Sub-Saharan Africa,Rwanda,Mugombwa,NA,NA,NA,NA,NA,NA,NA,100,NA
2021-07,Sub-Saharan Africa,Rwanda,Nyabiheke,NA,NA,NA,NA,NA,NA,NA,100,NA
2021-07,Sub-Saharan Africa,South Sudan,Ajoung Thok,NA,NA,NA,NA,NA,NA,NA,79,NA
2021-07,Sub-Saharan Africa,South Sudan,Doro,NA,NA,NA,NA,NA,NA,NA,80,NA
2021-07,Sub-Saharan Africa,South Sudan,Gendrassa,NA,NA,NA,NA,NA,NA,NA,80,NA
2021-07,Sub-Saharan Africa,South Sudan,Kaya,NA,NA,NA,NA,NA,NA,NA,80,NA
2021-07,Sub-Saharan Africa,South Sudan,Pamir,NA,NA,NA,NA,NA,NA,NA,84,NA
2021-07,Sub-Saharan Africa,South Sudan,Yusuf Batil,NA,NA,NA,NA,NA,NA,NA,80,NA
2021-07,Northern Africa,Sudan,Abuda,NA,NA,NA,NA,NA,NA,NA,77.2,NA
2021-07,Northern Africa,Sudan,Girba,NA,NA,NA,NA,NA,NA,NA,58.5,NA
2021-07,Northern Africa,Sudan,Kilo 26,NA,NA,NA,NA,NA,NA,NA,56.9,NA
2021-07,Northern Africa,Sudan,Shagarab I,NA,NA,NA,NA,NA,NA,NA,33,NA
2021-07,Northern Africa,Sudan,Um Gargour,NA,NA,NA,NA,NA,NA,NA,52.1,NA
2021-07,Northern Africa,Sudan,Wad Sharife,NA,NA,NA,NA,NA,NA,NA,63.3,NA
2021-07,Sub-Saharan Africa,Tanzania,Mtendeli,NA,NA,NA,NA,NA,NA,NA,93.7,NA
2021-07,Sub-Saharan Africa,Tanzania,Nduta,NA,NA,NA,NA,NA,NA,NA,97.1,NA
2021-07,Sub-Saharan Africa,Tanzania,Nyarugusu Burundian,NA,NA,NA,NA,NA,NA,NA,92.1,NA
2021-07,Sub-Saharan Africa,Tanzania,Nyarugusu Congolese,NA,NA,NA,NA,NA,NA,NA,88.4,NA
2021-07,Sub-Saharan Africa,Uganda,Adjumani,NA,NA,NA,NA,NA,NA,NA,92,NA
2021-07,Sub-Saharan Africa,Uganda,Imvepi,NA,NA,NA,NA,NA,NA,NA,96,NA
2021-07,Sub-Saharan Africa,Uganda,Kyaka II,NA,NA,NA,NA,NA,NA,NA,79.3,NA
2021-07,Sub-Saharan Africa,Uganda,Kyangwali,NA,NA,NA,NA,NA,NA,NA,72.8,NA
2021-07,Sub-Saharan Africa,Uganda,Nakivale,NA,NA,NA,NA,NA,NA,NA,83,NA
2021-07,Sub-Saharan Africa,Uganda,Oruchinga,NA,NA,NA,NA,NA,NA,NA,81,NA
2021-07,Sub-Saharan Africa,Uganda,Palorinya,NA,NA,NA,NA,NA,NA,NA,84.7,NA
2021-07,Sub-Saharan Africa,Uganda,Rwamwanja,NA,NA,NA,NA,NA,NA,NA,78.2,NA
2021-07,Sub-Saharan Africa,Zambia,Mantapala,NA,NA,NA,NA,NA,NA,NA,97.8,NA
2021-07,Sub-Saharan Africa,Zimbabwe,Tongogara,NA,NA,NA,NA,NA,NA,NA,85.6,NA
2021-11,Sub-Saharan Africa,Angola,Lovua settlement,Post-emergency,6869,63,27,0,6,5,89,572
2021-11,Sub-Saharan Africa,Cameroon,Borgop,Post-emergency,11976,NA,17,NA,14,15,20,544
2021-11,Sub-Saharan Africa,Cameroon,Gado,Post-emergency,28128,152,13,100,41,25,12,1125
2021-11,Sub-Saharan Africa,Cameroon,Lolo,Post-emergency,12692,140,16,100,27,18,14,423
2021-11,Sub-Saharan Africa,Cameroon,Mbile,Post-emergency,13757,NA,15,NA,43,18,13,550
2021-11,Sub-Saharan Africa,Cameroon,Minawao,Post-emergency,68516,272,12,100,23,21,17,1957
2021-11,Sub-Saharan Africa,Cameroon,Ngam,Post-emergency,6892,NA,18,NA,23,11,29,459
2021-11,Sub-Saharan Africa,Cameroon,Ngarisingo,Post-emergency,1380,NA,17,NA,13,6,34,460
2021-11,Sub-Saharan Africa,Cameroon,Timangolo,Post-emergency,7256,136,16,0,16,16,15,518
2021-11,Sub-Saharan Africa,Chad,Bekan,Post-emergency,3089,NA,24,NA,162,124,3,3089
2021-11,Sub-Saharan Africa,Chad,Belom,Post-emergency,22872,NA,27,NA,21,19,15,NA
2021-11,Sub-Saharan Africa,Chad,Bredjing,Post-emergency,49780,126,17,98,9,10,45,12445
2021-11,Sub-Saharan Africa,Chad,Dembo,Post-emergency,5402,NA,17,NA,28,26,15,5402
2021-11,Sub-Saharan Africa,Chad,Diba,Post-emergency,3919,NA,18,NA,83,71,3,3919
2021-11,Sub-Saharan Africa,Chad,Dilingala,Post-emergency,3230,NA,0,NA,46,34,8,3230
2021-11,Sub-Saharan Africa,Chad,Doholo,Post-emergency,11055,NA,19,NA,15,15,26,3685
2021-11,Sub-Saharan Africa,Chad,Dosseye,Post-emergency,14219,NA,37,NA,8,8,53,4739
2021-11,Sub-Saharan Africa,Chad,Farchana,Post-emergency,31109,123,17,96,9,9,47,10369
2021-11,Sub-Saharan Africa,Chad,Gaga,Post-emergency,26458,103,20,97,12,12,37,8819
2021-11,Sub-Saharan Africa,Chad,Gon,Post-emergency,3731,NA,24,NA,41,37,8,3731
2021-11,Sub-Saharan Africa,Chad,Gondje,Post-emergency,8176,NA,32,NA,38,35,10,4088
2021-11,Sub-Saharan Africa,Chad,Kouchaguine-Moura,Post-emergency,8625,65,26,100,18,14,24,2875
2021-11,Sub-Saharan Africa,Chad,Moyo,Post-emergency,7412,NA,42,NA,44,35,8,3706
2021-11,Sub-Saharan Africa,Chad,Silambi,Post-emergency,646,NA,47,NA,28,21,13,646
2021-11,Sub-Saharan Africa,Chad,Treguine,Post-emergency,27050,65,12,97,9,9,51,9016
2021-11,Sub-Saharan Africa,Democratic Republic of the Congo,Lusenda,Post-emergency,28683,80,19,100,10,10,40,4780
2021-11,Sub-Saharan Africa,Democratic Republic of the Congo,Mulongwe (Baraka),Post-emergency,8202,42,16,100,7,7,52,1640
2021-11,Sub-Saharan Africa,Ethiopia,Awbarre,Post-emergency,12447,104,24,100,NA,11,44,2074
2021-11,Sub-Saharan Africa,Ethiopia,Bokolmanyo,Post-emergency,28100,113,14,100,43,38,15,168
2021-11,Sub-Saharan Africa,Ethiopia,Buramino,Post-emergency,37807,136,14,100,65,38,15,268
2021-11,Sub-Saharan Africa,Ethiopia,Dollo Ado Transit Centre,Emergency,1400,NA,14,NA,107,40,100,NA
2021-11,Sub-Saharan Africa,Ethiopia,Fugnido,Post-emergency,45819,78,19,100,42,24,22,1041
2021-11,Sub-Saharan Africa,Ethiopia,Fugnido 2,Post-emergency,9942,51,20,100,19,16,32,1104
2021-11,Sub-Saharan Africa,Ethiopia,Hilaweyn,Post-emergency,40480,123,17,100,56,52,11,404
2021-11,Sub-Saharan Africa,Ethiopia,Jewi,Post-emergency,62168,130,18,100,30,15,37,1036
2021-11,Sub-Saharan Africa,Ethiopia,Kebribeyah,Post-emergency,15023,174,0,100,NA,13,39,1877
2021-11,Sub-Saharan Africa,Ethiopia,Kobe,Post-emergency,34039,123,25,100,40,22,17,221
2021-11,Sub-Saharan Africa,Ethiopia,Kule,Post-emergency,50400,156,15,100,100,13,39,586
2021-11,Sub-Saharan Africa,Ethiopia,Nguenyyiel,Post-emergency,99538,166,19,100,19,19,25,975
2021-11,Sub-Saharan Africa,Ethiopia,Okugo,Post-emergency,12883,91,19,100,NA,13,24,585
2021-11,Sub-Saharan Africa,Ethiopia,Sheder,Post-emergency,12482,164,17,100,NA,11,44,2080
2021-11,Sub-Saharan Africa,Ethiopia,Tierkidi,Post-emergency,68268,207,13,100,286,56,9,1119
2021-11,Sub-Saharan Africa,Ghana,Ampain,Post-emergency,3242,35,53,67,29,21,100,190
2021-11,Sub-Saharan Africa,Ghana,Egyeikrom,Post-emergency,1400,54,64,NA,13,13,100,107
2021-11,Sub-Saharan Africa,Ghana,Fetentaa,Post-emergency,1100,35,24,25,31,11,2,110
2021-11,Sub-Saharan Africa,Ghana,Krisan,Post-emergency,669,0,28,100,1,10,100,95
2021-11,Western Asia,Iraq,Basirma,Post-emergency,2227,5,95,100,6,6,100,742
2021-11,Western Asia,Iraq,Kawergosk,Post-emergency,7725,5,137,100,5,6,100,965
2021-11,Western Asia,Iraq,Qushtapa,Post-emergency,8322,5,123,100,5,6,100,94
2021-11,Sub-Saharan Africa,Kenya,Dagahaley,Post-emergency,83855,99,24,98,NA,7,80,1996
2021-11,Sub-Saharan Africa,Kenya,Hagadera,Post-emergency,89026,107,22,99,NA,5,94,2119
2021-11,Sub-Saharan Africa,Kenya,Ifo,Post-emergency,79009,69,27,98,NA,7,79,1881
2021-11,Sub-Saharan Africa,Malawi,Dzaleka,Post-emergency,52287,451,10,57,10,8,39,153
2021-11,Sub-Saharan Africa,Niger,Abala,Post-emergency,16443,219,16,NA,72,42,3,16443
2021-11,Sub-Saharan Africa,Niger,Ouallam,Post-emergency,5814,124,12,NA,44,23,9,NA
2021-11,Sub-Saharan Africa,Nigeria,Adagam 3,Post-emergency,2158,110,21,75,19,20,51,539
2021-11,Sub-Saharan Africa,Nigeria,Adagom,Post-emergency,12316,154,15,100,33,23,25,1231
2021-11,Sub-Saharan Africa,Nigeria,Ikyogen,Post-emergency,11155,332,10,50,44,28,100,2231
2021-11,Sub-Saharan Africa,Rwanda,Bugessera Transit Site,Post-emergency,203,5,103,100,7,4,100,11
2021-11,Sub-Saharan Africa,Rwanda,Kigeme,Post-emergency,15898,79,13,NA,47,32,100,722
2021-11,Sub-Saharan Africa,Rwanda,Kijote,Emergency,159,9,25,NA,6,7,100,39
2021-11,Sub-Saharan Africa,Rwanda,Kiziba,Post-emergency,16826,52,26,100,49,22,100,262
2021-11,Sub-Saharan Africa,Rwanda,Mahama,Post-emergency,55578,73,21,100,15,16,100,434
2021-11,Sub-Saharan Africa,Rwanda,Mugombwa,Post-emergency,11119,70,22,100,37,25,100,926
2021-11,Sub-Saharan Africa,Rwanda,Nyabiheke,Post-emergency,14131,88,13,100,45,21,100,883
2021-11,Sub-Saharan Africa,Rwanda,Nyanza Reception Center,Post-emergency,26,1,38,NA,0,1,100,2
2021-11,Sub-Saharan Africa,South Sudan,Ajoung Thok,Post-emergency,45814,113,25,87,NA,7,66,388
2021-11,Sub-Saharan Africa,South Sudan,Doro,Post-emergency,74072,108,7,100,627,17,29,1851
2021-11,Sub-Saharan Africa,South Sudan,Gendrassa,Post-emergency,20782,116,15,100,506,14,34,649
2021-11,Sub-Saharan Africa,South Sudan,Kaya,Post-emergency,27627,79,28,100,NA,9,52,789
2021-11,Sub-Saharan Africa,South Sudan,Pamir,Post-emergency,44204,112,18,89,NA,10,41,387
2021-11,Sub-Saharan Africa,South Sudan,Yusuf Batil,Post-emergency,54265,106,11,100,NA,16,34,1507
2021-11,Northern Africa,Sudan,Abuda,Post-emergency,2367,96,41,NA,6,6,63,236
2021-11,Northern Africa,Sudan,El Radom,Emergency,13511,NA,11,NA,NA,NA,100,NA
2021-11,Northern Africa,Sudan,Fau 5,Post-emergency,830,39,41,NA,NA,8,51,830
2021-11,Northern Africa,Sudan,Girba,Post-emergency,6209,132,29,NA,NA,2,100,887
2021-11,Northern Africa,Sudan,Kilo 26,Post-emergency,9857,218,39,NA,NA,4,95,1642
2021-11,Northern Africa,Sudan,Shagarab I,Post-emergency,55390,337,18,NA,NA,14,16,2915
2021-11,Northern Africa,Sudan,Um Gargour,Post-emergency,11518,662,30,NA,14,10,46,575
2021-11,Northern Africa,Sudan,Wad Sharife,Post-emergency,17307,173,22,NA,7,8,46,865
2021-11,Sub-Saharan Africa,Tanzania,Mtendeli,Post-emergency,10989,104,34,100,NA,4,80,224
2021-11,Sub-Saharan Africa,Tanzania,Nduta,Post-emergency,59534,46,32,100,NA,4,90,342
2021-11,Sub-Saharan Africa,Tanzania,Nyarugusu Burundian,Post-emergency,49496,74,35,100,NA,5,85,785
2021-11,Sub-Saharan Africa,Tanzania,Nyarugusu Congolese,Post-emergency,79142,128,25,100,NA,7,64,953
2021-11,Sub-Saharan Africa,Uganda,Imvepi,Post-emergency,70175,176,25,NA,5,4,79,1063
2021-11,Sub-Saharan Africa,Uganda,Kyaka II,Post-emergency,131548,812,11,100,11,9,33,534
2021-11,Sub-Saharan Africa,Uganda,Kyangwali,Post-emergency,133288,803,11,96,281,5,61,663
2021-11,Sub-Saharan Africa,Uganda,Oruchinga,Post-emergency,8601,0,21,73,8,9,55,126
2021-11,Sub-Saharan Africa,Uganda,Palorinya,Post-emergency,128416,NA,16,NA,NA,5,79,856
2021-11,Sub-Saharan Africa,Uganda,Rhino Camp,Post-emergency,127278,285,22,NA,NA,5,76,942
2021-11,Sub-Saharan Africa,Uganda,Rwamwanja,Post-emergency,78522,4488,10,71,NA,6,72,408
2021-11,Sub-Saharan Africa,Zambia,Mantapala,Post-emergency,17000,94,27,NA,3,4,100,566
2021-11,Sub-Saharan Africa,Zambia,Mayukwayukwa,Post-emergency,18672,NA,21,NA,NA,14,23,889
2021-11,Sub-Saharan Africa,Zimbabwe,Tongogara,Post-emergency,14475,101,20,NA,NA,8,100,1447
2021-10,Northern Africa,Algeria,Auserd,Post-emergency,18638,33,44,NA,4,5,94,1242
2021-10,Northern Africa,Algeria,Boujdour,Post-emergency,9601,NA,43,100,4,5,94,960
2021-10,Northern Africa,Algeria,Dakhla,Post-emergency,10870,49,64,NA,4,5,98,724
2021-10,Northern Africa,Algeria,Layounne,Post-emergency,25503,NA,32,100,5,5,88,1700
2021-10,Northern Africa,Algeria,Smara,Post-emergency,25389,98,39,NA,5,5,87,1493
2021-10,Sub-Saharan Africa,Angola,Lovua settlement,Post-emergency,6861,63,28,0,6,5,87,571
2021-10,Sub-Saharan Africa,Cameroon,Borgop,Post-emergency,12124,NA,15,NA,23,16,2,484
2021-10,Sub-Saharan Africa,Cameroon,Gado,Post-emergency,28181,152,11,90,42,28,1,939
2021-10,Sub-Saharan Africa,Cameroon,Lolo,Post-emergency,12820,140,12,88,28,23,3,413
2021-10,Sub-Saharan Africa,Cameroon,Mbile,Post-emergency,13686,NA,12,0,35,24,4,488
2021-10,Sub-Saharan Africa,Cameroon,Minawao,Post-emergency,68103,272,11,NA,23,21,2,830
2021-10,Sub-Saharan Africa,Cameroon,Ngam,Post-emergency,6928,NA,17,0,23,17,2,461
2021-10,Sub-Saharan Africa,Cameroon,Ngarisingo,Post-emergency,1391,NA,15,NA,13,16,100,463
2021-10,Sub-Saharan Africa,Cameroon,Timangolo,Post-emergency,7332,136,11,91,16,23,5,523
2021-10,Sub-Saharan Africa,Chad,Bredjing,Post-emergency,49780,126,17,98,9,10,45,12445
2021-10,Sub-Saharan Africa,Chad,Djabal,Post-emergency,14192,44,19,100,5,5,52,4730
2021-10,Sub-Saharan Africa,Chad,Farchana,Post-emergency,31109,123,14,98,9,9,47,10369
2021-10,Sub-Saharan Africa,Chad,Gaga,Post-emergency,26458,103,18,96,12,12,37,8819
2021-10,Sub-Saharan Africa,Chad,Goz Amer,Post-emergency,25149,NA,20,94,NA,12,25,8383
2021-10,Sub-Saharan Africa,Chad,Kerfi,Post-emergency,2339,NA,20,NA,73,12,51,2339
2021-10,Sub-Saharan Africa,Chad,Kouchaguine-Moura,Post-emergency,8625,65,19,98,41,17,11,2875
2021-10,Sub-Saharan Africa,Chad,Treguine,Post-emergency,27050,65,17,96,9,9,51,9016
2021-10,Sub-Saharan Africa,Democratic Republic of the Congo,Lusenda,Post-emergency,28683,80,19,100,10,10,42,4780
2021-10,Sub-Saharan Africa,Democratic Republic of the Congo,Mulongwe (Baraka),Post-emergency,8202,42,16,100,7,7,48,1640
2021-10,Sub-Saharan Africa,Ethiopia,Awbarre,Post-emergency,12447,NA,0,NA,NA,NA,100,NA
2021-10,Sub-Saharan Africa,Ethiopia,Bokolmanyo,Post-emergency,28229,114,13,100,43,38,15,169
2021-10,Sub-Saharan Africa,Ethiopia,Buramino,Post-emergency,30070,113,17,100,52,30,15,213
2021-10,Sub-Saharan Africa,Ethiopia,Dollo Ado Transit Centre,Emergency,1500,NA,13,NA,115,42,100,NA
2021-10,Sub-Saharan Africa,Ethiopia,Fugnido,Post-emergency,45633,78,18,100,41,25,20,1037
2021-10,Sub-Saharan Africa,Ethiopia,Fugnido 2,Post-emergency,9890,51,19,100,19,18,29,1098
2021-10,Sub-Saharan Africa,Ethiopia,Hilaweyn,Post-emergency,39749,121,15,100,55,51,12,397
2021-10,Sub-Saharan Africa,Ethiopia,Jewi,Post-emergency,61851,129,18,100,30,15,37,1030
2021-10,Sub-Saharan Africa,Ethiopia,Kebribeyah,Post-emergency,15023,174,0,NA,NA,13,39,1877
2021-10,Sub-Saharan Africa,Ethiopia,Kobe,Post-emergency,33474,121,26,100,39,21,18,217
2021-10,Sub-Saharan Africa,Ethiopia,Kule,Post-emergency,50248,155,15,100,100,13,39,584
2021-10,Sub-Saharan Africa,Ethiopia,Melkadida,Post-emergency,37276,144,20,100,44,24,16,240
2021-10,Sub-Saharan Africa,Ethiopia,Nguenyyiel,Post-emergency,99004,165,20,100,19,19,25,970
2021-10,Sub-Saharan Africa,Ethiopia,Okugo,Post-emergency,12804,91,19,100,NA,15,22,582
2021-10,Sub-Saharan Africa,Ethiopia,Sheder,Post-emergency,12482,164,17,100,NA,11,44,NA
2021-10,Sub-Saharan Africa,Ethiopia,Tierkidi,Post-emergency,68257,207,13,100,286,63,8,1118
2021-10,Sub-Saharan Africa,Ghana,Ampain,Post-emergency,3240,35,53,67,29,21,100,190
2021-10,Sub-Saharan Africa,Ghana,Egyeikrom,Post-emergency,1412,54,63,NA,13,13,100,108
2021-10,Sub-Saharan Africa,Ghana,Fetentaa,Post-emergency,1100,46,23,25,31,11,2,110
2021-10,Sub-Saharan Africa,Ghana,Krisan,Post-emergency,669,0,14,100,1,10,100,95
2021-10,Western Asia,Iraq,Basirma,Post-emergency,2225,5,95,100,6,6,100,741
2021-10,Western Asia,Iraq,Kawergosk,Post-emergency,7740,5,136,100,6,6,100,967
2021-10,Western Asia,Iraq,Qushtapa,Post-emergency,8320,5,121,100,5,6,100,94
2021-10,Sub-Saharan Africa,Kenya,Dagahaley,Post-emergency,81794,97,27,76,NA,7,80,1947
2021-10,Sub-Saharan Africa,Kenya,Hagadera,Post-emergency,87634,105,24,83,NA,5,94,2086
2021-10,Sub-Saharan Africa,Kenya,Ifo,Post-emergency,77855,68,28,100,NA,7,79,1853
2021-10,Sub-Saharan Africa,Malawi,Dzaleka,Post-emergency,51995,448,10,NA,10,8,39,152
2021-10,Sub-Saharan Africa,Niger,Abala,Post-emergency,16443,219,16,NA,72,42,3,16443
2021-10,Sub-Saharan Africa,Niger,Ouallam,Post-emergency,5814,124,11,NA,44,23,9,NA
2021-10,Sub-Saharan Africa,Rwanda,Bugessera Transit Site,Post-emergency,281,7,103,100,10,5,100,15
2021-10,Sub-Saharan Africa,Rwanda,Gihembe,Post-emergency,5322,128,43,NA,41,22,100,123
2021-10,Sub-Saharan Africa,Rwanda,Kigeme,Post-emergency,15855,77,15,NA,47,32,100,720
2021-10,Sub-Saharan Africa,Rwanda,Kijote,Emergency,152,9,26,NA,6,7,100,38
2021-10,Sub-Saharan Africa,Rwanda,Kiziba,Post-emergency,16774,52,27,100,49,22,100,262
2021-10,Sub-Saharan Africa,Rwanda,Mahama,Post-emergency,55578,73,22,100,15,16,100,434
2021-10,Sub-Saharan Africa,Rwanda,Mugombwa,Post-emergency,11117,70,21,100,37,25,100,926
2021-10,Sub-Saharan Africa,Rwanda,Nyabiheke,Post-emergency,14208,88,14,100,46,21,100,888
2021-10,Sub-Saharan Africa,Rwanda,Nyanza Reception Center,Post-emergency,26,1,38,NA,0,1,100,2
2021-10,Sub-Saharan Africa,South Sudan,Ajoung Thok,Post-emergency,45583,112,23,65,NA,7,65,386
2021-10,Sub-Saharan Africa,South Sudan,Doro,Post-emergency,71283,107,13,100,604,16,30,1782
2021-10,Sub-Saharan Africa,South Sudan,Gendrassa,Post-emergency,20782,115,17,100,506,15,34,649
2021-10,Sub-Saharan Africa,South Sudan,Kaya,Post-emergency,27627,79,37,100,NA,9,51,789
2021-10,Sub-Saharan Africa,South Sudan,Pamir,Post-emergency,43412,110,15,83,NA,10,41,380
2021-10,Sub-Saharan Africa,South Sudan,Yusuf Batil,Post-emergency,54265,106,13,100,NA,16,33,1507
2021-10,Northern Africa,Sudan,Al Kashafa,Post-emergency,13120,109,7,NA,NA,11,40,NA
2021-10,Northern Africa,Sudan,El Radom,Emergency,13511,NA,12,NA,NA,NA,100,NA
2021-10,Northern Africa,Sudan,Khor Alwarel,Post-emergency,37953,NA,0,NA,NA,63,100,NA
2021-10,Sub-Saharan Africa,Tanzania,Mtendeli,Post-emergency,17777,151,31,0,NA,6,65,362
2021-10,Sub-Saharan Africa,Tanzania,Nduta,Post-emergency,59534,46,32,100,NA,4,90,342
2021-10,Sub-Saharan Africa,Tanzania,Nyarugusu Burundian,Post-emergency,49573,74,36,100,NA,5,76,786
2021-10,Sub-Saharan Africa,Tanzania,Nyarugusu Congolese,Post-emergency,79047,128,28,100,NA,6,64,1013
2021-10,Sub-Saharan Africa,Uganda,Imvepi,Post-emergency,70175,176,22,NA,5,4,79,948
2021-10,Sub-Saharan Africa,Uganda,Kyaka II,Post-emergency,126833,774,10,100,8,9,34,515
2021-10,Sub-Saharan Africa,Uganda,Kyangwali,Post-emergency,133288,803,10,92,882,5,59,663
2021-10,Sub-Saharan Africa,Uganda,Nakivale,Post-emergency,121724,631,15,NA,9,6,79,386
2021-10,Sub-Saharan Africa,Uganda,Oruchinga,Post-emergency,9011,0,20,85,9,10,86,132
2021-10,Sub-Saharan Africa,Uganda,Palorinya,Post-emergency,125641,NA,17,NA,NA,5,79,837
2021-10,Sub-Saharan Africa,Uganda,Rhino Camp,Post-emergency,127278,285,21,NA,NA,5,76,942
2021-10,Sub-Saharan Africa,Uganda,Rwamwanja,Post-emergency,78522,4631,8,80,NA,6,71,408
2021-10,Sub-Saharan Africa,Zambia,Mantapala,Post-emergency,17000,94,27,NA,3,4,100,566
2021-10,Sub-Saharan Africa,Zimbabwe,Tongogara,Post-emergency,14475,101,20,NA,NA,8,100,1447
2021-09,Northern Africa,Algeria,Auserd,Post-emergency,18638,33,44,NA,4,5,94,1242
2021-09,Northern Africa,Algeria,Boujdour,Post-emergency,9601,NA,43,NA,4,5,94,960
2021-09,Northern Africa,Algeria,Dakhla,Post-emergency,10870,49,64,NA,4,5,98,724
2021-09,Northern Africa,Algeria,Layounne,Post-emergency,25503,NA,32,NA,5,5,88,1700
2021-09,Northern Africa,Algeria,Smara,Post-emergency,25389,98,38,NA,5,5,87,1493
2021-09,Sub-Saharan Africa,Angola,Lovua settlement,Post-emergency,6826,55,30,0,6,5,80,568
2021-09,Sub-Saharan Africa,Cameroon,Borgop,Post-emergency,12124,NA,15,NA,21,17,2,484
2021-09,Sub-Saharan Africa,Cameroon,Gado,Post-emergency,28181,152,11,84,42,28,1,939
2021-09,Sub-Saharan Africa,Cameroon,Lolo,Post-emergency,12820,140,12,82,28,23,3,413
2021-09,Sub-Saharan Africa,Cameroon,Mbile,Post-emergency,13686,NA,12,0,35,24,4,488
2021-09,Sub-Saharan Africa,Cameroon,Minawao,Post-emergency,68103,272,11,NA,23,21,2,830
2021-09,Sub-Saharan Africa,Cameroon,Ngam,Post-emergency,6928,NA,17,0,23,17,2,461
2021-09,Sub-Saharan Africa,Cameroon,Ngarisingo,Post-emergency,1391,NA,15,0,13,16,100,463
2021-09,Sub-Saharan Africa,Cameroon,Timangolo,Post-emergency,7332,136,11,100,16,23,5,523
2021-09,Sub-Saharan Africa,Chad,Bredjing,Post-emergency,49673,112,17,98,9,10,45,16557
2021-09,Sub-Saharan Africa,Chad,Dar Es Salam,Post-emergency,16797,NA,16,NA,12,15,23,1399
2021-09,Sub-Saharan Africa,Chad,Djabal,Post-emergency,14192,43,18,100,5,5,52,14192
2021-09,Sub-Saharan Africa,Chad,Farchana,Post-emergency,30702,119,20,98,9,9,47,10234
2021-09,Sub-Saharan Africa,Chad,Gaga,Post-emergency,26387,102,17,96,11,12,37,8795
2021-09,Sub-Saharan Africa,Chad,Goz Amer,Post-emergency,25149,NA,21,99,NA,12,25,8383
2021-09,Sub-Saharan Africa,Chad,Kerfi,Post-emergency,2339,NA,20,NA,73,12,51,2339
2021-09,Sub-Saharan Africa,Chad,Kouchaguine-Moura,Post-emergency,8527,65,23,98,NA,27,100,2842
2021-09,Sub-Saharan Africa,Chad,Treguine,Post-emergency,27047,65,11,98,8,9,51,9015
2021-09,Sub-Saharan Africa,Democratic Republic of the Congo,Lusenda,Post-emergency,28683,80,19,100,10,10,42,4780
2021-09,Sub-Saharan Africa,Democratic Republic of the Congo,Mulongwe (Baraka),Post-emergency,8202,42,16,100,7,7,48,1640
2021-09,Sub-Saharan Africa,Ethiopia,Bokolmanyo,Post-emergency,28032,113,11,100,32,28,20,167
2021-09,Sub-Saharan Africa,Ethiopia,Buramino,Post-emergency,36570,132,14,100,63,37,15,259
2021-09,Sub-Saharan Africa,Ethiopia,Dollo Ado Transit Centre,Emergency,1061,NA,18,NA,81,30,100,NA
2021-09,Sub-Saharan Africa,Ethiopia,Fugnido,Post-emergency,45462,77,17,100,41,25,20,1033
2021-09,Sub-Saharan Africa,Ethiopia,Fugnido 2,Post-emergency,9870,51,21,100,19,18,29,1096
2021-09,Sub-Saharan Africa,Ethiopia,Hilaweyn,Post-emergency,39322,120,16,100,54,50,12,393
2021-09,Sub-Saharan Africa,Ethiopia,Jewi,Post-emergency,61854,129,17,100,30,15,37,1237
2021-09,Sub-Saharan Africa,Ethiopia,Kobe,Post-emergency,32499,118,26,100,38,21,19,211
2021-09,Sub-Saharan Africa,Ethiopia,Kule,Post-emergency,49795,154,16,100,99,13,39,579
2021-09,Sub-Saharan Africa,Ethiopia,Melkadida,Post-emergency,37007,143,21,100,43,23,16,238
2021-09,Sub-Saharan Africa,Ethiopia,Nguenyyiel,Post-emergency,98479,164,23,100,19,19,24,965
2021-09,Sub-Saharan Africa,Ethiopia,Okugo,Post-emergency,12779,85,20,100,NA,15,21,580
2021-09,Sub-Saharan Africa,Ethiopia,Tierkidi,Post-emergency,68100,206,12,100,286,63,8,1116
2021-09,Sub-Saharan Africa,Ghana,Ampain,Post-emergency,3262,35,53,67,29,21,100,191
2021-09,Sub-Saharan Africa,Ghana,Fetentaa,Post-emergency,1100,46,23,25,31,11,2,110
2021-09,Sub-Saharan Africa,Ghana,Krisan,Post-emergency,669,0,28,100,1,10,100,95
2021-09,Western Asia,Iraq,Basirma,Post-emergency,2218,5,95,100,6,6,100,739
2021-09,Western Asia,Iraq,Gawilan,Post-emergency,9103,9,109,NA,NA,NA,100,NA
2021-09,Western Asia,Iraq,Kawergosk,Post-emergency,7735,5,136,100,6,6,100,966
2021-09,Western Asia,Iraq,Qushtapa,Post-emergency,8318,5,121,100,5,6,100,94
2021-09,Sub-Saharan Africa,Kenya,Dagahaley,Post-emergency,80534,96,26,74,NA,7,80,1917
2021-09,Sub-Saharan Africa,Kenya,Hagadera,Post-emergency,86524,104,23,75,NA,5,94,2060
2021-09,Sub-Saharan Africa,Kenya,Ifo,Post-emergency,76834,67,27,99,NA,7,79,1829
2021-09,Sub-Saharan Africa,Malawi,Dzaleka,Post-emergency,51728,446,10,NA,10,8,39,151
2021-09,Sub-Saharan Africa,Niger,Abala,Post-emergency,16443,219,12,NA,72,42,3,16443
2021-09,Sub-Saharan Africa,Niger,Chadakori,Emergency,7519,NA,4,NA,103,100,100,NA
2021-09,Sub-Saharan Africa,Niger,Dandaji Makao,Emergency,4823,NA,4,NA,62,56,100,NA
2021-09,Sub-Saharan Africa,Niger,Garin Kaka,Emergency,4328,NA,8,NA,84,72,100,NA
2021-09,Sub-Saharan Africa,Niger,Ouallam,Post-emergency,5814,124,11,NA,44,23,9,NA
2021-09,Sub-Saharan Africa,Nigeria,Adagam 3,Post-emergency,2158,120,20,NA,19,20,51,539
2021-09,Sub-Saharan Africa,Nigeria,Adagom,Post-emergency,11988,271,12,100,37,27,23,1198
2021-09,Sub-Saharan Africa,Nigeria,Ikyogen,Post-emergency,9649,284,7,100,38,24,24,1929
2021-09,Sub-Saharan Africa,Nigeria,Ukende,Post-emergency,3937,104,7,100,26,22,45,984
2021-09,Sub-Saharan Africa,Rwanda,Bugessera Transit Site,Post-emergency,297,8,114,100,10,5,100,16
2021-09,Sub-Saharan Africa,Rwanda,Gihembe,Post-emergency,5322,64,43,100,22,8,15,63
2021-09,Sub-Saharan Africa,Rwanda,Kigeme,Post-emergency,15802,77,13,NA,47,32,100,718
2021-09,Sub-Saharan Africa,Rwanda,Kijote,Emergency,187,11,21,NA,7,9,100,46
2021-09,Sub-Saharan Africa,Rwanda,Kiziba,Post-emergency,16774,52,27,100,49,22,100,262
2021-09,Sub-Saharan Africa,Rwanda,Mahama,Post-emergency,48246,64,25,100,13,13,100,376
2021-09,Sub-Saharan Africa,Rwanda,Mugombwa,Post-emergency,11096,90,19,100,36,25,100,924
2021-09,Sub-Saharan Africa,Rwanda,Nyabiheke,Post-emergency,14417,90,12,100,47,21,100,901
2021-09,Sub-Saharan Africa,Rwanda,Nyanza Reception Center,Post-emergency,264,6,22,NA,8,13,100,26
2021-09,Sub-Saharan Africa,South Sudan,Ajoung Thok,Post-emergency,45248,111,23,92,NA,7,66,383
2021-09,Sub-Saharan Africa,South Sudan,Doro,Post-emergency,74072,120,7,100,627,17,29,1851
2021-09,Sub-Saharan Africa,South Sudan,Gendrassa,Post-emergency,20259,124,13,100,494,15,34,633
2021-09,Sub-Saharan Africa,South Sudan,Kaya,Post-emergency,26995,77,20,100,NA,9,52,771
2021-09,Sub-Saharan Africa,South Sudan,Pamir,Post-emergency,42867,98,14,90,NA,10,41,376
2021-09,Sub-Saharan Africa,South Sudan,Yusuf Batil,Post-emergency,52834,103,13,100,812,16,34,1467
2021-09,Northern Africa,Sudan,Abuda,Post-emergency,2366,96,54,NA,6,6,46,236
2021-09,Northern Africa,Sudan,El Fardus,Emergency,7451,NA,12,NA,NA,NA,100,NA
2021-09,Northern Africa,Sudan,El Radom,Emergency,13511,NA,11,NA,NA,NA,100,NA
2021-09,Northern Africa,Sudan,Fau 5,Post-emergency,831,29,41,NA,NA,8,51,831
2021-09,Northern Africa,Sudan,Girba,Post-emergency,6211,132,29,NA,NA,2,100,887
2021-09,Northern Africa,Sudan,Kilo 26,Post-emergency,9847,218,39,NA,NA,4,95,1641
2021-09,Northern Africa,Sudan,Shagarab I,Post-emergency,54167,330,18,NA,NA,14,17,2850
2021-09,Northern Africa,Sudan,Um Gargour,Post-emergency,11523,663,30,NA,14,10,46,576
2021-09,Northern Africa,Sudan,Wad Sharife,Post-emergency,18162,180,20,67,8,9,44,908
2021-09,Sub-Saharan Africa,Tanzania,Mtendeli,Post-emergency,21040,114,25,0,NA,6,59,429
2021-09,Sub-Saharan Africa,Tanzania,Nduta,Post-emergency,56834,44,13,100,NA,4,79,397
2021-09,Sub-Saharan Africa,Tanzania,Nyarugusu Burundian,Post-emergency,49573,74,36,100,NA,5,83,786
2021-09,Sub-Saharan Africa,Tanzania,Nyarugusu Congolese,Post-emergency,78795,127,30,100,NA,6,64,1010
2021-09,Sub-Saharan Africa,Uganda,Imvepi,Post-emergency,70175,176,21,NA,5,4,79,961
2021-09,Sub-Saharan Africa,Uganda,Kyaka II,Post-emergency,125431,896,14,100,8,9,34,507
2021-09,Sub-Saharan Africa,Uganda,Kyangwali,Post-emergency,133288,803,10,NA,1360,5,59,666
2021-09,Sub-Saharan Africa,Uganda,Palorinya,Post-emergency,125641,NA,17,NA,NA,5,78,837
2021-09,Sub-Saharan Africa,Uganda,Rhino Camp,Post-emergency,127278,285,21,NA,NA,5,72,942
2021-09,Sub-Saharan Africa,Uganda,Rwamwanja,Post-emergency,72996,3650,10,NA,NA,5,79,380
2021-09,Sub-Saharan Africa,Zambia,Mantapala,Post-emergency,15000,94,30,NA,3,3,100,500
2021-09,Sub-Saharan Africa,Zambia,Mayukwayukwa,Post-emergency,18672,NA,21,NA,NA,16,20,889
2021-09,Sub-Saharan Africa,Zimbabwe,Tongogara,Post-emergency,14475,101,20,NA,NA,7,100,2067
2021-08,Northern Africa,Algeria,Auserd,Post-emergency,18638,33,44,60,4,5,94,1242
2021-08,Northern Africa,Algeria,Boujdour,Post-emergency,9601,NA,41,NA,4,5,94,960
2021-08,Northern Africa,Algeria,Dakhla,Post-emergency,10870,49,64,NA,4,5,98,724
2021-08,Northern Africa,Algeria,Layounne,Post-emergency,25503,NA,31,NA,5,5,88,1700
2021-08,Northern Africa,Algeria,Smara,Post-emergency,25389,98,36,NA,5,5,87,1493
2021-08,Sub-Saharan Africa,Angola,Lovua settlement,Post-emergency,6801,55,29,0,7,5,79,566
2021-08,Sub-Saharan Africa,Cameroon,Borgop,Post-emergency,12124,NA,15,NA,21,16,2,484
2021-08,Sub-Saharan Africa,Cameroon,Gado,Post-emergency,28181,152,11,75,42,28,1,939
2021-08,Sub-Saharan Africa,Cameroon,Lolo,Post-emergency,12820,140,12,100,28,23,3,413
2021-08,Sub-Saharan Africa,Cameroon,Mbile,Post-emergency,13686,NA,12,0,35,24,4,488
2021-08,Sub-Saharan Africa,Cameroon,Minawao,Post-emergency,68103,272,11,81,23,21,2,830
2021-08,Sub-Saharan Africa,Cameroon,Ngam,Post-emergency,6745,NA,17,0,22,17,2,449
2021-08,Sub-Saharan Africa,Cameroon,Ngarisingo,Post-emergency,1391,NA,15,0,13,16,100,463
2021-08,Sub-Saharan Africa,Cameroon,Timangolo,Post-emergency,7332,136,11,100,16,23,5,523
2021-08,Sub-Saharan Africa,Chad,Bredjing,Post-emergency,49673,112,17,98,9,10,45,12418
2021-08,Sub-Saharan Africa,Chad,Dar Es Salam,Post-emergency,15538,NA,18,NA,11,14,22,1294
2021-08,Sub-Saharan Africa,Chad,Djabal,Post-emergency,14912,46,16,100,5,5,54,14912
2021-08,Sub-Saharan Africa,Chad,Farchana,Post-emergency,30702,119,17,97,9,9,47,10234
2021-08,Sub-Saharan Africa,Chad,Gaga,Post-emergency,26387,102,17,98,12,12,37,8795
2021-08,Sub-Saharan Africa,Chad,Kerfi,Post-emergency,2339,NA,25,100,73,12,51,2339
2021-08,Sub-Saharan Africa,Chad,Kouchaguine-Moura,Post-emergency,8527,65,18,100,NA,39,100,2842
2021-08,Sub-Saharan Africa,Chad,Treguine,Post-emergency,27047,65,11,97,8,9,51,9015
2021-08,Sub-Saharan Africa,Democratic Republic of the Congo,Bili,Post-emergency,10011,185,14,NA,37,36,12,2502
2021-08,Sub-Saharan Africa,Democratic Republic of the Congo,Inke,Post-emergency,18644,NA,17,NA,49,20,22,4661
2021-08,Sub-Saharan Africa,Democratic Republic of the Congo,Lusenda,Post-emergency,27648,77,19,100,9,9,43,4608
2021-08,Sub-Saharan Africa,Democratic Republic of the Congo,Mulongwe (Baraka),Post-emergency,8202,34,17,100,7,7,48,1640
2021-08,Sub-Saharan Africa,Djibouti,Ali Adde,Post-emergency,16918,73,19,100,60,12,31,8459
2021-08,Sub-Saharan Africa,Djibouti,Holl Holl,Post-emergency,7357,84,21,100,63,25,14,7357
2021-08,Sub-Saharan Africa,Ethiopia,Aysaita,Post-emergency,24450,205,20,97,124,54,6,2445
2021-08,Sub-Saharan Africa,Ethiopia,Berhale,Post-emergency,20631,178,8,96,74,56,6,1875
2021-08,Sub-Saharan Africa,Ethiopia,Bokolmanyo,Post-emergency,27981,113,13,100,32,28,20,167
2021-08,Sub-Saharan Africa,Ethiopia,Buramino,Post-emergency,36307,132,15,100,63,37,16,257
2021-08,Sub-Saharan Africa,Ethiopia,Dollo Ado Transit Centre,Emergency,747,NA,26,NA,57,21,100,NA
2021-08,Sub-Saharan Africa,Ethiopia,Fugnido,Post-emergency,45433,77,17,100,41,25,20,1032
2021-08,Sub-Saharan Africa,Ethiopia,Fugnido 2,Post-emergency,9814,50,20,100,19,17,29,1090
2021-08,Sub-Saharan Africa,Ethiopia,Hilaweyn,Post-emergency,39073,120,15,100,54,50,12,390
2021-08,Sub-Saharan Africa,Ethiopia,Jewi,Post-emergency,61164,127,18,100,30,15,37,1223
2021-08,Sub-Saharan Africa,Ethiopia,Kobe,Post-emergency,33325,121,26,100,39,21,19,216
2021-08,Sub-Saharan Africa,Ethiopia,Kule,Post-emergency,48833,151,17,100,97,13,39,567
2021-08,Sub-Saharan Africa,Ethiopia,Melkadida,Post-emergency,36532,141,21,100,43,23,17,235
2021-08,Sub-Saharan Africa,Ethiopia,Nguenyyiel,Post-emergency,97949,163,23,100,19,19,25,960
2021-08,Sub-Saharan Africa,Ethiopia,Okugo,Post-emergency,12772,85,18,100,NA,16,20,580
2021-08,Sub-Saharan Africa,Ethiopia,Tierkidi,Post-emergency,68001,206,15,100,285,63,8,1114
2021-08,Sub-Saharan Africa,Ghana,Ampain,Post-emergency,3262,35,53,67,29,21,100,191
2021-08,Sub-Saharan Africa,Ghana,Egyeikrom,Post-emergency,1412,54,63,NA,13,13,100,108
2021-08,Sub-Saharan Africa,Ghana,Fetentaa,Post-emergency,1116,47,23,25,31,12,2,111
2021-08,Sub-Saharan Africa,Ghana,Krisan,Post-emergency,669,0,28,100,1,10,100,95
2021-08,Western Asia,Iraq,Basirma,Post-emergency,2210,5,95,100,6,6,100,736
2021-08,Western Asia,Iraq,Kawergosk,Post-emergency,7730,5,140,100,6,6,100,966
2021-08,Western Asia,Iraq,Qushtapa,Post-emergency,8310,5,128,100,6,6,100,94
2021-08,Sub-Saharan Africa,Kenya,Dagahaley,Post-emergency,80079,95,25,91,NA,7,80,1906
2021-08,Sub-Saharan Africa,Kenya,Hagadera,Post-emergency,86203,103,24,91,NA,5,94,2052
2021-08,Sub-Saharan Africa,Malawi,Dzaleka,Post-emergency,51415,514,10,NA,10,8,39,150
2021-08,Sub-Saharan Africa,Niger,Abala,Post-emergency,16443,245,12,NA,72,42,3,16443
2021-08,Sub-Saharan Africa,Niger,Chadakori,Emergency,7519,NA,5,NA,103,100,100,NA
2021-08,Sub-Saharan Africa,Niger,Dandaji Makao,Emergency,4823,NA,6,NA,62,56,100,NA
2021-08,Sub-Saharan Africa,Niger,Garin Kaka,Emergency,4328,NA,9,NA,84,72,100,NA
2021-08,Sub-Saharan Africa,Nigeria,Adagom,Post-emergency,14609,271,15,100,25,21,11,1460
2021-08,Sub-Saharan Africa,Rwanda,Bugessera Transit Site,Post-emergency,371,11,121,100,13,7,100,20
2021-08,Sub-Saharan Africa,Rwanda,Gihembe,Post-emergency,9922,113,24,100,41,13,8,118
2021-08,Sub-Saharan Africa,Rwanda,Kigeme,Post-emergency,15802,78,16,NA,47,32,100,718
2021-08,Sub-Saharan Africa,Rwanda,Kijote,Emergency,205,17,24,NA,8,10,100,51
2021-08,Sub-Saharan Africa,Rwanda,Kiziba,Post-emergency,17230,52,27,104,50,23,100,269
2021-08,Sub-Saharan Africa,Rwanda,Mahama,Post-emergency,45908,61,25,100,12,13,100,358
2021-08,Sub-Saharan Africa,Rwanda,Mugombwa,Post-emergency,11058,90,20,100,36,25,100,921
2021-08,Sub-Saharan Africa,Rwanda,Nyabiheke,Post-emergency,14549,90,10,100,48,22,100,909
2021-08,Sub-Saharan Africa,Rwanda,Nyanza Reception Center,Post-emergency,264,6,22,NA,8,13,100,26
2021-08,Sub-Saharan Africa,South Sudan,Ajoung Thok,Post-emergency,44827,110,22,91,NA,7,66,379
2021-08,Sub-Saharan Africa,South Sudan,Doro,Post-emergency,74072,117,6,100,NA,17,28,1851
2021-08,Sub-Saharan Africa,South Sudan,Gendrassa,Post-emergency,20782,139,15,100,NA,15,33,649
2021-08,Sub-Saharan Africa,South Sudan,Kaya,Post-emergency,27627,79,23,100,NA,10,50,789
2021-08,Sub-Saharan Africa,South Sudan,Pamir,Post-emergency,42387,97,14,92,NA,10,41,481
2021-08,Sub-Saharan Africa,South Sudan,Yusuf Batil,Post-emergency,54265,106,11,100,NA,17,33,1507
2021-08,Northern Africa,Sudan,Abuda,Post-emergency,2367,NA,41,NA,6,6,63,236
2021-08,Northern Africa,Sudan,El Fardus,Emergency,7451,NA,12,NA,NA,NA,100,NA
2021-08,Northern Africa,Sudan,El Radom,Emergency,13511,NA,12,NA,NA,NA,100,NA
2021-08,Northern Africa,Sudan,Fau 5,Post-emergency,830,41,40,NA,NA,8,51,830
2021-08,Northern Africa,Sudan,Girba,Post-emergency,6209,132,29,NA,NA,2,100,887
2021-08,Northern Africa,Sudan,Kilo 26,Post-emergency,9857,218,39,NA,NA,4,95,1971
2021-08,Northern Africa,Sudan,Shagarab I,Post-emergency,55390,NA,18,NA,NA,14,16,2915
2021-08,Northern Africa,Sudan,Um Gargour,Post-emergency,11518,662,30,NA,NA,10,46,1151
2021-08,Northern Africa,Sudan,Wad Sharife,Post-emergency,18181,157,26,NA,NA,9,44,909
2021-08,Sub-Saharan Africa,Tanzania,Mtendeli,Post-emergency,22466,101,45,100,NA,6,62,458
2021-08,Sub-Saharan Africa,Tanzania,Nyarugusu Burundian,Post-emergency,51303,76,35,100,NA,5,80,814
2021-08,Sub-Saharan Africa,Tanzania,Nyarugusu Congolese,Post-emergency,78558,127,28,100,NA,6,63,1007
2021-08,Sub-Saharan Africa,Uganda,Adjumani,Post-emergency,230101,781,8,50,9,9,77,6055
2021-08,Sub-Saharan Africa,Uganda,Imvepi,Post-emergency,70175,176,20,NA,5,4,78,961
2021-08,Sub-Saharan Africa,Uganda,Kyaka II,Post-emergency,125431,896,14,100,9,9,34,509
2021-08,Sub-Saharan Africa,Uganda,Kyangwali,Post-emergency,127923,793,11,100,1305,5,61,639
2021-08,Sub-Saharan Africa,Uganda,Nakivale,Post-emergency,NA,631,NA,NA,0,0,78,0
2021-08,Sub-Saharan Africa,Uganda,Oruchinga,Post-emergency,8111,693,19,82,9,9,80,121
2021-08,Sub-Saharan Africa,Uganda,Palorinya,Post-emergency,125641,NA,17,NA,NA,5,78,837
2021-08,Sub-Saharan Africa,Uganda,Rhino Camp,Post-emergency,127278,285,22,NA,NA,5,72,956
2021-08,Sub-Saharan Africa,Uganda,Rwamwanja,Post-emergency,76844,3842,12,NA,NA,5,80,400
2021-08,Sub-Saharan Africa,Zambia,Mantapala,Post-emergency,17000,94,27,NA,3,4,100,566
2021-08,Sub-Saharan Africa,Zambia,Mayukwayukwa,Post-emergency,18672,NA,21,NA,NA,14,23,889
2021-08,Sub-Saharan Africa,Zimbabwe,Tongogara,Post-emergency,14475,101,20,NA,NA,7,100,2067
2021-07,Northern Africa,Algeria,Auserd,Post-emergency,18638,33,45,100,4,5,94,1242
2021-07,Northern Africa,Algeria,Boujdour,Post-emergency,9601,NA,43,100,4,5,94,960
2021-07,Northern Africa,Algeria,Dakhla,Post-emergency,10870,49,71,60,4,5,98,724
2021-07,Northern Africa,Algeria,Layounne,Post-emergency,25503,NA,32,100,5,5,88,1700
2021-07,Northern Africa,Algeria,Smara,Post-emergency,25389,98,38,NA,5,5,87,1493
2021-07,Sub-Saharan Africa,Angola,Lovua settlement,Post-emergency,6752,55,29,0,7,5,79,562
2021-07,Sub-Saharan Africa,Cameroon,Borgop,Post-emergency,12221,NA,15,NA,15,8,22,NA
2021-07,Sub-Saharan Africa,Cameroon,Gado,Post-emergency,27635,146,15,NA,27,14,12,521
2021-07,Sub-Saharan Africa,Cameroon,Lolo,Post-emergency,12439,153,15,NA,23,12,13,401
2021-07,Sub-Saharan Africa,Cameroon,Mbile,Post-emergency,13296,NA,13,NA,23,12,12,474
2021-07,Sub-Saharan Africa,Cameroon,Minawao,Post-emergency,67702,0,11,100,23,12,16,825
2021-07,Sub-Saharan Africa,Cameroon,Ngam,Post-emergency,6745,NA,18,NA,12,6,27,449
2021-07,Sub-Saharan Africa,Cameroon,Ngarisingo,Post-emergency,1345,NA,16,NA,13,7,23,448
2021-07,Sub-Saharan Africa,Cameroon,Timangolo,Post-emergency,7172,193,14,NA,23,12,14,717
2021-07,Sub-Saharan Africa,Chad,Bredjing,Post-emergency,49663,125,14,95,9,10,45,12415
2021-07,Sub-Saharan Africa,Chad,Dar Es Salam,Post-emergency,15538,NA,18,NA,11,14,22,1294
2021-07,Sub-Saharan Africa,Chad,Djabal,Post-emergency,14192,44,18,100,5,5,54,14192
2021-07,Sub-Saharan Africa,Chad,Farchana,Post-emergency,30702,119,17,89,9,9,47,10234
2021-07,Sub-Saharan Africa,Chad,Gaga,Post-emergency,26387,102,20,91,12,12,37,8795
2021-07,Sub-Saharan Africa,Chad,Goz Amer,Post-emergency,25149,NA,22,89,4191,12,25,25149
2021-07,Sub-Saharan Africa,Chad,Kerfi,Post-emergency,2339,NA,25,100,73,12,51,2339
2021-07,Sub-Saharan Africa,Chad,Kouchaguine-Moura,Post-emergency,8527,65,16,95,NA,39,100,2842
2021-07,Sub-Saharan Africa,Chad,Treguine,Post-emergency,27047,65,13,93,8,9,51,9015
2021-07,Sub-Saharan Africa,Democratic Republic of the Congo,Bili,Post-emergency,10021,186,14,100,37,36,11,2505
2021-07,Sub-Saharan Africa,Democratic Republic of the Congo,Inke,Post-emergency,18444,NA,18,NA,49,20,21,4611
2021-07,Sub-Saharan Africa,Democratic Republic of the Congo,Lusenda,Post-emergency,27648,77,20,100,9,9,44,1728
2021-07,Sub-Saharan Africa,Democratic Republic of the Congo,Mulongwe (Baraka),Post-emergency,8202,34,19,100,7,7,50,1640
2021-07,Sub-Saharan Africa,Djibouti,Ali Adde,Post-emergency,16841,73,17,100,60,12,31,8420
2021-07,Sub-Saharan Africa,Djibouti,Holl Holl,Post-emergency,7337,83,17,100,63,25,14,7337
2021-07,Sub-Saharan Africa,Ethiopia,Bokolmanyo,Post-emergency,27818,112,14,100,32,28,20,166
2021-07,Sub-Saharan Africa,Ethiopia,Buramino,Post-emergency,35858,130,15,100,62,36,16,254
2021-07,Sub-Saharan Africa,Ethiopia,Dollo Ado Transit Centre,Emergency,356,NA,28,NA,27,10,100,NA
2021-07,Sub-Saharan Africa,Ethiopia,Fugnido,Post-emergency,44896,76,16,100,41,26,20,1020
2021-07,Sub-Saharan Africa,Ethiopia,Fugnido 2,Post-emergency,9802,50,20,100,19,18,27,1089
2021-07,Sub-Saharan Africa,Ethiopia,Hilaweyn,Post-emergency,38733,119,16,100,54,50,12,387
2021-07,Sub-Saharan Africa,Ethiopia,Jewi,Post-emergency,60978,127,18,100,30,15,37,1219
2021-07,Sub-Saharan Africa,Ethiopia,Kobe,Post-emergency,32089,117,27,100,37,20,19,208
2021-07,Sub-Saharan Africa,Ethiopia,Kule,Post-emergency,48726,150,18,100,97,13,39,566
2021-07,Sub-Saharan Africa,Ethiopia,Melkadida,Post-emergency,36260,141,21,100,42,23,17,233
2021-07,Sub-Saharan Africa,Ethiopia,Nguenyyiel,Post-emergency,97657,163,22,100,19,19,25,957
2021-07,Sub-Saharan Africa,Ethiopia,Okugo,Post-emergency,12794,85,20,100,NA,13,20,581
2021-07,Sub-Saharan Africa,Ethiopia,Tierkidi,Post-emergency,67089,203,14,100,281,65,7,1099
2021-07,Sub-Saharan Africa,Ghana,Ampain,Post-emergency,3300,35,52,67,30,23,100,194
2021-07,Sub-Saharan Africa,Ghana,Egyeikrom,Post-emergency,1412,54,63,NA,13,13,100,108
2021-07,Sub-Saharan Africa,Ghana,Fetentaa,Post-emergency,1107,70,22,25,31,11,2,110
2021-07,Sub-Saharan Africa,Ghana,Krisan,Post-emergency,702,0,27,100,2,11,100,100
2021-07,Western Asia,Iraq,Basirma,Post-emergency,2206,5,95,100,6,6,99,735
2021-07,Western Asia,Iraq,Kawergosk,Post-emergency,7725,5,142,100,6,6,100,965
2021-07,Western Asia,Iraq,Qushtapa,Post-emergency,8302,5,136,100,6,6,100,94
2021-07,Sub-Saharan Africa,Kenya,Hagadera,Post-emergency,85803,103,17,93,NA,5,94,2042
2021-07,Sub-Saharan Africa,Kenya,Ifo,Post-emergency,75968,66,21,97,NA,7,78,1808
2021-07,Sub-Saharan Africa,Malawi,Dzaleka,Post-emergency,51279,513,10,NA,14,8,36,167
2021-07,Sub-Saharan Africa,Niger,Abala,Post-emergency,16332,244,12,NA,73,21,3,16332
2021-07,Sub-Saharan Africa,Niger,Chadakori,Emergency,7519,NA,7,NA,103,100,100,NA
2021-07,Sub-Saharan Africa,Niger,Dandaji Makao,Emergency,4477,NA,8,NA,58,52,100,NA
2021-07,Sub-Saharan Africa,Niger,Garin Kaka,Emergency,4056,NA,11,NA,79,67,100,NA
2021-07,Sub-Saharan Africa,Niger,Ouallam,Post-emergency,5814,124,12,NA,44,45,6,NA
2021-07,Sub-Saharan Africa,Rwanda,Bugessera Transit Site,Post-emergency,371,11,105,100,13,7,100,20
2021-07,Sub-Saharan Africa,Rwanda,Gihembe,Post-emergency,9971,117,19,100,41,15,8,118
2021-07,Sub-Saharan Africa,Rwanda,Kigeme,Post-emergency,15737,78,16,NA,46,32,100,715
2021-07,Sub-Saharan Africa,Rwanda,Kijote,Emergency,221,18,22,NA,9,11,100,55
2021-07,Sub-Saharan Africa,Rwanda,Kiziba,Post-emergency,17230,53,26,100,50,23,100,269
2021-07,Sub-Saharan Africa,Rwanda,Mahama,Post-emergency,46352,62,24,100,13,13,100,362
2021-07,Sub-Saharan Africa,Rwanda,Mugombwa,Post-emergency,11023,95,28,100,36,25,100,918
2021-07,Sub-Saharan Africa,Rwanda,Nyabiheke,Post-emergency,14549,90,10,100,48,22,100,909
2021-07,Sub-Saharan Africa,Rwanda,Nyanza Reception Center,Post-emergency,11,0,90,NA,0,1,100,1
2021-07,Sub-Saharan Africa,South Sudan,Ajoung Thok,Post-emergency,44531,110,20,80,NA,7,66,377
2021-07,Sub-Saharan Africa,South Sudan,Doro,Post-emergency,68643,105,14,100,581,16,30,1716
2021-07,Sub-Saharan Africa,South Sudan,Gendrassa,Post-emergency,19985,122,19,100,487,15,34,624
2021-07,Sub-Saharan Africa,South Sudan,Kaya,Post-emergency,26273,75,20,100,NA,9,53,750
2021-07,Sub-Saharan Africa,South Sudan,Pamir,Post-emergency,41646,95,16,87,NA,10,41,473
2021-07,Sub-Saharan Africa,South Sudan,Yusuf Batil,Post-emergency,52394,102,13,100,806,16,34,1455
2021-07,Northern Africa,Sudan,Abuda,Post-emergency,2367,96,40,NA,6,6,63,236
2021-07,Northern Africa,Sudan,El Fardus,Emergency,7451,53,12,NA,NA,NA,100,232
2021-07,Northern Africa,Sudan,El Radom,Emergency,13511,0,12,NA,NA,NA,100,1039
2021-07,Sub-Saharan Africa,Tanzania,Mtendeli,Post-emergency,22446,101,46,100,NA,5,67,408
2021-07,Sub-Saharan Africa,Tanzania,Nduta,Post-emergency,58023,45,28,NA,NA,5,72,405
2021-07,Sub-Saharan Africa,Tanzania,Nyarugusu Burundian,Post-emergency,51303,76,35,100,NA,6,75,814
2021-07,Sub-Saharan Africa,Tanzania,Nyarugusu Congolese,Post-emergency,78558,127,28,100,NA,7,60,1047
2021-07,Sub-Saharan Africa,Uganda,Adjumani,Post-emergency,230101,NA,8,50,9,9,77,6055
2021-07,Sub-Saharan Africa,Uganda,Imvepi,Post-emergency,67834,176,20,NA,5,4,78,929
2021-07,Sub-Saharan Africa,Uganda,Kyaka II,Post-emergency,125431,896,15,100,9,10,31,505
2021-07,Sub-Saharan Africa,Uganda,Kyangwali,Post-emergency,127908,793,11,NA,NA,5,61,639
2021-07,Sub-Saharan Africa,Uganda,Nakivale,Post-emergency,NA,631,NA,NA,0,0,78,0
2021-07,Sub-Saharan Africa,Uganda,Oruchinga,Post-emergency,8111,693,20,77,9,9,79,119
2021-07,Sub-Saharan Africa,Uganda,Palorinya,Post-emergency,124097,NA,15,NA,NA,5,78,827
2021-07,Sub-Saharan Africa,Uganda,Rhino Camp,Post-emergency,121580,285,21,NA,NA,5,73,914
2021-07,Sub-Saharan Africa,Uganda,Rwamwanja,Post-emergency,76844,3842,8,33,NA,5,80,400
2021-07,Sub-Saharan Africa,Zambia,Mantapala,Post-emergency,17000,94,27,NA,3,4,100,566
2021-07,Sub-Saharan Africa,Zambia,Mayukwayukwa,Post-emergency,18672,NA,21,NA,NA,14,23,889
2021-07,Sub-Saharan Africa,Zimbabwe,Tongogara,Post-emergency,15161,108,19,NA,NA,7,100,1684
2021-06,Northern Africa,Algeria,Auserd,Post-emergency,18638,NA,42,NA,4,5,94,1242
2021-06,Northern Africa,Algeria,Boujdour,Post-emergency,9601,NA,42,100,4,5,94,960
2021-06,Northern Africa,Algeria,Dakhla,Post-emergency,10870,49,72,100,4,5,98,724
2021-06,Northern Africa,Algeria,Layounne,Post-emergency,25503,NA,30,NA,5,5,88,1700
2021-06,Northern Africa,Algeria,Smara,Post-emergency,25389,98,36,100,5,5,87,1493
2021-06,Sub-Saharan Africa,Angola,Lovua settlement,Post-emergency,6721,56,29,NA,7,6,61,560
2021-06,Sub-Saharan Africa,Cameroon,Borgop,Post-emergency,12221,NA,15,NA,14,8,23,NA
2021-06,Sub-Saharan Africa,Cameroon,Gado,Post-emergency,27635,146,15,NA,27,14,12,521
2021-06,Sub-Saharan Africa,Cameroon,Lolo,Post-emergency,12439,153,15,NA,23,12,13,401
2021-06,Sub-Saharan Africa,Cameroon,Mbile,Post-emergency,13241,NA,12,NA,23,12,21,472
2021-06,Sub-Saharan Africa,Cameroon,Minawao,Post-emergency,69170,0,11,100,23,12,16,843
2021-06,Sub-Saharan Africa,Cameroon,Ngam,Post-emergency,6745,NA,19,NA,12,6,27,449
2021-06,Sub-Saharan Africa,Cameroon,Ngarisingo,Post-emergency,1343,NA,16,NA,13,7,24,447
2021-06,Sub-Saharan Africa,Cameroon,Timangolo,Post-emergency,7356,193,13,NA,23,12,14,735
2021-06,Sub-Saharan Africa,Chad,Amboko,Post-emergency,10162,NA,22,NA,22,21,19,10162
2021-06,Sub-Saharan Africa,Chad,Amnabak,Post-emergency,27777,171,10,96,38,35,11,9259
2021-06,Sub-Saharan Africa,Chad,Beakoro,Post-emergency,228,NA,35,NA,20,18,20,228
2021-06,Sub-Saharan Africa,Chad,Bekan,Post-emergency,3134,NA,10,NA,164,125,3,3134
2021-06,Sub-Saharan Africa,Chad,Belom,Post-emergency,22872,NA,28,NA,27,23,15,11436
2021-06,Sub-Saharan Africa,Chad,Dar Es Salam,Post-emergency,15621,NA,17,100,12,14,24,1301
2021-06,Sub-Saharan Africa,Chad,Dembo,Post-emergency,2989,NA,20,NA,298,120,1,2989
2021-06,Sub-Saharan Africa,Chad,Diba,Post-emergency,2377,NA,28,NA,50,43,3,2377
2021-06,Sub-Saharan Africa,Chad,Dilingala,Post-emergency,2373,NA,32,NA,62,38,6,2373
2021-06,Sub-Saharan Africa,Chad,Djabal,Post-emergency,24354,76,19,100,9,9,54,24354
2021-06,Sub-Saharan Africa,Chad,Doholo,Post-emergency,6211,NA,32,NA,8,9,41,2070
2021-06,Sub-Saharan Africa,Chad,Dosseye,Post-emergency,14219,NA,26,NA,8,8,53,4739
2021-06,Sub-Saharan Africa,Chad,Gon,Post-emergency,2548,NA,30,NA,87,62,4,2548
2021-06,Sub-Saharan Africa,Chad,Gondje,Post-emergency,8176,NA,24,NA,38,35,9,4088
2021-06,Sub-Saharan Africa,Chad,Goz Amer,Post-emergency,37191,NA,16,89,6198,17,25,37191
2021-06,Sub-Saharan Africa,Chad,Iridimi,Post-emergency,24639,103,12,97,17,16,26,8213
2021-06,Sub-Saharan Africa,Chad,Kounoungou,Post-emergency,22769,119,14,98,19,19,22,7589
2021-06,Sub-Saharan Africa,Chad,Mile,Post-emergency,23625,83,13,97,18,17,23,7875
2021-06,Sub-Saharan Africa,Chad,Moyo,Post-emergency,7412,NA,35,NA,21,19,19,3706
2021-06,Sub-Saharan Africa,Chad,Oure Cassoni,Post-emergency,35531,257,11,96,17,15,23,11843
2021-06,Sub-Saharan Africa,Chad,Silambi,Post-emergency,667,NA,46,NA,29,22,13,667
2021-06,Sub-Saharan Africa,Chad,Touloum,Post-emergency,30086,107,8,99,67,56,7,10028
2021-06,Sub-Saharan Africa,Democratic Republic of the Congo,Bili,Post-emergency,10021,186,14,100,37,36,11,2505
2021-06,Sub-Saharan Africa,Democratic Republic of the Congo,Inke,Post-emergency,18444,NA,17,NA,49,22,19,4611
2021-06,Sub-Saharan Africa,Democratic Republic of the Congo,Lusenda,Post-emergency,27648,77,22,100,9,9,44,1728
2021-06,Sub-Saharan Africa,Democratic Republic of the Congo,Mulongwe (Baraka),Post-emergency,8202,34,19,100,7,7,50,1640
2021-06,Sub-Saharan Africa,Djibouti,Ali Adde,Post-emergency,16791,72,21,100,59,12,31,8395
2021-06,Sub-Saharan Africa,Djibouti,Holl Holl,Post-emergency,7286,83,23,100,62,25,14,7286
2021-06,Sub-Saharan Africa,Ethiopia,Bokolmanyo,Post-emergency,27538,112,13,100,42,37,15,164
2021-06,Sub-Saharan Africa,Ethiopia,Buramino,Post-emergency,35613,132,14,100,61,36,16,252
2021-06,Sub-Saharan Africa,Ethiopia,Dollo Ado Transit Centre,Emergency,230,NA,43,NA,17,6,100,NA
2021-06,Sub-Saharan Africa,Ethiopia,Fugnido,Post-emergency,44888,76,19,100,41,26,20,1020
2021-06,Sub-Saharan Africa,Ethiopia,Fugnido 2,Post-emergency,9715,50,21,100,19,18,27,1079
2021-06,Sub-Saharan Africa,Ethiopia,Hilaweyn,Post-emergency,38430,120,18,100,55,50,12,384
2021-06,Sub-Saharan Africa,Ethiopia,Jewi,Post-emergency,60979,127,18,100,30,15,37,1219
2021-06,Sub-Saharan Africa,Ethiopia,Kobe,Post-emergency,31943,73,25,100,36,20,20,207
2021-06,Sub-Saharan Africa,Ethiopia,Kule,Post-emergency,48517,150,18,100,97,13,39,564
2021-06,Sub-Saharan Africa,Ethiopia,Melkadida,Post-emergency,36027,88,21,100,41,23,18,232
2021-06,Sub-Saharan Africa,Ethiopia,Nguenyyiel,Post-emergency,97491,162,23,100,19,19,25,955
2021-06,Sub-Saharan Africa,Ethiopia,Okugo,Post-emergency,12744,91,19,100,NA,13,20,579
2021-06,Sub-Saharan Africa,Ethiopia,Tierkidi,Post-emergency,67088,203,14,100,281,65,7,1099
2021-06,Sub-Saharan Africa,Ghana,Ampain,Post-emergency,3300,35,52,80,30,23,100,194
2021-06,Sub-Saharan Africa,Ghana,Egyeikrom,Post-emergency,1412,54,63,NA,13,13,100,108
2021-06,Sub-Saharan Africa,Ghana,Fetentaa,Post-emergency,1116,70,29,25,31,12,2,111
2021-06,Sub-Saharan Africa,Ghana,Krisan,Post-emergency,702,0,27,100,2,11,100,100
2021-06,Western Asia,Iraq,Basirma,Post-emergency,2198,5,101,100,6,6,100,732
2021-06,Western Asia,Iraq,Kawergosk,Post-emergency,7720,5,144,100,6,6,100,965
2021-06,Western Asia,Iraq,Qushtapa,Post-emergency,8298,5,137,100,6,6,100,94
2021-06,Sub-Saharan Africa,Kenya,Dagahaley,Post-emergency,79618,94,22,100,NA,7,80,1895
2021-06,Sub-Saharan Africa,Kenya,Hagadera,Post-emergency,85521,103,18,97,NA,5,94,2036
2021-06,Sub-Saharan Africa,Kenya,Ifo,Post-emergency,75676,66,28,98,NA,7,78,1801
2021-06,Sub-Saharan Africa,Malawi,Dzaleka,Post-emergency,51075,511,10,NA,14,8,37,166
2021-06,Sub-Saharan Africa,Niger,Abala,Post-emergency,16332,244,13,NA,73,21,3,16332
2021-06,Sub-Saharan Africa,Niger,Chadakori,Emergency,7519,NA,8,NA,104,101,100,NA
2021-06,Sub-Saharan Africa,Niger,Dandaji Makao,Emergency,4477,NA,10,NA,56,36,100,NA
2021-06,Sub-Saharan Africa,Niger,Garin Kaka,Emergency,4056,NA,11,NA,84,54,100,NA
2021-06,Sub-Saharan Africa,Niger,Ouallam,Post-emergency,5780,123,12,NA,44,44,6,NA
2021-06,Sub-Saharan Africa,Nigeria,Adagom,Post-emergency,14609,315,12,100,25,23,10,1460
2021-06,Sub-Saharan Africa,Rwanda,Bugessera Transit Site,Post-emergency,276,8,105,100,9,5,100,15
2021-06,Sub-Saharan Africa,Rwanda,Gihembe,Post-emergency,9989,90,17,100,40,15,8,118
2021-06,Sub-Saharan Africa,Rwanda,Kigeme,Post-emergency,15738,78,17,NA,46,32,100,715
2021-06,Sub-Saharan Africa,Rwanda,Kijote,Emergency,29,2,24,NA,1,1,100,7
2021-06,Sub-Saharan Africa,Rwanda,Kiziba,Post-emergency,17230,53,29,100,50,23,100,269
2021-06,Sub-Saharan Africa,Rwanda,Mahama,Post-emergency,46188,62,23,100,13,13,100,360
2021-06,Sub-Saharan Africa,Rwanda,Mugombwa,Post-emergency,11012,95,28,100,36,25,100,917
2021-06,Sub-Saharan Africa,Rwanda,Nyabiheke,Post-emergency,14527,90,13,100,48,22,100,968
2021-06,Sub-Saharan Africa,Rwanda,Nyanza Reception Center,Post-emergency,64,1,31,NA,2,3,100,6
2021-06,Sub-Saharan Africa,South Sudan,Ajoung Thok,Post-emergency,44209,109,22,92,NA,7,66,496
2021-06,Sub-Saharan Africa,South Sudan,Doro,Post-emergency,67590,103,15,NA,572,16,30,1689
2021-06,Sub-Saharan Africa,South Sudan,Gendrassa,Post-emergency,19914,121,16,100,485,15,34,622
2021-06,Sub-Saharan Africa,South Sudan,Kaya,Post-emergency,26031,75,21,100,NA,9,53,743
2021-06,Sub-Saharan Africa,South Sudan,Pamir,Post-emergency,41097,94,17,92,NA,10,42,673
2021-06,Sub-Saharan Africa,South Sudan,Yusuf Batil,Post-emergency,51749,101,14,100,796,16,34,1437
2021-06,Northern Africa,Sudan,Abuda,Post-emergency,3470,NA,40,NA,9,8,46,347
2021-06,Northern Africa,Sudan,El Fardus,Post-emergency,7451,83,12,69,NA,NA,100,232
2021-06,Northern Africa,Sudan,El Radom,Post-emergency,13511,0,4,98,NA,NA,100,1039
2021-06,Northern Africa,Sudan,Fau 5,Post-emergency,830,41,40,NA,NA,8,51,830
2021-06,Northern Africa,Sudan,Girba,Post-emergency,6211,132,29,NA,NA,2,75,887
2021-06,Northern Africa,Sudan,Kilo 26,Post-emergency,9881,219,39,NA,NA,4,95,1976
2021-06,Northern Africa,Sudan,Shagarab I,Post-emergency,54167,NA,19,NA,NA,15,16,2850
2021-06,Northern Africa,Sudan,Um Gargour,Post-emergency,11533,13262,34,NA,NA,10,46,576
2021-06,Northern Africa,Sudan,Wad Sharife,Post-emergency,18236,NA,24,NA,NA,9,44,911
2021-06,Sub-Saharan Africa,Tanzania,Mtendeli,Post-emergency,23942,108,46,100,NA,6,58,435
2021-06,Sub-Saharan Africa,Tanzania,Nduta,Post-emergency,63240,39,39,NA,NA,4,90,475
2021-06,Sub-Saharan Africa,Tanzania,Nyarugusu Burundian,Post-emergency,53364,79,33,100,NA,6,73,847
2021-06,Sub-Saharan Africa,Tanzania,Nyarugusu Congolese,Post-emergency,78495,127,29,100,NA,7,58,1006
2021-06,Sub-Saharan Africa,Uganda,Imvepi,Post-emergency,67834,176,25,NA,5,4,78,929
2021-06,Sub-Saharan Africa,Uganda,Kyaka II,Post-emergency,125450,889,13,100,10,10,31,512
2021-06,Sub-Saharan Africa,Uganda,Kyangwali,Post-emergency,128037,794,15,100,1471,5,61,640
2021-06,Sub-Saharan Africa,Uganda,Nakivale,Post-emergency,NA,631,NA,NA,0,0,78,0
2021-06,Sub-Saharan Africa,Uganda,Oruchinga,Post-emergency,8111,676,22,64,9,9,100,112
2021-06,Sub-Saharan Africa,Uganda,Palorinya,Post-emergency,124097,NA,16,NA,NA,5,77,827
2021-06,Sub-Saharan Africa,Uganda,Rhino Camp,Post-emergency,121580,285,22,NA,NA,5,73,914
2021-06,Sub-Saharan Africa,Uganda,Rwamwanja,Post-emergency,76852,3843,8,33,NA,5,79,400
2021-06,Sub-Saharan Africa,Zambia,Mantapala,Post-emergency,16800,94,27,NA,3,4,94,560
2021-06,Sub-Saharan Africa,Zimbabwe,Tongogara,Post-emergency,15134,108,19,NA,NA,7,27,1513
2021-05,Northern Africa,Algeria,Auserd,Post-emergency,18638,NA,42,NA,4,5,94,1242
2021-05,Northern Africa,Algeria,Boujdour,Post-emergency,9601,NA,32,100,4,5,94,960
2021-05,Northern Africa,Algeria,Dakhla,Post-emergency,10870,49,70,100,4,5,98,724
2021-05,Northern Africa,Algeria,Layounne,Post-emergency,25503,NA,31,100,5,5,88,1700
2021-05,Northern Africa,Algeria,Smara,Post-emergency,25389,98,36,NA,5,5,87,1493
2021-05,Sub-Saharan Africa,Angola,Lovua settlement,Post-emergency,6728,61,27,0,7,6,61,560
2021-05,Sub-Saharan Africa,Cameroon,Borgop,Post-emergency,12339,NA,15,NA,19,10,17,NA
2021-05,Sub-Saharan Africa,Cameroon,Gado,Post-emergency,27635,146,13,NA,27,14,12,521
2021-05,Sub-Saharan Africa,Cameroon,Lolo,Post-emergency,12439,153,16,NA,23,12,13,401
2021-05,Sub-Saharan Africa,Cameroon,Mbile,Post-emergency,13296,NA,12,NA,28,14,10,474
2021-05,Sub-Saharan Africa,Cameroon,Minawao,Post-emergency,67474,0,11,100,22,11,16,822
2021-05,Sub-Saharan Africa,Cameroon,Ngam,Post-emergency,6781,NA,18,NA,16,8,21,452
2021-05,Sub-Saharan Africa,Cameroon,Ngarisingo,Post-emergency,1345,NA,16,NA,13,7,24,448
2021-05,Sub-Saharan Africa,Cameroon,Timangolo,Post-emergency,7172,193,14,NA,24,12,13,717
2021-05,Sub-Saharan Africa,Chad,Amnabak,Post-emergency,27775,171,9,95,38,35,11,9258
2021-05,Sub-Saharan Africa,Chad,Dar Es Salam,Post-emergency,15621,NA,17,100,12,14,24,1301
2021-05,Sub-Saharan Africa,Chad,Djabal,Post-emergency,24192,76,18,100,10,9,54,24192
2021-05,Sub-Saharan Africa,Chad,Goz Amer,Post-emergency,35149,NA,17,95,5858,16,25,35149
2021-05,Sub-Saharan Africa,Chad,Iridimi,Post-emergency,24612,103,12,98,17,16,26,8204
2021-05,Sub-Saharan Africa,Chad,Kerfi,Post-emergency,2196,NA,16,NA,274,11,65,NA
2021-05,Sub-Saharan Africa,Chad,Kounoungou,Post-emergency,22769,119,15,97,19,19,22,7589
2021-05,Sub-Saharan Africa,Chad,Mile,Post-emergency,23699,123,16,98,18,17,23,7899
2021-05,Sub-Saharan Africa,Democratic Republic of the Congo,Bili,Post-emergency,10021,186,14,100,37,36,11,2505
2021-05,Sub-Saharan Africa,Democratic Republic of the Congo,Inke,Post-emergency,18444,NA,17,NA,49,22,19,4611
2021-05,Sub-Saharan Africa,Democratic Republic of the Congo,Lusenda,Post-emergency,29665,82,20,100,10,10,40,1854
2021-05,Sub-Saharan Africa,Democratic Republic of the Congo,Mulongwe (Baraka),Post-emergency,8851,76,18,11,8,8,44,1770
2021-05,Sub-Saharan Africa,Djibouti,Ali Adde,Post-emergency,16691,72,21,100,59,12,31,8345
2021-05,Sub-Saharan Africa,Djibouti,Holl Holl,Post-emergency,7106,81,13,100,61,25,14,7106
2021-05,Sub-Saharan Africa,Ethiopia,Aysaita,Post-emergency,24450,146,21,95,124,54,6,2445
2021-05,Sub-Saharan Africa,Ethiopia,Bokolmanyo,Post-emergency,27441,111,11,100,42,37,15,164
2021-05,Sub-Saharan Africa,Ethiopia,Buramino,Post-emergency,35435,129,15,100,61,36,16,251
2021-05,Sub-Saharan Africa,Ethiopia,Dollo Ado Transit Centre,Emergency,642,NA,31,NA,80,32,NA,NA
2021-05,Sub-Saharan Africa,Ethiopia,Fugnido,Post-emergency,44717,76,17,100,41,25,20,1016
2021-05,Sub-Saharan Africa,Ethiopia,Fugnido 2,Post-emergency,9633,49,20,100,19,18,27,1070
2021-05,Sub-Saharan Africa,Ethiopia,Hilaweyn,Post-emergency,38148,117,19,100,54,50,12,381
2021-05,Sub-Saharan Africa,Ethiopia,Jewi,Post-emergency,60871,127,18,100,30,15,37,1217
2021-05,Sub-Saharan Africa,Ethiopia,Kobe,Post-emergency,32032,73,25,100,36,20,20,208
2021-05,Sub-Saharan Africa,Ethiopia,Kule,Post-emergency,48179,149,17,100,96,13,39,560
2021-05,Sub-Saharan Africa,Ethiopia,Melkadida,Post-emergency,35929,87,21,100,41,22,18,231
2021-05,Sub-Saharan Africa,Ethiopia,Nguenyyiel,Post-emergency,95637,159,22,100,18,18,25,937
2021-05,Sub-Saharan Africa,Ethiopia,Okugo,Post-emergency,12654,84,20,100,NA,13,20,575
2021-05,Sub-Saharan Africa,Ethiopia,Tierkidi,Post-emergency,66753,214,13,100,280,64,7,1094
2021-05,Sub-Saharan Africa,Ghana,Ampain,Post-emergency,3262,35,63,67,29,22,100,191
2021-05,Sub-Saharan Africa,Ghana,Egyeikrom,Post-emergency,1412,54,63,NA,13,13,100,108
2021-05,Sub-Saharan Africa,Ghana,Fetentaa,Post-emergency,1071,68,16,25,30,11,2,107
2021-05,Sub-Saharan Africa,Ghana,Krisan,Post-emergency,701,0,27,100,2,11,100,100
2021-05,Western Asia,Iraq,Basirma,Post-emergency,2202,5,80,100,6,6,100,734
2021-05,Western Asia,Iraq,Kawergosk,Post-emergency,7725,5,140,100,6,6,100,965
2021-05,Western Asia,Iraq,Qushtapa,Post-emergency,8301,5,83,100,6,6,100,1037
2021-05,Sub-Saharan Africa,Kenya,Dagahaley,Post-emergency,79622,94,21,98,NA,7,80,1895
2021-05,Sub-Saharan Africa,Kenya,Hagadera,Post-emergency,85442,103,23,99,NA,5,94,2034
2021-05,Sub-Saharan Africa,Kenya,Ifo,Post-emergency,75650,66,28,99,NA,7,78,1801
2021-05,Sub-Saharan Africa,Malawi,Dzaleka,Post-emergency,50660,603,10,NA,14,8,36,166
2021-05,Sub-Saharan Africa,Niger,Abala,Post-emergency,16250,243,14,NA,72,22,1,16250
2021-05,Sub-Saharan Africa,Niger,Chadakori,Emergency,5698,NA,7,NA,79,77,NA,NA
2021-05,Sub-Saharan Africa,Niger,Dandaji Makao,Emergency,4487,NA,12,NA,56,36,NA,NA
2021-05,Sub-Saharan Africa,Niger,Garin Kaka,Emergency,4056,NA,12,NA,84,54,NA,NA
2021-05,Sub-Saharan Africa,Niger,Ouallam,Post-emergency,5707,238,12,NA,43,42,6,NA
2021-05,Sub-Saharan Africa,Rwanda,Bugessera Transit Site,Post-emergency,276,8,163,100,9,5,100,15
2021-05,Sub-Saharan Africa,Rwanda,Gihembe,Post-emergency,9953,90,23,100,58,15,8,142
2021-05,Sub-Saharan Africa,Rwanda,Kigeme,Post-emergency,16207,79,15,NA,48,33,100,736
2021-05,Sub-Saharan Africa,Rwanda,Kijote,Emergency,234,20,21,NA,9,11,100,58
2021-05,Sub-Saharan Africa,Rwanda,Kiziba,Post-emergency,17230,53,29,100,50,26,NA,269
2021-05,Sub-Saharan Africa,Rwanda,Mahama,Post-emergency,45188,60,22,100,12,13,NA,353
2021-05,Sub-Saharan Africa,Rwanda,Mugombwa,Post-emergency,10940,94,28,100,36,25,100,911
2021-05,Sub-Saharan Africa,Rwanda,Nyabiheke,Post-emergency,14511,90,13,100,48,22,NA,906
2021-05,Sub-Saharan Africa,Rwanda,Nyanza Reception Center,Post-emergency,65,2,30,NA,2,3,100,6
2021-05,Sub-Saharan Africa,South Sudan,Doro,Post-emergency,66914,102,15,100,567,16,30,1672
2021-05,Sub-Saharan Africa,South Sudan,Gendrassa,Post-emergency,19649,120,17,100,479,14,34,614
2021-05,Sub-Saharan Africa,South Sudan,Kaya,Post-emergency,25812,74,22,100,NA,9,54,737
2021-05,Sub-Saharan Africa,South Sudan,Pamir,Post-emergency,41065,94,19,97,NA,10,41,673
2021-05,Sub-Saharan Africa,South Sudan,Yusuf Batil,Post-emergency,50757,99,16,100,780,16,34,1409
2021-05,Northern Africa,Sudan,Abu Jubaiha Town,Post-emergency,2781,NA,0,NA,NA,10,40,139
2021-05,Northern Africa,Sudan,Abuda,Post-emergency,3470,NA,35,NA,9,8,46,347
2021-05,Northern Africa,Sudan,Dar Batti,Post-emergency,13885,0,0,NA,NA,18,22,252
2021-05,Northern Africa,Sudan,El Fardus,Post-emergency,7451,83,0,57,NA,NA,100,232
2021-05,Northern Africa,Sudan,El Radom,Post-emergency,13511,2306,4,98,NA,NA,100,1039
2021-05,Northern Africa,Sudan,"Elleri West7 (Dar Batti, El Gokhop and Um Kawarow)",Post-emergency,14991,1249,2,NA,NA,15,24,272
2021-05,Northern Africa,Sudan,Fau 5,Post-emergency,830,29,41,NA,NA,4,100,138
2021-05,Northern Africa,Sudan,Gedied,Post-emergency,790,NA,0,NA,NA,7,37,71
2021-05,Northern Africa,Sudan,Girba,Post-emergency,6208,132,25,NA,NA,14,30,886
2021-05,Northern Africa,Sudan,Gurayd,Post-emergency,990,NA,0,NA,NA,8,42,99
2021-05,Northern Africa,Sudan,Kilo 26,Post-emergency,9848,218,39,NA,NA,14,29,1641
2021-05,Northern Africa,Sudan,Shagarab I,Post-emergency,53485,NA,19,NA,NA,15,45,2815
2021-05,Northern Africa,Sudan,Sirajiya,Post-emergency,5682,568,0,NA,NA,18,21,126
2021-05,Northern Africa,Sudan,Um Gargour,Post-emergency,11523,13252,39,NA,NA,9,50,576
2021-05,Northern Africa,Sudan,Wad Sharife,Post-emergency,18160,NA,21,100,NA,8,49,908
2021-05,Sub-Saharan Africa,Tanzania,Mtendeli,Post-emergency,24143,109,45,99,NA,6,62,438
2021-05,Sub-Saharan Africa,Tanzania,Nduta,Post-emergency,63240,49,26,98,NA,6,66,475
2021-05,Sub-Saharan Africa,Tanzania,Nyarugusu Burundian,Post-emergency,53364,79,31,100,NA,6,75,796
2021-05,Sub-Saharan Africa,Tanzania,Nyarugusu Congolese,Post-emergency,78857,127,26,100,NA,7,55,1010
2021-05,Sub-Saharan Africa,Uganda,Imvepi,Post-emergency,67834,176,24,NA,5,3,91,1012
2021-05,Sub-Saharan Africa,Uganda,Kyaka II,Post-emergency,125403,889,11,100,10,10,30,511
2021-05,Sub-Saharan Africa,Uganda,Kyangwali,Post-emergency,127589,791,13,100,1081,5,61,637
2021-05,Sub-Saharan Africa,Uganda,Palorinya,Post-emergency,124097,NA,19,NA,NA,5,76,827
2021-05,Sub-Saharan Africa,Uganda,Rhino Camp,Post-emergency,121580,285,22,NA,NA,5,72,914
2021-05,Sub-Saharan Africa,Uganda,Rwamwanja,Post-emergency,76805,3840,8,33,NA,5,79,400
2021-05,Sub-Saharan Africa,Zambia,Mantapala,Post-emergency,17201,94,27,NA,3,4,93,573
2021-05,Sub-Saharan Africa,Zambia,Mayukwayukwa,Post-emergency,18672,NA,21,NA,NA,17,19,889
2021-05,Sub-Saharan Africa,Zimbabwe,Tongogara,Post-emergency,15134,108,19,NA,NA,7,27,1513
2021-04,Northern Africa,Algeria,Auserd,Post-emergency,18638,NA,42,100,4,5,94,1242
2021-04,Northern Africa,Algeria,Boujdour,Post-emergency,9601,NA,42,100,4,5,94,960
2021-04,Northern Africa,Algeria,Dakhla,Post-emergency,10870,49,71,100,4,5,98,724
2021-04,Northern Africa,Algeria,Layounne,Post-emergency,25503,NA,28,100,5,5,88,1700
2021-04,Northern Africa,Algeria,Smara,Post-emergency,25389,98,37,100,5,5,87,1493
2021-04,Sub-Saharan Africa,Angola,Lovua settlement,Post-emergency,6697,54,27,0,10,6,58,393
2021-04,Latin America and the Caribbean,Brazil,EE 13 de Setembro,Emergency,176,NA,0,NA,7,6,NA,NA
2021-04,Latin America and the Caribbean,Brazil,Jardim Floresta,Emergency,443,NA,0,NA,7,10,NA,NA
2021-04,Latin America and the Caribbean,Brazil,Nova Canaa,Emergency,361,NA,0,NA,NA,NA,NA,NA
2021-04,Latin America and the Caribbean,Brazil,Pintolandia,Emergency,626,NA,0,NA,24,17,NA,NA
2021-04,Latin America and the Caribbean,Brazil,Pricuma,Emergency,821,NA,0,NA,30,23,NA,NA
2021-04,Latin America and the Caribbean,Brazil,Rondon I,Emergency,655,NA,0,NA,10,9,NA,NA
2021-04,Latin America and the Caribbean,Brazil,Rondon II,Emergency,412,NA,0,NA,9,10,NA,NA
2021-04,Latin America and the Caribbean,Brazil,Rondon III,Emergency,1230,NA,0,NA,17,17,NA,NA
2021-04,Latin America and the Caribbean,Brazil,Sao Vicente I,Emergency,250,NA,0,NA,11,10,NA,NA
2021-04,Latin America and the Caribbean,Brazil,Tancredo Neves,Emergency,128,NA,0,NA,9,4,NA,NA
2021-04,Sub-Saharan Africa,Cameroon,Gado,Post-emergency,27635,146,13,98,34,28,NA,521
2021-04,Sub-Saharan Africa,Cameroon,Lolo,Post-emergency,12439,153,14,96,26,23,3,401
2021-04,Sub-Saharan Africa,Cameroon,Mbile,Post-emergency,13296,NA,15,NA,41,32,2,474
2021-04,Sub-Saharan Africa,Cameroon,Ngam,Post-emergency,6781,3391,17,0,18,19,NA,193
2021-04,Sub-Saharan Africa,Cameroon,Ngarisingo,Post-emergency,1345,NA,14,0,12,15,NA,448
2021-04,Sub-Saharan Africa,Cameroon,Timangolo,Post-emergency,7172,193,13,92,17,18,7,377
2021-04,Sub-Saharan Africa,Chad,Djabal,Post-emergency,24354,74,18,100,10,9,55,24354
2021-04,Sub-Saharan Africa,Chad,Goz Amer,Post-emergency,37191,NA,16,100,NA,17,27,18595
2021-04,Sub-Saharan Africa,Chad,Kerfi,Post-emergency,2196,NA,16,NA,274,11,65,NA
2021-04,Sub-Saharan Africa,Democratic Republic of the Congo,Inke,Post-emergency,18444,NA,17,NA,49,20,21,4611
2021-04,Sub-Saharan Africa,Democratic Republic of the Congo,Lusenda,Post-emergency,29665,82,18,100,10,10,40,1854
2021-04,Sub-Saharan Africa,Democratic Republic of the Congo,Mulongwe (Baraka),Post-emergency,8861,76,18,100,9,9,41,805
2021-04,Sub-Saharan Africa,Djibouti,Ali Adde,Post-emergency,16691,72,18,100,59,12,31,8345
2021-04,Sub-Saharan Africa,Djibouti,Holl Holl,Post-emergency,7106,81,25,100,61,25,14,7106
2021-04,Sub-Saharan Africa,Ethiopia,Awbarre,Post-emergency,12002,61,20,36,NA,22,8,NA
2021-04,Sub-Saharan Africa,Ethiopia,Bokolmanyo,Post-emergency,27172,111,12,100,42,36,15,162
2021-04,Sub-Saharan Africa,Ethiopia,Buramino,Post-emergency,35112,131,14,100,61,36,16,249
2021-04,Sub-Saharan Africa,Ethiopia,Dollo Ado Transit Centre,Emergency,1209,NA,16,NA,151,60,NA,NA
2021-04,Sub-Saharan Africa,Ethiopia,Fugnido,Post-emergency,44613,76,20,100,40,25,20,1013
2021-04,Sub-Saharan Africa,Ethiopia,Fugnido 2,Post-emergency,9611,49,22,100,19,18,27,1067
2021-04,Sub-Saharan Africa,Ethiopia,Hilaweyn,Post-emergency,37915,119,18,100,54,50,12,379
2021-04,Sub-Saharan Africa,Ethiopia,Jewi,Post-emergency,60870,127,18,100,30,15,37,1217
2021-04,Sub-Saharan Africa,Ethiopia,Kebribeyah,Post-emergency,15023,138,7,50,NA,16,32,1669
2021-04,Sub-Saharan Africa,Ethiopia,Kobe,Post-emergency,31924,114,22,100,36,20,19,207
2021-04,Sub-Saharan Africa,Ethiopia,Kule,Post-emergency,47201,146,16,100,94,13,40,548
2021-04,Sub-Saharan Africa,Ethiopia,Melkadida,Post-emergency,35808,87,19,100,41,22,18,231
2021-04,Sub-Saharan Africa,Ethiopia,Nguenyyiel,Post-emergency,95572,159,19,100,18,18,25,936
2021-04,Sub-Saharan Africa,Ethiopia,Okugo,Post-emergency,12360,82,21,100,NA,12,21,561
2021-04,Sub-Saharan Africa,Ethiopia,Sheder,Post-emergency,12017,109,13,33,NA,14,33,NA
2021-04,Sub-Saharan Africa,Ethiopia,Tierkidi,Post-emergency,66721,214,10,100,280,64,7,1093
2021-04,Sub-Saharan Africa,Ghana,Ampain,Post-emergency,3300,35,52,67,30,23,100,194
2021-04,Sub-Saharan Africa,Ghana,Egyeikrom,Post-emergency,1412,54,63,NA,13,13,100,108
2021-04,Sub-Saharan Africa,Ghana,Fetentaa,Post-emergency,1071,68,13,25,30,11,2,107
2021-04,Sub-Saharan Africa,Ghana,Krisan,Post-emergency,702,0,27,100,2,11,100,100
2021-04,Western Asia,Iraq,Basirma,Post-emergency,2200,5,118,100,6,6,100,733
2021-04,Western Asia,Iraq,Kawergosk,Post-emergency,7725,5,134,100,6,6,100,965
2021-04,Western Asia,Iraq,Qushtapa,Post-emergency,8303,5,0,100,6,6,100,NA
2021-04,Sub-Saharan Africa,Kenya,Dagahaley,Post-emergency,79431,94,26,88,NA,7,80,1891
2021-04,Sub-Saharan Africa,Kenya,Hagadera,Post-emergency,84670,102,26,99,NA,5,94,2015
2021-04,Sub-Saharan Africa,Kenya,Ifo,Post-emergency,75586,66,31,100,NA,7,78,1799
2021-04,Sub-Saharan Africa,Malawi,Dzaleka,Post-emergency,49908,594,10,NA,14,8,37,164
2021-04,Sub-Saharan Africa,Niger,Abala,Post-emergency,16250,243,13,NA,72,22,1,16250
2021-04,Sub-Saharan Africa,Niger,Chadakori,Emergency,5698,NA,10,NA,79,77,NA,NA
2021-04,Sub-Saharan Africa,Niger,Dandaji Makao,Emergency,3991,NA,7,NA,50,32,NA,NA
2021-04,Sub-Saharan Africa,Niger,Garin Kaka,Emergency,4054,NA,11,NA,84,54,NA,NA
2021-04,Sub-Saharan Africa,Niger,Ouallam,Post-emergency,5707,238,12,NA,43,42,6,NA
2021-04,Sub-Saharan Africa,Rwanda,Bugessera Transit Site,Post-emergency,276,8,163,100,9,5,100,15
2021-04,Sub-Saharan Africa,Rwanda,Gihembe,Post-emergency,10883,93,21,100,63,16,8,155
2021-04,Sub-Saharan Africa,Rwanda,Kigeme,Post-emergency,17700,86,14,NA,72,34,100,804
2021-04,Sub-Saharan Africa,Rwanda,Kijote,Emergency,224,19,22,NA,9,11,100,56
2021-04,Sub-Saharan Africa,Rwanda,Kiziba,Post-emergency,17263,53,26,100,51,26,NA,103
2021-04,Sub-Saharan Africa,Rwanda,Mahama,Post-emergency,46332,62,22,100,13,13,NA,361
2021-04,Sub-Saharan Africa,Rwanda,Mugombwa,Post-emergency,10940,94,28,100,36,25,100,911
2021-04,Sub-Saharan Africa,Rwanda,Nyabiheke,Post-emergency,14468,90,13,100,47,22,100,904
2021-04,Sub-Saharan Africa,Rwanda,Nyanza Reception Center,Post-emergency,3,0,333,NA,0,0,100,0
2021-04,Sub-Saharan Africa,South Sudan,Doro,Post-emergency,66914,102,17,100,567,17,29,1672
2021-04,Sub-Saharan Africa,South Sudan,Gendrassa,Post-emergency,19649,120,20,100,479,16,31,614
2021-04,Sub-Saharan Africa,South Sudan,Kaya,Post-emergency,25812,74,24,100,NA,9,53,737
2021-04,Sub-Saharan Africa,South Sudan,Pamir,Post-emergency,37080,85,23,97,NA,9,48,607
2021-04,Sub-Saharan Africa,South Sudan,Yusuf Batil,Post-emergency,50757,99,17,100,780,16,34,1409
2021-04,Sub-Saharan Africa,Tanzania,Mtendeli,Post-emergency,26612,120,35,100,NA,6,57,483
2021-04,Sub-Saharan Africa,Tanzania,Nduta,Post-emergency,65635,51,24,99,NA,6,65,493
2021-04,Sub-Saharan Africa,Tanzania,Nyarugusu Burundian,Post-emergency,54082,80,32,100,NA,6,73,872
2021-04,Sub-Saharan Africa,Tanzania,Nyarugusu Congolese,Post-emergency,78637,127,26,100,NA,7,55,1008
2021-04,Sub-Saharan Africa,Uganda,Imvepi,Post-emergency,67834,176,23,NA,5,3,91,1012
2021-04,Sub-Saharan Africa,Uganda,Kyaka II,Post-emergency,124712,872,11,100,NA,10,29,489
2021-04,Sub-Saharan Africa,Uganda,Kyangwali,Post-emergency,127291,789,11,100,1631,5,60,636
2021-04,Sub-Saharan Africa,Uganda,Nakivale,Post-emergency,116899,631,15,94,8,6,80,372
2021-04,Sub-Saharan Africa,Uganda,Oruchinga,Post-emergency,8111,676,20,70,5,5,79,111
2021-04,Sub-Saharan Africa,Uganda,Palorinya,Post-emergency,122646,NA,22,NA,NA,5,75,817
2021-04,Sub-Saharan Africa,Uganda,Rhino Camp,Post-emergency,121580,285,22,NA,NA,5,72,914
2021-04,Sub-Saharan Africa,Uganda,Rwamwanja,Post-emergency,76510,3826,8,43,NA,5,79,398
2021-04,Sub-Saharan Africa,Zambia,Mantapala,Post-emergency,16701,94,27,NA,3,4,94,556
2021-04,Sub-Saharan Africa,Zambia,Mayukwayukwa,Post-emergency,18672,NA,21,NA,NA,17,19,889
2021-04,Sub-Saharan Africa,Zimbabwe,Tongogara,Post-emergency,14900,106,20,NA,NA,7,30,1490
2021-03,Northern Africa,Algeria,Auserd,Post-emergency,18638,NA,42,100,4,5,94,1242
2021-03,Northern Africa,Algeria,Boujdour,Post-emergency,9601,NA,39,100,4,5,94,960
2021-03,Northern Africa,Algeria,Dakhla,Post-emergency,10870,49,71,100,4,5,98,724
2021-03,Northern Africa,Algeria,Layounne,Post-emergency,25503,NA,28,NA,5,5,88,1700
2021-03,Northern Africa,Algeria,Smara,Post-emergency,25389,98,37,NA,5,5,87,1493
2021-03,Sub-Saharan Africa,Angola,Lovua settlement,Post-emergency,6625,53,22,0,10,7,52,389
2021-03,Sub-Saharan Africa,Burkina Faso,Goudebo,Post-emergency,9269,110,13,91,61,41,10,4634
2021-03,Sub-Saharan Africa,Cameroon,Gado,Post-emergency,27635,146,13,88,34,28,NA,521
2021-03,Sub-Saharan Africa,Cameroon,Lolo,Post-emergency,12439,153,13,96,26,23,3,401
2021-03,Sub-Saharan Africa,Cameroon,Mbile,Post-emergency,13296,NA,15,100,41,32,2,474
2021-03,Sub-Saharan Africa,Cameroon,Ngam,Post-emergency,6781,3391,17,94,19,19,NA,193
2021-03,Sub-Saharan Africa,Cameroon,Ngarisingo,Post-emergency,1345,NA,14,0,12,15,NA,448
2021-03,Sub-Saharan Africa,Cameroon,Timangolo,Post-emergency,7172,193,13,96,17,18,7,377
2021-03,Sub-Saharan Africa,Chad,Amboko,Post-emergency,9819,NA,25,NA,21,21,19,9819
2021-03,Sub-Saharan Africa,Chad,Beakoro,Post-emergency,227,NA,48,NA,20,17,20,227
2021-03,Sub-Saharan Africa,Chad,Bekan,Post-emergency,3089,NA,26,NA,162,124,3,3089
2021-03,Sub-Saharan Africa,Chad,Belom,Post-emergency,21667,NA,28,NA,29,24,13,10833
2021-03,Sub-Saharan Africa,Chad,Dembo,Post-emergency,2928,NA,21,NA,292,117,1,2928
2021-03,Sub-Saharan Africa,Chad,Dilingala,Post-emergency,2301,NA,19,NA,60,37,6,2301
2021-03,Sub-Saharan Africa,Chad,Djabal,Post-emergency,24354,74,17,100,10,9,55,24354
2021-03,Sub-Saharan Africa,Chad,Doholo,Post-emergency,11055,NA,22,NA,10,10,50,3685
2021-03,Sub-Saharan Africa,Chad,Dosseye,Post-emergency,13882,NA,27,NA,7,8,53,4627
2021-03,Sub-Saharan Africa,Chad,Gon,Post-emergency,2490,NA,24,NA,85,61,4,2490
2021-03,Sub-Saharan Africa,Chad,Gondje,Post-emergency,7980,NA,42,NA,38,35,10,3990
2021-03,Sub-Saharan Africa,Chad,Goz Amer,Post-emergency,37191,NA,16,100,NA,17,27,18595
2021-03,Sub-Saharan Africa,Chad,Moyo,Post-emergency,8040,NA,40,NA,36,30,10,4020
2021-03,Sub-Saharan Africa,Chad,Silambi,Post-emergency,646,NA,23,NA,28,21,13,646
2021-03,Latin America and the Caribbean,Colombia,Maicao,Post-emergency,280,4,17,NA,7,4,NA,140
2021-03,Sub-Saharan Africa,Democratic Republic of the Congo,Bili,Post-emergency,9843,182,12,0,27,28,15,2460
2021-03,Sub-Saharan Africa,Democratic Republic of the Congo,Inke,Post-emergency,18578,NA,15,NA,49,22,18,4644
2021-03,Sub-Saharan Africa,Democratic Republic of the Congo,Lusenda,Post-emergency,30085,84,20,100,10,10,39,1880
2021-03,Sub-Saharan Africa,Democratic Republic of the Congo,Mulongwe (Baraka),Post-emergency,8861,76,18,100,9,9,41,805
2021-03,Sub-Saharan Africa,Djibouti,Ali Adde,Post-emergency,16461,71,20,100,58,12,31,8230
2021-03,Sub-Saharan Africa,Djibouti,Holl Holl,Post-emergency,7026,80,26,100,60,25,14,7026
2021-03,Sub-Saharan Africa,Ethiopia,Bokolmanyo,Post-emergency,26935,110,10,100,41,36,15,161
2021-03,Sub-Saharan Africa,Ethiopia,Buramino,Post-emergency,34576,129,15,100,60,35,16,245
2021-03,Sub-Saharan Africa,Ethiopia,Dollo Ado Transit Centre,Emergency,1800,NA,11,NA,225,90,NA,NA
2021-03,Sub-Saharan Africa,Ethiopia,Fugnido,Post-emergency,44475,76,20,100,40,25,20,1010
2021-03,Sub-Saharan Africa,Ethiopia,Fugnido 2,Post-emergency,9596,49,22,100,19,18,27,1066
2021-03,Sub-Saharan Africa,Ethiopia,Hilaweyn,Post-emergency,37352,117,19,100,53,49,12,373
2021-03,Sub-Saharan Africa,Ethiopia,Jewi,Post-emergency,60557,126,18,100,30,15,37,1211
2021-03,Sub-Saharan Africa,Ethiopia,Kebribeyah,Post-emergency,15023,162,23,28,NA,16,32,1669
2021-03,Sub-Saharan Africa,Ethiopia,Kobe,Post-emergency,31442,72,26,100,35,20,20,204
2021-03,Sub-Saharan Africa,Ethiopia,Kule,Post-emergency,46945,145,14,100,93,13,40,545
2021-03,Sub-Saharan Africa,Ethiopia,Melkadida,Post-emergency,35282,86,19,100,40,22,18,227
2021-03,Sub-Saharan Africa,Ethiopia,Nguenyyiel,Post-emergency,95476,159,15,100,18,18,25,936
2021-03,Sub-Saharan Africa,Ethiopia,Okugo,Post-emergency,12091,98,21,100,NA,12,22,549
2021-03,Sub-Saharan Africa,Ethiopia,Sheder,Post-emergency,12017,134,13,45,NA,3,33,NA
2021-03,Sub-Saharan Africa,Ethiopia,Tierkidi,Post-emergency,66503,213,9,100,279,64,7,1090
2021-03,Sub-Saharan Africa,Ghana,Ampain,Post-emergency,3262,35,63,40,29,22,100,191
2021-03,Sub-Saharan Africa,Ghana,Egyeikrom,Post-emergency,1412,54,63,NA,13,13,100,108
2021-03,Sub-Saharan Africa,Ghana,Fetentaa,Post-emergency,1071,68,16,25,30,11,2,107
2021-03,Sub-Saharan Africa,Ghana,Krisan,Post-emergency,700,0,27,100,2,11,100,100
2021-03,Western Asia,Iraq,Basirma,Post-emergency,2450,5,108,100,6,6,100,816
2021-03,Western Asia,Iraq,Kawergosk,Post-emergency,7720,5,129,100,6,6,100,965
2021-03,Western Asia,Iraq,Qushtapa,Post-emergency,8300,5,108,100,6,6,100,NA
2021-03,Sub-Saharan Africa,Kenya,Dagahaley,Post-emergency,79215,94,30,100,NA,7,80,1886
2021-03,Sub-Saharan Africa,Kenya,Hagadera,Post-emergency,84450,101,25,98,NA,5,94,2010
2021-03,Sub-Saharan Africa,Kenya,Ifo,Post-emergency,75432,66,32,99,NA,7,78,1796
2021-03,Sub-Saharan Africa,Malawi,Dzaleka,Post-emergency,49197,615,10,0,14,8,38,161
2021-03,Sub-Saharan Africa,Niger,Abala,Post-emergency,16250,243,13,NA,72,22,1,16250
2021-03,Sub-Saharan Africa,Niger,Chadakori,Emergency,5651,NA,10,NA,78,76,NA,NA
2021-03,Sub-Saharan Africa,Niger,Dandaji Makao,Emergency,3506,250,9,NA,44,28,NA,1753
2021-03,Sub-Saharan Africa,Niger,Garin Kaka,Emergency,3331,167,15,NA,69,44,NA,1665
2021-03,Sub-Saharan Africa,Niger,Ouallam,Post-emergency,5707,238,12,NA,43,42,6,NA
2021-03,Sub-Saharan Africa,Rwanda,Bugessera Transit Site,Post-emergency,283,8,183,100,10,5,NA,15
2021-03,Sub-Saharan Africa,Rwanda,Gihembe,Post-emergency,12300,93,19,100,35,14,10,175
2021-03,Sub-Saharan Africa,Rwanda,Kigeme,Post-emergency,17622,86,17,100,72,34,NA,801
2021-03,Sub-Saharan Africa,Rwanda,Kijote,Emergency,111,9,23,NA,4,5,100,15
2021-03,Sub-Saharan Africa,Rwanda,Kiziba,Post-emergency,17263,53,26,100,51,26,NA,103
2021-03,Sub-Saharan Africa,Rwanda,Mahama,Post-emergency,49905,66,23,100,14,14,NA,389
2021-03,Sub-Saharan Africa,Rwanda,Mugombwa,Post-emergency,10940,94,28,100,53,25,NA,911
2021-03,Sub-Saharan Africa,Rwanda,Nyabiheke,Post-emergency,14507,93,12,100,48,22,100,906
2021-03,Sub-Saharan Africa,Rwanda,Nyanza Reception Center,Post-emergency,3,0,333,100,0,0,NA,0
2021-03,Sub-Saharan Africa,South Sudan,Ajoung Thok,Post-emergency,43360,87,21,100,NA,7,66,487
2021-03,Sub-Saharan Africa,South Sudan,Doro,Post-emergency,66914,102,18,100,567,17,28,1672
2021-03,Sub-Saharan Africa,South Sudan,Gendrassa,Post-emergency,19649,120,23,100,NA,16,30,614
2021-03,Sub-Saharan Africa,South Sudan,Kaya,Post-emergency,25812,74,26,100,NA,9,52,737
2021-03,Sub-Saharan Africa,South Sudan,Pamir,Post-emergency,40001,101,20,100,NA,11,36,655
2021-03,Sub-Saharan Africa,South Sudan,Yusuf Batil,Post-emergency,50757,99,19,100,780,16,33,1409
2021-03,Northern Africa,Sudan,Abu Jubaiha Town,Post-emergency,2781,NA,0,NA,NA,10,40,139
2021-03,Northern Africa,Sudan,Al Jameya,Post-emergency,11159,93,17,NA,NA,6,96,743
2021-03,Northern Africa,Sudan,Al Kashafa,Post-emergency,13120,151,8,NA,NA,25,16,1312
2021-03,Northern Africa,Sudan,Al Redis 1,Post-emergency,11536,116,16,NA,NA,14,28,1153
2021-03,Northern Africa,Sudan,Al Redis 2,Post-emergency,26634,102,17,NA,NA,31,12,2663
2021-03,Northern Africa,Sudan,Alagaya,Post-emergency,27138,188,9,NA,NA,55,6,1085
2021-03,Northern Africa,Sudan,Dabat Bosin,Post-emergency,12127,285,18,NA,NA,73,10,2021
2021-03,Northern Africa,Sudan,Dar Batti,Post-emergency,13885,NA,0,NA,NA,18,22,252
2021-03,Northern Africa,Sudan,"Elleri West7 (Dar Batti, El Gokhop and Um Kawarow)",Post-emergency,14308,NA,2,NA,NA,15,27,260
2021-03,Northern Africa,Sudan,Gedied,Post-emergency,790,NA,0,NA,NA,7,37,71
2021-03,Northern Africa,Sudan,Gurayd,Post-emergency,995,NA,0,NA,NA,8,42,99
2021-03,Northern Africa,Sudan,Jouri,Post-emergency,11498,125,12,NA,NA,23,16,442
2021-03,Northern Africa,Sudan,Khor Alwarel,Post-emergency,37948,153,8,NA,NA,63,100,998
2021-03,Northern Africa,Sudan,Kilo 26,Post-emergency,9850,NA,39,NA,NA,14,100,1641
2021-03,Northern Africa,Sudan,Sirajiya,Post-emergency,5682,568,0,NA,NA,18,21,126
2021-03,Northern Africa,Sudan,Um Sangour,Post-emergency,37504,293,5,NA,NA,36,11,1250
2021-03,Sub-Saharan Africa,Tanzania,Mtendeli,Post-emergency,26612,244,34,100,NA,6,60,483
2021-03,Sub-Saharan Africa,Tanzania,Nduta,Post-emergency,65635,51,27,98,NA,6,63,493
2021-03,Sub-Saharan Africa,Tanzania,Nyarugusu Burundian,Post-emergency,54082,75,33,100,NA,6,74,872
2021-03,Sub-Saharan Africa,Tanzania,Nyarugusu Congolese,Post-emergency,78637,125,26,100,NA,7,54,1008
2021-03,Sub-Saharan Africa,Uganda,Imvepi,Post-emergency,67309,176,23,NA,5,3,89,1004
2021-03,Sub-Saharan Africa,Uganda,Kyaka II,Post-emergency,124712,872,11,100,NA,13,23,489
2021-03,Sub-Saharan Africa,Uganda,Kyangwali,Post-emergency,125454,797,11,100,2163,5,60,627
2021-03,Sub-Saharan Africa,Uganda,Nakivale,Post-emergency,116899,635,14,95,8,6,80,372
2021-03,Sub-Saharan Africa,Uganda,Oruchinga,Post-emergency,8111,676,21,65,5,5,80,111
2021-03,Sub-Saharan Africa,Uganda,Palorinya,Post-emergency,122646,NA,22,NA,NA,5,75,817
2021-03,Sub-Saharan Africa,Uganda,Rhino Camp,Post-emergency,121525,285,21,NA,NA,5,72,913
2021-03,Sub-Saharan Africa,Uganda,Rwamwanja,Post-emergency,76303,3815,7,44,NA,5,79,397
2021-03,Sub-Saharan Africa,Zambia,Mantapala,Post-emergency,16701,94,27,NA,3,4,95,556
2021-03,Sub-Saharan Africa,Zambia,Mayukwayukwa,Post-emergency,18672,NA,21,NA,NA,17,19,889
2021-03,Sub-Saharan Africa,Zimbabwe,Tongogara,Post-emergency,14475,103,20,NA,NA,7,30,1447
2021-02,Northern Africa,Algeria,Auserd,Post-emergency,18638,61,42,100,4,5,94,1242
2021-02,Northern Africa,Algeria,Boujdour,Post-emergency,9601,NA,41,100,4,5,94,960
2021-02,Northern Africa,Algeria,Dakhla,Post-emergency,10870,49,69,100,4,5,98,724
2021-02,Northern Africa,Algeria,Layounne,Post-emergency,25503,NA,28,100,5,5,88,1700
2021-02,Northern Africa,Algeria,Smara,Post-emergency,25389,98,36,100,5,5,87,1493
2021-02,Sub-Saharan Africa,Angola,Lovua settlement,Post-emergency,6623,57,18,0,10,7,50,389
2021-02,Sub-Saharan Africa,Cameroon,Gado,Post-emergency,27635,146,13,89,34,28,NA,521
2021-02,Sub-Saharan Africa,Cameroon,Lolo,Post-emergency,12439,153,13,96,26,23,3,401
2021-02,Sub-Saharan Africa,Cameroon,Mbile,Post-emergency,13296,NA,15,NA,41,32,2,474
2021-02,Sub-Saharan Africa,Cameroon,Ngam,Post-emergency,6781,3391,17,0,17,17,NA,193
2021-02,Sub-Saharan Africa,Cameroon,Ngarisingo,Post-emergency,1345,NA,14,NA,12,15,NA,448
2021-02,Sub-Saharan Africa,Cameroon,Timangolo,Post-emergency,7172,193,13,100,17,18,7,377
2021-02,Sub-Saharan Africa,Chad,Amboko,Post-emergency,9819,NA,22,NA,21,21,19,9819
2021-02,Sub-Saharan Africa,Chad,Beakoro,Post-emergency,227,NA,49,NA,20,17,20,227
2021-02,Sub-Saharan Africa,Chad,Bekan,Post-emergency,3089,500,29,NA,162,124,3,3089
2021-02,Sub-Saharan Africa,Chad,Belom,Post-emergency,21667,NA,25,NA,37,16,10,10833
2021-02,Sub-Saharan Africa,Chad,Dar Es Salam,Post-emergency,15624,23,20,84,12,13,25,520
2021-02,Sub-Saharan Africa,Chad,Dembo,Post-emergency,2928,NA,16,NA,292,117,1,2928
2021-02,Sub-Saharan Africa,Chad,Diba,Post-emergency,3833,NA,24,NA,81,70,3,3833
2021-02,Sub-Saharan Africa,Chad,Dilingala,Post-emergency,2301,NA,20,NA,60,37,6,2301
2021-02,Sub-Saharan Africa,Chad,Djabal,Post-emergency,24192,73,18,100,10,9,54,24192
2021-02,Sub-Saharan Africa,Chad,Doholo,Post-emergency,11055,NA,18,NA,10,10,50,5527
2021-02,Sub-Saharan Africa,Chad,Dosseye,Post-emergency,13882,NA,30,NA,7,8,53,4627
2021-02,Sub-Saharan Africa,Chad,Gon,Post-emergency,2490,NA,31,NA,85,61,4,2490
2021-02,Sub-Saharan Africa,Chad,Gondje,Post-emergency,7980,NA,31,NA,38,35,10,7980
2021-02,Sub-Saharan Africa,Chad,Goz Amer,Post-emergency,37056,NA,17,100,NA,17,25,18528
2021-02,Sub-Saharan Africa,Chad,Kerfi,Post-emergency,1330,NA,45,NA,166,7,58,NA
2021-02,Sub-Saharan Africa,Chad,Moyo,Post-emergency,8040,NA,33,NA,36,30,10,4020
2021-02,Sub-Saharan Africa,Chad,Silambi,Post-emergency,646,NA,24,NA,28,21,13,646
2021-02,Sub-Saharan Africa,Democratic Republic of the Congo,Bili,Post-emergency,9843,182,12,0,27,28,15,2460
2021-02,Sub-Saharan Africa,Democratic Republic of the Congo,Boyabu,Post-emergency,14409,NA,22,NA,30,19,19,3602
2021-02,Sub-Saharan Africa,Democratic Republic of the Congo,Inke,Post-emergency,18578,NA,17,NA,49,22,18,4644
2021-02,Sub-Saharan Africa,Democratic Republic of the Congo,Lusenda,Post-emergency,30085,84,20,100,10,10,39,1504
2021-02,Sub-Saharan Africa,Democratic Republic of the Congo,Mulongwe (Baraka),Post-emergency,8861,76,18,100,9,9,41,805
2021-02,Sub-Saharan Africa,Djibouti,Ali Adde,Post-emergency,16449,71,19,100,58,12,31,8224
2021-02,Sub-Saharan Africa,Djibouti,Holl Holl,Post-emergency,6959,79,24,100,59,25,15,6959
2021-02,Sub-Saharan Africa,Ethiopia,Bokolmanyo,Post-emergency,26734,109,19,100,41,36,15,160
2021-02,Sub-Saharan Africa,Ethiopia,Buramino,Post-emergency,34357,128,15,100,59,35,16,243
2021-02,Sub-Saharan Africa,Ethiopia,Dollo Ado Transit Centre,Emergency,1270,NA,15,NA,158,63,NA,NA
2021-02,Sub-Saharan Africa,Ethiopia,Fugnido,Post-emergency,43981,75,20,0,40,25,20,999
2021-02,Sub-Saharan Africa,Ethiopia,Fugnido 2,Post-emergency,9546,49,20,100,19,18,27,1060
2021-02,Sub-Saharan Africa,Ethiopia,Hilaweyn,Post-emergency,36741,116,18,100,52,48,12,367
2021-02,Sub-Saharan Africa,Ethiopia,Jewi,Post-emergency,60323,126,18,100,29,15,37,1206
2021-02,Sub-Saharan Africa,Ethiopia,Kobe,Post-emergency,31127,112,20,100,35,19,20,202
2021-02,Sub-Saharan Africa,Ethiopia,Kule,Post-emergency,46616,144,18,100,93,12,40,542
2021-02,Sub-Saharan Africa,Ethiopia,Melkadida,Post-emergency,35101,86,22,100,40,22,18,226
2021-02,Sub-Saharan Africa,Ethiopia,Nguenyyiel,Post-emergency,90789,151,19,100,17,18,26,890
2021-02,Sub-Saharan Africa,Ethiopia,Okugo,Post-emergency,12049,91,21,100,NA,12,22,547
2021-02,Sub-Saharan Africa,Ethiopia,Tierkidi,Post-emergency,66240,212,15,100,278,64,7,1085
2021-02,Sub-Saharan Africa,Ghana,Ampain,Post-emergency,3262,35,63,100,28,19,NA,191
2021-02,Sub-Saharan Africa,Ghana,Egyeikrom,Post-emergency,1412,54,58,NA,15,10,NA,108
2021-02,Sub-Saharan Africa,Ghana,Fetentaa,Post-emergency,1094,69,16,25,31,11,2,109
2021-02,Sub-Saharan Africa,Ghana,Krisan,Post-emergency,669,0,22,30,1,10,NA,95
2021-02,Western Asia,Iraq,Basirma,Post-emergency,2701,6,87,100,6,6,100,900
2021-02,Western Asia,Iraq,Kawergosk,Post-emergency,7723,5,95,100,6,6,100,965
2021-02,Western Asia,Iraq,Qushtapa,Post-emergency,8239,5,100,100,6,6,100,NA
2021-02,Sub-Saharan Africa,Kenya,Dagahaley,Post-emergency,80524,96,27,98,NA,7,80,1917
2021-02,Sub-Saharan Africa,Kenya,Hagadera,Post-emergency,85418,103,28,97,NA,5,94,2033
2021-02,Sub-Saharan Africa,Kenya,Ifo,Post-emergency,77333,67,31,87,NA,7,78,1841
2021-02,Sub-Saharan Africa,Malawi,Dzaleka,Post-emergency,48801,610,10,NA,14,8,38,160
2021-02,Sub-Saharan Africa,Mozambique,Maratane,Post-emergency,9538,68,12,NA,NA,4,NA,NA
2021-02,Sub-Saharan Africa,Niger,Abala,Post-emergency,16076,240,9,NA,72,22,1,16076
2021-02,Sub-Saharan Africa,Niger,Chadakori,Emergency,4443,NA,9,NA,61,60,NA,NA
2021-02,Sub-Saharan Africa,Niger,Dandaji Makao,Post-emergency,3506,250,0,NA,44,28,NA,1753
2021-02,Sub-Saharan Africa,Niger,Garin Kaka,Post-emergency,3133,157,0,NA,52,39,NA,1566
2021-02,Sub-Saharan Africa,Niger,Ouallam,Post-emergency,5583,233,11,NA,42,49,7,NA
2021-02,Sub-Saharan Africa,Rwanda,Bugessera Transit Site,Post-emergency,305,9,167,100,10,6,NA,16
2021-02,Sub-Saharan Africa,Rwanda,Gihembe,Post-emergency,12300,102,19,100,76,14,10,183
2021-02,Sub-Saharan Africa,Rwanda,Kigeme,Post-emergency,18633,81,16,100,68,33,NA,846
2021-02,Sub-Saharan Africa,Rwanda,Kijote,Emergency,154,13,22,NA,6,7,100,22
2021-02,Sub-Saharan Africa,Rwanda,Kiziba,Post-emergency,17265,53,21,100,51,26,NA,104
2021-02,Sub-Saharan Africa,Rwanda,Mahama,Post-emergency,52835,70,22,100,14,15,NA,412
2021-02,Sub-Saharan Africa,Rwanda,Mugombwa,Post-emergency,10929,94,28,100,53,25,NA,910
2021-02,Sub-Saharan Africa,Rwanda,Nyabiheke,Post-emergency,14505,93,12,100,48,21,100,906
2021-02,Sub-Saharan Africa,Rwanda,Nyanza Reception Center,Post-emergency,1,0,1000,100,0,0,NA,0
2021-02,Sub-Saharan Africa,South Sudan,Ajoung Thok,Post-emergency,43313,99,22,93,7,7,66,486
2021-02,Sub-Saharan Africa,South Sudan,Doro,Post-emergency,66914,102,16,100,567,17,28,1672
2021-02,Sub-Saharan Africa,South Sudan,Gendrassa,Post-emergency,19649,120,19,100,NA,17,29,614
2021-02,Sub-Saharan Africa,South Sudan,Kaya,Post-emergency,25818,74,21,100,NA,10,68,737
2021-02,Sub-Saharan Africa,South Sudan,Pamir,Post-emergency,40787,115,21,93,NA,9,44,668
2021-02,Sub-Saharan Africa,South Sudan,Yusuf Batil,Post-emergency,50757,99,16,100,780,16,33,1409
2021-02,Northern Africa,Sudan,Abu Jubaiha Town,Post-emergency,2781,NA,0,NA,NA,10,18,139
2021-02,Northern Africa,Sudan,Abuda,Post-emergency,3457,220,40,NA,9,8,46,345
2021-02,Northern Africa,Sudan,Al Jameya,Post-emergency,10758,90,11,NA,NA,5,91,717
2021-02,Northern Africa,Sudan,Al Kashafa,Post-emergency,13120,151,4,NA,NA,25,16,1312
2021-02,Northern Africa,Sudan,Al Redis 1,Post-emergency,11536,116,14,NA,NA,14,28,1153
2021-02,Northern Africa,Sudan,Al Redis 2,Post-emergency,26634,102,0,NA,NA,36,10,2663
2021-02,Northern Africa,Sudan,Alagaya,Post-emergency,24006,169,8,NA,NA,49,6,960
2021-02,Northern Africa,Sudan,Dabat Bosin,Post-emergency,8705,228,21,NA,NA,74,3,1450
2021-02,Northern Africa,Sudan,Dar Batti,Post-emergency,14308,NA,0,NA,NA,18,22,260
2021-02,Northern Africa,Sudan,"Elleri West7 (Dar Batti, El Gokhop and Um Kawarow)",Post-emergency,14308,954,2,NA,NA,15,27,260
2021-02,Northern Africa,Sudan,Fau 5,Post-emergency,830,39,45,NA,11,8,51,830
2021-02,Northern Africa,Sudan,Gedied,Post-emergency,790,NA,0,NA,NA,7,37,71
2021-02,Northern Africa,Sudan,Girba,Post-emergency,6204,132,29,NA,NA,4,100,886
2021-02,Northern Africa,Sudan,Gurayd,Post-emergency,995,NA,0,NA,NA,8,42,99
2021-02,Northern Africa,Sudan,Jouri,Post-emergency,11228,123,11,NA,NA,22,17,431
2021-02,Northern Africa,Sudan,Khor Alwarel,Post-emergency,37948,153,5,NA,NA,63,NA,998
2021-02,Northern Africa,Sudan,Kilo 26,Post-emergency,9850,NA,39,NA,NA,14,NA,1641
2021-02,Northern Africa,Sudan,Shagarab I,Post-emergency,53009,394,19,NA,7572,14,16,2789
2021-02,Northern Africa,Sudan,Sirajiya,Post-emergency,5682,568,0,NA,NA,18,21,126
2021-02,Northern Africa,Sudan,Um Gargour,Post-emergency,11514,662,35,NA,14,10,46,1151
2021-02,Northern Africa,Sudan,Um Sangour,Post-emergency,23950,196,8,NA,NA,23,14,798
2021-02,Northern Africa,Sudan,Wad Sharife,Post-emergency,18149,180,25,NA,8,9,44,907
2021-02,Sub-Saharan Africa,Tanzania,Mtendeli,Post-emergency,26782,246,32,100,NA,6,62,461
2021-02,Sub-Saharan Africa,Tanzania,Nduta,Post-emergency,66810,52,29,98,NA,6,62,502
2021-02,Sub-Saharan Africa,Tanzania,Nyarugusu Burundian,Post-emergency,54398,79,32,100,NA,6,74,877
2021-02,Sub-Saharan Africa,Tanzania,Nyarugusu Congolese,Post-emergency,78411,139,24,100,NA,7,54,1005
2021-02,Sub-Saharan Africa,Uganda,Adjumani,Post-emergency,213580,NA,16,NA,NA,8,78,3501
2021-02,Sub-Saharan Africa,Uganda,Imvepi,Post-emergency,67309,176,26,NA,5,3,88,1004
2021-02,Sub-Saharan Africa,Uganda,Kyaka II,Post-emergency,124601,872,11,100,NA,13,23,488
2021-02,Sub-Saharan Africa,Uganda,Kyangwali,Post-emergency,126326,803,9,NA,NA,5,60,631
2021-02,Sub-Saharan Africa,Uganda,Nakivale,Post-emergency,116899,743,13,95,8,6,78,371
2021-02,Sub-Saharan Africa,Uganda,Palorinya,Post-emergency,122646,NA,22,NA,NA,5,74,817
2021-02,Sub-Saharan Africa,Uganda,Rhino Camp,Post-emergency,121525,285,20,NA,NA,5,72,913
2021-02,Sub-Saharan Africa,Uganda,Rwamwanja,Post-emergency,75942,3797,8,38,NA,5,79,395
2021-02,Sub-Saharan Africa,Zambia,Mantapala,Post-emergency,16148,94,28,NA,3,4,97,538
2021-02,Sub-Saharan Africa,Zambia,Mayukwayukwa,Post-emergency,18672,NA,21,0,NA,17,19,889
2021-02,Sub-Saharan Africa,Zimbabwe,Tongogara,Post-emergency,14475,103,20,NA,NA,7,30,1447
2021-01,Northern Africa,Algeria,Auserd,Post-emergency,18638,61,42,100,4,5,94,1242
2021-01,Northern Africa,Algeria,Boujdour,Post-emergency,9601,NA,36,100,4,5,94,960
2021-01,Northern Africa,Algeria,Dakhla,Post-emergency,10870,49,69,100,4,5,98,724
2021-01,Northern Africa,Algeria,Layounne,Post-emergency,25503,NA,26,100,5,5,88,1700
2021-01,Northern Africa,Algeria,Smara,Post-emergency,25389,98,36,100,5,5,87,1493
2021-01,Sub-Saharan Africa,Angola,Lovua settlement,Post-emergency,6555,312,30,0,9,7,50,252
2021-01,Sub-Saharan Africa,Cameroon,Gado,Post-emergency,26573,145,15,80,33,26,NA,501
2021-01,Sub-Saharan Africa,Cameroon,Lolo,Post-emergency,12439,153,13,96,26,23,3,401
2021-01,Sub-Saharan Africa,Cameroon,Mbile,Post-emergency,13296,NA,15,100,41,32,2,474
2021-01,Sub-Saharan Africa,Cameroon,Ngam,Post-emergency,6672,3336,17,0,16,16,NA,190
2021-01,Sub-Saharan Africa,Cameroon,Ngarisingo,Post-emergency,1345,NA,14,NA,12,15,NA,448
2021-01,Sub-Saharan Africa,Cameroon,Timangolo,Post-emergency,7172,193,13,0,17,18,7,377
2021-01,Sub-Saharan Africa,Chad,Amboko,Post-emergency,9819,NA,23,NA,21,21,19,9819
2021-01,Sub-Saharan Africa,Chad,Amnabak,Post-emergency,27277,276,7,100,36,34,11,2727
2021-01,Sub-Saharan Africa,Chad,Beakoro,Post-emergency,227,NA,49,NA,18,16,22,NA
2021-01,Sub-Saharan Africa,Chad,Bekan,Post-emergency,3093,501,29,NA,162,107,3,NA
2021-01,Sub-Saharan Africa,Chad,Dar Es Salam,Post-emergency,16013,23,19,NA,12,14,25,533
2021-01,Sub-Saharan Africa,Chad,Dembo,Post-emergency,2928,NA,16,NA,97,65,4,2928
2021-01,Sub-Saharan Africa,Chad,Diba,Post-emergency,3838,NA,20,NA,85,72,3,NA
2021-01,Sub-Saharan Africa,Chad,Dilingala,Post-emergency,2301,NA,27,NA,40,28,9,2301
2021-01,Sub-Saharan Africa,Chad,Djabal,Post-emergency,24192,73,18,100,10,9,54,24192
2021-01,Sub-Saharan Africa,Chad,Doholo,Post-emergency,6055,NA,33,NA,15,15,22,3027
2021-01,Sub-Saharan Africa,Chad,Dosseye,Post-emergency,13882,NA,32,NA,7,8,53,4627
2021-01,Sub-Saharan Africa,Chad,Gon,Post-emergency,2490,NA,0,NA,75,55,5,2490
2021-01,Sub-Saharan Africa,Chad,Gondje,Post-emergency,7980,NA,37,NA,47,42,9,7980
2021-01,Sub-Saharan Africa,Chad,Goz Amer,Post-emergency,35149,NA,18,98,NA,16,25,17574
2021-01,Sub-Saharan Africa,Chad,Iridimi,Post-emergency,24492,395,11,100,17,16,26,2449
2021-01,Sub-Saharan Africa,Chad,Kerfi,Post-emergency,1228,NA,58,NA,153,6,63,NA
2021-01,Sub-Saharan Africa,Chad,Kounoungou,Post-emergency,26616,101,12,100,23,22,21,2661
2021-01,Sub-Saharan Africa,Chad,Mile,Post-emergency,23569,109,14,100,18,17,24,2356
2021-01,Sub-Saharan Africa,Chad,Moyo,Post-emergency,8040,NA,42,NA,44,36,8,4020
2021-01,Sub-Saharan Africa,Chad,Silambi,Post-emergency,646,NA,49,NA,28,21,13,646
2021-01,Sub-Saharan Africa,Chad,Touloum,Post-emergency,29972,106,10,100,24,47,9,2997
2021-01,Sub-Saharan Africa,Democratic Republic of the Congo,Bili,Post-emergency,9843,182,13,0,14,11,37,656
2021-01,Sub-Saharan Africa,Democratic Republic of the Congo,Inke,Post-emergency,18578,NA,17,NA,49,22,18,4644
2021-01,Sub-Saharan Africa,Democratic Republic of the Congo,Lusenda,Post-emergency,30085,84,20,100,10,10,39,1504
2021-01,Sub-Saharan Africa,Democratic Republic of the Congo,Mulongwe (Baraka),Post-emergency,8861,76,18,100,9,9,41,805
2021-01,Sub-Saharan Africa,Djibouti,Ali Adde,Post-emergency,16330,71,18,100,58,12,31,8165
2021-01,Sub-Saharan Africa,Djibouti,Holl Holl,Post-emergency,6916,79,23,100,59,24,15,6916
2021-01,Sub-Saharan Africa,Ethiopia,Bokolmanyo,Post-emergency,26712,109,19,100,41,36,15,159
2021-01,Sub-Saharan Africa,Ethiopia,Buramino,Post-emergency,34342,128,16,100,59,35,16,243
2021-01,Sub-Saharan Africa,Ethiopia,Dollo Ado Transit Centre,Emergency,866,NA,23,NA,108,43,NA,NA
2021-01,Sub-Saharan Africa,Ethiopia,Fugnido,Post-emergency,43810,75,20,100,40,25,20,995
2021-01,Sub-Saharan Africa,Ethiopia,Fugnido 2,Post-emergency,9534,49,22,100,19,18,27,1059
2021-01,Sub-Saharan Africa,Ethiopia,Hilaweyn,Post-emergency,36670,115,18,100,52,48,12,366
2021-01,Sub-Saharan Africa,Ethiopia,Jewi,Post-emergency,59892,125,18,100,29,15,37,1197
2021-01,Sub-Saharan Africa,Ethiopia,Kobe,Post-emergency,31127,112,21,100,35,19,20,202
2021-01,Sub-Saharan Africa,Ethiopia,Kule,Post-emergency,46380,143,17,100,92,12,40,539
2021-01,Sub-Saharan Africa,Ethiopia,Melkadida,Post-emergency,35038,86,20,100,39,22,18,226
2021-01,Sub-Saharan Africa,Ethiopia,Nguenyyiel,Post-emergency,90756,151,18,100,17,18,26,889
2021-01,Sub-Saharan Africa,Ethiopia,Okugo,Post-emergency,11967,97,20,100,NA,12,22,543
2021-01,Sub-Saharan Africa,Ethiopia,Tierkidi,Post-emergency,65906,211,16,100,276,63,7,1080
2021-01,Sub-Saharan Africa,Ghana,Ampain,Post-emergency,3262,35,63,100,28,19,NA,191
2021-01,Sub-Saharan Africa,Ghana,Egyeikrom,Post-emergency,1412,54,58,NA,15,10,NA,108
2021-01,Sub-Saharan Africa,Ghana,Fetentaa,Post-emergency,1094,69,16,25,31,11,2,109
2021-01,Sub-Saharan Africa,Ghana,Krisan,Post-emergency,669,0,22,60,1,10,NA,95
2021-01,Western Asia,Iraq,Basirma,Post-emergency,2701,6,171,0,6,6,100,900
2021-01,Western Asia,Iraq,Kawergosk,Post-emergency,7723,5,282,100,6,6,100,965
2021-01,Western Asia,Iraq,Qushtapa,Post-emergency,8239,5,236,100,6,6,100,1029
2021-01,Sub-Saharan Africa,Kenya,Dagahaley,Post-emergency,80327,95,30,90,NA,7,80,1912
2021-01,Sub-Saharan Africa,Kenya,Hagadera,Post-emergency,85226,102,28,99,NA,5,94,2029
2021-01,Sub-Saharan Africa,Kenya,Ifo,Post-emergency,77136,67,34,91,NA,7,78,1836
2021-01,Sub-Saharan Africa,Malawi,Dzaleka,Post-emergency,48547,607,10,NA,14,8,38,159
2021-01,Sub-Saharan Africa,Mozambique,Maratane,Post-emergency,9538,68,12,NA,NA,4,NA,NA
2021-01,Sub-Saharan Africa,Namibia,Osire,Post-emergency,5679,51,31,100,91,15,52,227
2021-01,Sub-Saharan Africa,Niger,Abala,Post-emergency,16076,240,8,NA,72,22,1,16076
2021-01,Sub-Saharan Africa,Niger,Chadakori,Emergency,4487,NA,12,NA,73,71,NA,NA
2021-01,Sub-Saharan Africa,Niger,Dandaji Makao,Post-emergency,3503,250,0,NA,44,30,NA,1751
2021-01,Sub-Saharan Africa,Niger,Garin Kaka,Post-emergency,3331,167,0,NA,55,42,NA,3331
2021-01,Sub-Saharan Africa,Niger,Ouallam,Post-emergency,5583,233,10,NA,42,49,7,NA
2021-01,Sub-Saharan Africa,Rwanda,Bugessera Transit Site,Post-emergency,314,9,149,100,11,6,NA,17
2021-01,Sub-Saharan Africa,Rwanda,Gihembe,Post-emergency,12302,102,19,100,76,14,10,205
2021-01,Sub-Saharan Africa,Rwanda,Kigeme,Post-emergency,19817,80,16,100,72,35,NA,900
2021-01,Sub-Saharan Africa,Rwanda,Kijote,Emergency,85,7,23,NA,3,4,100,12
2021-01,Sub-Saharan Africa,Rwanda,Kiziba,Post-emergency,17234,53,21,100,50,26,NA,103
2021-01,Sub-Saharan Africa,Rwanda,Mahama,Post-emergency,54887,72,21,100,15,15,NA,428
2021-01,Sub-Saharan Africa,Rwanda,Mugombwa,Post-emergency,10929,94,28,100,53,25,NA,910
2021-01,Sub-Saharan Africa,Rwanda,Nyabiheke,Post-emergency,14450,93,13,100,47,21,100,3612
2021-01,Sub-Saharan Africa,Rwanda,Nyanza Reception Center,Post-emergency,1,0,1000,100,0,0,100,0
2021-01,Sub-Saharan Africa,South Sudan,Ajoung Thok,Post-emergency,42837,98,21,100,7,7,67,437
2021-01,Sub-Saharan Africa,South Sudan,Doro,Post-emergency,66628,101,16,100,564,17,28,1665
2021-01,Sub-Saharan Africa,South Sudan,Gendrassa,Post-emergency,19496,118,19,100,NA,17,28,609
2021-01,Sub-Saharan Africa,South Sudan,Kaya,Post-emergency,25681,74,16,100,NA,10,51,733
2021-01,Sub-Saharan Africa,South Sudan,Pamir,Post-emergency,39257,80,22,90,11,9,43,643
2021-01,Sub-Saharan Africa,South Sudan,Yusuf Batil,Post-emergency,50364,98,16,100,774,17,32,1399
2021-01,Northern Africa,Sudan,Abu Jubaiha Town,Post-emergency,2781,NA,0,NA,NA,10,40,139
2021-01,Northern Africa,Sudan,Abuda,Post-emergency,3356,214,40,NA,9,10,37,419
2021-01,Northern Africa,Sudan,Abunowara,Post-emergency,367,NA,0,NA,NA,4,91,NA
2021-01,Northern Africa,Sudan,Dar Batti,Post-emergency,13885,120,0,NA,NA,18,22,252
2021-01,Northern Africa,Sudan,"Elleri West7 (Dar Batti, El Gokhop and Um Kawarow)",Post-emergency,14585,972,2,NA,NA,15,27,265
2021-01,Northern Africa,Sudan,Fau 5,Post-emergency,831,29,39,NA,NA,5,87,138
2021-01,Northern Africa,Sudan,Gedied,Post-emergency,790,NA,0,NA,NA,7,37,71
2021-01,Northern Africa,Sudan,Girba,Post-emergency,6206,132,29,NA,13,14,30,886
2021-01,Northern Africa,Sudan,Gurayd,Post-emergency,995,NA,0,NA,NA,8,42,99
2021-01,Northern Africa,Sudan,Kilo 26,Post-emergency,9881,219,39,NA,14,14,100,1646
2021-01,Northern Africa,Sudan,Shagarab I,Post-emergency,53366,396,19,NA,15,15,15,1334
2021-01,Northern Africa,Sudan,Sirajiya,Post-emergency,5682,568,0,NA,NA,18,21,126
2021-01,Northern Africa,Sudan,Um Gargour,Post-emergency,11533,663,35,NA,8,4,41,768
2021-01,Northern Africa,Sudan,Wad Sharife,Post-emergency,18236,172,25,NA,40,5,85,2605
2021-01,Sub-Saharan Africa,Tanzania,Mtendeli,Post-emergency,26461,111,35,100,NA,6,65,456
2021-01,Sub-Saharan Africa,Tanzania,Nduta,Post-emergency,66938,85,30,99,NA,5,61,503
2021-01,Sub-Saharan Africa,Tanzania,Nyarugusu Burundian,Post-emergency,54347,95,33,100,NA,6,74,876
2021-01,Sub-Saharan Africa,Tanzania,Nyarugusu Congolese,Post-emergency,78100,197,25,100,NA,7,54,1001
2021-01,Sub-Saharan Africa,Uganda,Imvepi,Post-emergency,67309,176,26,NA,5,3,88,1004
2021-01,Sub-Saharan Africa,Uganda,Kyaka II,Post-emergency,123928,872,9,100,NA,13,23,485
2021-01,Sub-Saharan Africa,Uganda,Kyangwali,Post-emergency,125039,795,9,NA,1866,5,61,625
2021-01,Sub-Saharan Africa,Uganda,Nakivale,Post-emergency,NA,743,NA,NA,0,0,78,0
2021-01,Sub-Saharan Africa,Uganda,Oruchinga,Post-emergency,8027,617,22,88,5,5,100,107
2021-01,Sub-Saharan Africa,Uganda,Palorinya,Post-emergency,122646,NA,22,NA,NA,11,74,817
2021-01,Sub-Saharan Africa,Uganda,Rhino Camp,Post-emergency,121525,285,21,NA,NA,5,72,1429
2021-01,Sub-Saharan Africa,Uganda,Rwamwanja,Post-emergency,75312,3766,8,40,NA,5,79,392
2021-01,Sub-Saharan Africa,Zambia,Mantapala,Post-emergency,16148,94,28,NA,3,4,97,538
2021-01,Sub-Saharan Africa,Zambia,Mayukwayukwa,Post-emergency,18672,NA,17,NA,NA,17,19,933
2021-01,Sub-Saharan Africa,Zimbabwe,Tongogara,Post-emergency,14469,103,20,NA,NA,7,30,1446
2020-12,Northern Africa,Algeria,Boujdour,Post-emergency,9601,NA,20,100,4,5,94,960
2020-12,Northern Africa,Algeria,Dakhla,Post-emergency,10870,49,36,40,4,5,98,724
2020-12,Northern Africa,Algeria,Layounne,Post-emergency,25503,NA,12,0,5,5,88,1700
2020-12,Northern Africa,Algeria,Smara,Post-emergency,25389,98,19,NA,5,5,87,1493
2020-12,Sub-Saharan Africa,Angola,Lovua settlement,Post-emergency,6509,310,26,0,9,7,51,250
2020-12,Sub-Saharan Africa,Cameroon,Gado,Post-emergency,26573,145,15,88,33,26,NA,501
2020-12,Sub-Saharan Africa,Cameroon,Lolo,Post-emergency,12275,150,11,NA,29,23,2,395
2020-12,Sub-Saharan Africa,Cameroon,Mbile,Post-emergency,13165,NA,16,NA,44,32,2,470
2020-12,Sub-Saharan Africa,Cameroon,Ngam,Post-emergency,6672,160,17,NA,16,12,NA,190
2020-12,Sub-Saharan Africa,Cameroon,Ngarisingo,Post-emergency,1227,NA,22,NA,10,14,NA,409
2020-12,Sub-Saharan Africa,Cameroon,Timangolo,Post-emergency,6955,276,14,NA,16,23,7,366
2020-12,Sub-Saharan Africa,Chad,Amboko,Post-emergency,9819,NA,23,NA,21,21,19,9819
2020-12,Sub-Saharan Africa,Chad,Amnabak,Post-emergency,27279,276,8,100,36,34,11,2727
2020-12,Sub-Saharan Africa,Chad,Beakoro,Post-emergency,227,NA,49,NA,18,16,22,NA
2020-12,Sub-Saharan Africa,Chad,Bekan,Post-emergency,3093,501,29,NA,162,107,3,NA
2020-12,Sub-Saharan Africa,Chad,Belom,Post-emergency,21667,NA,31,NA,144,24,3,10833
2020-12,Sub-Saharan Africa,Chad,Bredjing,Post-emergency,48012,121,16,99,9,9,45,4801
2020-12,Sub-Saharan Africa,Chad,Dar Es Salam,Post-emergency,16013,23,19,NA,12,14,25,444
2020-12,Sub-Saharan Africa,Chad,Dembo,Post-emergency,2928,NA,21,NA,97,65,4,2928
2020-12,Sub-Saharan Africa,Chad,Diba,Post-emergency,3838,NA,20,NA,85,72,3,NA
2020-12,Sub-Saharan Africa,Chad,Dilingala,Post-emergency,2301,NA,33,NA,40,28,9,2301
2020-12,Sub-Saharan Africa,Chad,Djabal,Post-emergency,23407,76,19,100,9,8,54,7802
2020-12,Sub-Saharan Africa,Chad,Doholo,Post-emergency,6055,NA,33,NA,15,15,22,3027
2020-12,Sub-Saharan Africa,Chad,Dosseye,Post-emergency,13882,NA,32,NA,7,8,53,4627
2020-12,Sub-Saharan Africa,Chad,Farchana,Post-emergency,30420,121,14,98,9,9,50,6084
2020-12,Sub-Saharan Africa,Chad,Gaga,Post-emergency,25987,101,13,98,9,10,46,5197
2020-12,Sub-Saharan Africa,Chad,Gon,Post-emergency,2490,NA,37,NA,75,55,5,2490
2020-12,Sub-Saharan Africa,Chad,Gondje,Post-emergency,7980,NA,37,NA,47,42,9,7980
2020-12,Sub-Saharan Africa,Chad,Goz Amer,Post-emergency,35743,NA,18,100,NA,17,25,8935
2020-12,Sub-Saharan Africa,Chad,Iridimi,Post-emergency,24469,395,11,100,17,16,26,2446
2020-12,Sub-Saharan Africa,Chad,Kerfi,Post-emergency,1536,NA,27,NA,NA,8,65,1536
2020-12,Sub-Saharan Africa,Chad,Kouchaguine-Moura,Post-emergency,7988,67,30,100,38,19,NA,998
2020-12,Sub-Saharan Africa,Chad,Kounoungou,Post-emergency,22625,86,14,100,20,19,21,2262
2020-12,Sub-Saharan Africa,Chad,Mile,Post-emergency,23567,109,15,100,18,17,24,2356
2020-12,Sub-Saharan Africa,Chad,Moyo,Post-emergency,8040,NA,42,NA,44,36,8,4020
2020-12,Sub-Saharan Africa,Chad,Oure Cassoni,Post-emergency,35298,218,7,100,13,12,28,3529
2020-12,Sub-Saharan Africa,Chad,Silambi,Post-emergency,646,NA,49,NA,28,21,13,646
2020-12,Sub-Saharan Africa,Chad,Touloum,Post-emergency,29980,106,11,100,24,53,8,2998
2020-12,Sub-Saharan Africa,Chad,Treguine,Post-emergency,25753,62,15,99,8,8,51,4292
2020-12,Sub-Saharan Africa,Democratic Republic of the Congo,Bili,Post-emergency,9913,0,13,100,14,11,37,660
2020-12,Sub-Saharan Africa,Democratic Republic of the Congo,Boyabu,Post-emergency,15419,NA,21,100,32,21,17,1027
2020-12,Sub-Saharan Africa,Democratic Republic of the Congo,Inke,Post-emergency,18484,NA,17,100,49,31,13,1232
2020-12,Sub-Saharan Africa,Democratic Republic of the Congo,Mole,Post-emergency,15636,68,17,100,33,23,16,1042
2020-12,Sub-Saharan Africa,Ethiopia,Bokolmanyo,Post-emergency,26693,83,19,100,65,27,10,159
2020-12,Sub-Saharan Africa,Ethiopia,Buramino,Post-emergency,34342,128,16,100,59,35,16,243
2020-12,Sub-Saharan Africa,Ethiopia,Dollo Ado Transit Centre,Emergency,0,NA,NA,NA,0,0,NA,NA
2020-12,Sub-Saharan Africa,Ethiopia,Fugnido,Post-emergency,43864,75,20,100,40,12,42,996
2020-12,Sub-Saharan Africa,Ethiopia,Fugnido 2,Post-emergency,9520,49,22,100,19,12,40,1057
2020-12,Sub-Saharan Africa,Ethiopia,Hilaweyn,Post-emergency,36628,115,18,100,52,48,12,366
2020-12,Sub-Saharan Africa,Ethiopia,Jewi,Post-emergency,59862,125,19,100,29,17,32,1197
2020-12,Sub-Saharan Africa,Ethiopia,Kobe,Post-emergency,31127,112,21,100,35,19,20,202
2020-12,Sub-Saharan Africa,Ethiopia,Kule,Post-emergency,46345,143,16,100,92,17,29,538
2020-12,Sub-Saharan Africa,Ethiopia,Melkadida,Post-emergency,34891,85,22,100,39,22,18,225
2020-12,Sub-Saharan Africa,Ethiopia,Nguenyyiel,Post-emergency,90506,151,20,100,17,18,26,887
2020-12,Sub-Saharan Africa,Ethiopia,Okugo,Post-emergency,11936,97,21,100,NA,12,22,542
2020-12,Sub-Saharan Africa,Ethiopia,Tierkidi,Post-emergency,65902,211,15,100,276,28,17,1080
2020-12,Sub-Saharan Africa,Ghana,Ampain,Post-emergency,3262,39,1,50,28,19,NA,191
2020-12,Sub-Saharan Africa,Ghana,Egyeikrom,Post-emergency,1421,55,56,NA,15,10,NA,109
2020-12,Sub-Saharan Africa,Ghana,Fetentaa,Post-emergency,1094,69,16,25,31,11,2,109
2020-12,Sub-Saharan Africa,Ghana,Krisan,Post-emergency,669,0,22,60,1,10,NA,95
2020-12,Western Asia,Iraq,Basirma,Post-emergency,2545,6,108,0,5,5,100,848
2020-12,Western Asia,Iraq,Kawergosk,Post-emergency,7727,5,178,100,5,5,100,965
2020-12,Western Asia,Iraq,Qushtapa,Post-emergency,8247,5,134,100,5,5,100,1030
2020-12,Sub-Saharan Africa,Kenya,Dagahaley,Post-emergency,78206,93,30,94,NA,7,80,1862
2020-12,Sub-Saharan Africa,Kenya,Hagadera,Post-emergency,83047,100,28,100,NA,5,94,1977
2020-12,Sub-Saharan Africa,Kenya,Ifo,Post-emergency,74724,65,34,94,NA,7,78,1779
2020-12,Sub-Saharan Africa,Malawi,Dzaleka,Post-emergency,48270,805,9,NA,15,9,36,158
2020-12,Sub-Saharan Africa,Mozambique,Maratane,Post-emergency,9538,NA,12,NA,NA,4,72,NA
2020-12,Sub-Saharan Africa,Niger,Abala,Post-emergency,15464,231,10,NA,69,21,1,15464
2020-12,Sub-Saharan Africa,Niger,Chadakori,Emergency,4187,NA,10,NA,66,66,NA,NA
2020-12,Sub-Saharan Africa,Niger,Dandaji Makao,Post-emergency,3503,NA,8,40,44,30,NA,3503
2020-12,Sub-Saharan Africa,Niger,Garin Kaka,Post-emergency,3331,278,15,0,55,42,NA,3331
2020-12,Sub-Saharan Africa,Nigeria,Adagom,Post-emergency,14609,271,14,100,29,23,10,973
2020-12,Sub-Saharan Africa,Rwanda,Bugessera Transit Site,Post-emergency,314,9,70,100,11,6,NA,17
2020-12,Sub-Saharan Africa,Rwanda,Gatore,Post-emergency,0,0,NA,NA,0,0,NA,0
2020-12,Sub-Saharan Africa,Rwanda,Gihembe,Post-emergency,12307,114,0,100,76,14,10,80
2020-12,Sub-Saharan Africa,Rwanda,Kigeme,Post-emergency,19787,80,16,100,72,35,NA,899
2020-12,Sub-Saharan Africa,Rwanda,Kiziba,Post-emergency,17162,52,21,100,50,26,NA,103
2020-12,Sub-Saharan Africa,Rwanda,Mahama,Post-emergency,57502,72,23,NA,16,16,NA,449
2020-12,Sub-Saharan Africa,Rwanda,Mugombwa,Post-emergency,10907,94,28,100,53,25,NA,908
2020-12,Sub-Saharan Africa,Rwanda,Nyabiheke,Post-emergency,14424,100,14,100,126,21,NA,180
2020-12,Sub-Saharan Africa,South Sudan,Ajoung Thok,Post-emergency,42628,96,25,92,7,7,68,355
2020-12,Sub-Saharan Africa,South Sudan,Doro,Post-emergency,66628,96,15,100,564,17,28,1665
2020-12,Sub-Saharan Africa,South Sudan,Kaya,Post-emergency,25681,74,19,100,NA,10,51,733
2020-12,Sub-Saharan Africa,South Sudan,Pamir,Post-emergency,37484,80,20,88,10,9,45,486
2020-12,Sub-Saharan Africa,South Sudan,Yusuf Batil,Post-emergency,50364,98,16,100,774,17,32,1399
2020-12,Northern Africa,Sudan,Abuda,Post-emergency,3356,214,40,NA,9,10,37,419
2020-12,Northern Africa,Sudan,Al Jameya,Post-emergency,10717,89,12,NA,NA,5,93,714
2020-12,Northern Africa,Sudan,Al Kashafa,Post-emergency,13001,150,3,NA,NA,20,16,448
2020-12,Northern Africa,Sudan,Al Redis 1,Post-emergency,11540,123,14,NA,NA,14,28,461
2020-12,Northern Africa,Sudan,Al Redis 2,Post-emergency,25991,97,13,NA,NA,37,9,519
2020-12,Northern Africa,Sudan,Alagaya,Post-emergency,21691,148,9,NA,NA,123,NA,637
2020-12,Northern Africa,Sudan,Dabat Bosin,Post-emergency,5701,178,22,NA,NA,79,NA,950
2020-12,Northern Africa,Sudan,Dar Batti,Post-emergency,13885,513,2,NA,NA,18,22,252
2020-12,Northern Africa,Sudan,El Radom,Post-emergency,16328,89,19,69,8,9,35,466
2020-12,Northern Africa,Sudan,"Elleri West7 (Dar Batti, El Gokhop and Um Kawarow)",Post-emergency,15100,1007,2,NA,NA,15,26,274
2020-12,Northern Africa,Sudan,Fau 5,Post-emergency,831,29,53,NA,NA,5,87,138
2020-12,Northern Africa,Sudan,Gedied,Post-emergency,790,NA,0,NA,NA,7,38,71
2020-12,Northern Africa,Sudan,Girba,Post-emergency,6206,132,37,NA,13,14,30,886
2020-12,Northern Africa,Sudan,Gurayd,Post-emergency,995,NA,0,NA,NA,8,42,99
2020-12,Northern Africa,Sudan,Jouri,Post-emergency,11241,123,10,NA,NA,20,19,432
2020-12,Northern Africa,Sudan,Khor Alwarel,Post-emergency,37529,152,7,NA,NA,72,NA,577
2020-12,Northern Africa,Sudan,Kilo 26,Post-emergency,9881,219,38,NA,14,14,100,1646
2020-12,Northern Africa,Sudan,Shagarab I,Post-emergency,53366,396,19,NA,15,15,15,1334
2020-12,Northern Africa,Sudan,Sirajiya,Post-emergency,5682,568,0,NA,NA,18,21,126
2020-12,Northern Africa,Sudan,Um Gargour,Post-emergency,11533,663,35,NA,8,4,50,768
2020-12,Northern Africa,Sudan,Um Sangour,Post-emergency,23288,191,10,NA,NA,33,9,776
2020-12,Northern Africa,Sudan,Wad Sharife,Post-emergency,18236,181,24,NA,40,5,85,2605
2020-12,Sub-Saharan Africa,Tanzania,Mtendeli,Post-emergency,26461,111,34,100,NA,5,72,456
2020-12,Sub-Saharan Africa,Tanzania,Nduta,Post-emergency,66938,85,30,99,NA,5,65,816
2020-12,Sub-Saharan Africa,Tanzania,Nyarugusu Burundian,Post-emergency,54347,93,33,100,NA,6,76,662
2020-12,Sub-Saharan Africa,Tanzania,Nyarugusu Congolese,Post-emergency,78100,186,26,100,NA,7,54,887
2020-12,Sub-Saharan Africa,Uganda,Adjumani,Post-emergency,215531,NA,17,NA,NA,9,75,3653
2020-12,Sub-Saharan Africa,Uganda,Imvepi,Post-emergency,NA,176,NA,NA,0,0,NA,0
2020-12,Sub-Saharan Africa,Uganda,Kyangwali,Post-emergency,123335,612,9,NA,0,5,59,616
2020-12,Sub-Saharan Africa,Uganda,Nakivale,Post-emergency,NA,743,NA,NA,0,0,77,0
2020-12,Sub-Saharan Africa,Uganda,Oruchinga,Post-emergency,8027,617,22,81,5,5,79,107
2020-12,Sub-Saharan Africa,Uganda,Palorinya,Post-emergency,123820,NA,20,NA,NA,12,25,825
2020-12,Sub-Saharan Africa,Zambia,Mantapala,Post-emergency,15751,94,29,0,3,4,100,525
2020-12,Sub-Saharan Africa,Zambia,Mayukwayukwa,Post-emergency,18637,NA,19,NA,NA,16,20,931
2020-12,Sub-Saharan Africa,Zimbabwe,Tongogara,Post-emergency,14469,103,20,NA,NA,7,30,1446
2020-07,Northern Africa,Algeria,Auserd,NA,NA,NA,NA,NA,NA,NA,96,NA
2020-07,Northern Africa,Algeria,Boujdour,NA,NA,NA,NA,NA,NA,NA,99.5,NA
2020-07,Northern Africa,Algeria,Dakhla,NA,NA,NA,NA,NA,NA,NA,98.9,NA
2020-07,Northern Africa,Algeria,Layounne,NA,NA,NA,NA,NA,NA,NA,98.7,NA
2020-07,Northern Africa,Algeria,Smara,NA,NA,NA,NA,NA,NA,NA,99,NA
2020-07,Sub-Saharan Africa,Cameroon,Borgop,NA,NA,NA,NA,NA,NA,NA,17,NA
2020-07,Sub-Saharan Africa,Cameroon,Gado,NA,NA,NA,NA,NA,NA,NA,15.6,NA
2020-07,Sub-Saharan Africa,Cameroon,Lolo,NA,NA,NA,NA,NA,NA,NA,38.1,NA
2020-07,Sub-Saharan Africa,Cameroon,Mbile,NA,NA,NA,NA,NA,NA,NA,35,NA
2020-07,Sub-Saharan Africa,Cameroon,Minawao,NA,NA,NA,NA,NA,NA,NA,26,NA
2020-07,Sub-Saharan Africa,Cameroon,Ngam,NA,NA,NA,NA,NA,NA,NA,52.4,NA
2020-07,Sub-Saharan Africa,Cameroon,Ngarisingo,NA,NA,NA,NA,NA,NA,NA,17.2,NA
2020-07,Sub-Saharan Africa,Cameroon,Timangolo,NA,NA,NA,NA,NA,NA,NA,58,NA
2020-07,Sub-Saharan Africa,Chad,Dar Es Salam,NA,NA,NA,NA,NA,NA,NA,68.9,NA
2020-07,Sub-Saharan Africa,Democratic Republic of the Congo,Lusenda,NA,NA,NA,NA,NA,NA,NA,65.6,NA
2020-07,Sub-Saharan Africa,Democratic Republic of the Congo,Mulongwe (Baraka),NA,NA,NA,NA,NA,NA,NA,61,NA
2020-07,Sub-Saharan Africa,Ethiopia,Bokolmanyo,NA,NA,NA,NA,NA,NA,NA,38,NA
2020-07,Sub-Saharan Africa,Ethiopia,Buramino,NA,NA,NA,NA,NA,NA,NA,50,NA
2020-07,Sub-Saharan Africa,Ethiopia,Fugnido,NA,NA,NA,NA,NA,NA,NA,61.3,NA
2020-07,Sub-Saharan Africa,Ethiopia,Fugnido 2,NA,NA,NA,NA,NA,NA,NA,81.8,NA
2020-07,Sub-Saharan Africa,Ethiopia,Hilaweyn,NA,NA,NA,NA,NA,NA,NA,30,NA
2020-07,Sub-Saharan Africa,Ethiopia,Jewi,NA,NA,NA,NA,NA,NA,NA,75.5,NA
2020-07,Sub-Saharan Africa,Ethiopia,Kobe,NA,NA,NA,NA,NA,NA,NA,25,NA
2020-07,Sub-Saharan Africa,Ethiopia,Kule,NA,NA,NA,NA,NA,NA,NA,18.5,NA
2020-07,Sub-Saharan Africa,Ethiopia,Melkadida,NA,NA,NA,NA,NA,NA,NA,23,NA
2020-07,Sub-Saharan Africa,Ethiopia,Nguenyyiel,NA,NA,NA,NA,NA,NA,NA,51,NA
2020-07,Sub-Saharan Africa,Ethiopia,Okugo,NA,NA,NA,NA,NA,NA,NA,49.7,NA
2020-07,Sub-Saharan Africa,Ethiopia,Tierkidi,NA,NA,NA,NA,NA,NA,NA,21.3,NA
2020-07,Sub-Saharan Africa,Nigeria,Adagom,NA,NA,NA,NA,NA,NA,NA,42.6,NA
2020-07,Sub-Saharan Africa,Tanzania,Mtendeli,NA,NA,NA,NA,NA,NA,NA,67.9,NA
2020-07,Sub-Saharan Africa,Tanzania,Nduta,NA,NA,NA,NA,NA,NA,NA,76.6,NA
2020-07,Sub-Saharan Africa,Tanzania,Nyarugusu Burundian,NA,NA,NA,NA,NA,NA,NA,96.2,NA
2020-07,Sub-Saharan Africa,Tanzania,Nyarugusu Congolese,NA,NA,NA,NA,NA,NA,NA,90,NA
2020-07,Sub-Saharan Africa,Uganda,Adjumani,NA,NA,NA,NA,NA,NA,NA,94,NA
2020-07,Sub-Saharan Africa,Uganda,Imvepi,NA,NA,NA,NA,NA,NA,NA,98,NA
2020-07,Sub-Saharan Africa,Uganda,Kiryandongo,NA,NA,NA,NA,NA,NA,NA,85.3,NA
2020-07,Sub-Saharan Africa,Uganda,Kyaka II,NA,NA,NA,NA,NA,NA,NA,73.4,NA
2020-07,Sub-Saharan Africa,Uganda,Kyangwali,NA,NA,NA,NA,NA,NA,NA,77.2,NA
2020-07,Sub-Saharan Africa,Uganda,Nakivale,NA,NA,NA,NA,NA,NA,NA,80,NA
2020-07,Sub-Saharan Africa,Uganda,Palorinya,NA,NA,NA,NA,NA,NA,NA,73.75,NA
2020-07,Sub-Saharan Africa,Uganda,Rhino Camp,NA,NA,NA,NA,NA,NA,NA,79,NA
2020-07,Sub-Saharan Africa,Zimbabwe,Tongogara,NA,NA,NA,NA,NA,NA,NA,71.2,NA
2020-11,Northern Africa,Algeria,Boujdour,Post-emergency,9601,NA,20,100,4,5,94,960
2020-11,Northern Africa,Algeria,Dakhla,Post-emergency,10870,49,39,50,4,5,98,724
2020-11,Northern Africa,Algeria,Layounne,Post-emergency,25503,NA,13,0,5,5,88,1700
2020-11,Northern Africa,Algeria,Smara,Post-emergency,25389,98,22,NA,5,5,87,1493
2020-11,Sub-Saharan Africa,Angola,Lovua settlement,Post-emergency,6349,302,27,0,9,7,47,244
2020-11,Sub-Saharan Africa,Cameroon,Minawao,Post-emergency,68990,1242,12,NA,25,22,16,841
2020-11,Sub-Saharan Africa,Chad,Amboko,Post-emergency,9819,NA,28,NA,21,21,19,9819
2020-11,Sub-Saharan Africa,Chad,Amnabak,Post-emergency,27273,275,8,100,36,34,11,2727
2020-11,Sub-Saharan Africa,Chad,Beakoro,Post-emergency,227,NA,49,NA,18,16,22,NA
2020-11,Sub-Saharan Africa,Chad,Bekan,Post-emergency,3093,238,61,NA,162,124,3,NA
2020-11,Sub-Saharan Africa,Chad,Belom,Post-emergency,21667,NA,31,NA,144,24,3,10833
2020-11,Sub-Saharan Africa,Chad,Bredjing,Post-emergency,48012,121,14,98,9,9,45,4801
2020-11,Sub-Saharan Africa,Chad,Dar Es Salam,Post-emergency,15892,23,20,100,12,13,24,441
2020-11,Sub-Saharan Africa,Chad,Dembo,Post-emergency,2928,NA,21,NA,97,65,4,2928
2020-11,Sub-Saharan Africa,Chad,Diba,Post-emergency,3838,NA,24,NA,85,72,3,NA
2020-11,Sub-Saharan Africa,Chad,Dilingala,Post-emergency,2301,NA,27,NA,40,28,9,2301
2020-11,Sub-Saharan Africa,Chad,Djabal,Post-emergency,23407,76,19,100,9,8,54,7802
2020-11,Sub-Saharan Africa,Chad,Doholo,Post-emergency,6055,NA,33,NA,15,15,22,3027
2020-11,Sub-Saharan Africa,Chad,Dosseye,Post-emergency,13882,NA,45,NA,5,6,70,4627
2020-11,Sub-Saharan Africa,Chad,Farchana,Post-emergency,30420,121,14,97,9,9,47,6084
2020-11,Sub-Saharan Africa,Chad,Gaga,Post-emergency,25987,101,14,93,12,12,37,5197
2020-11,Sub-Saharan Africa,Chad,Gon,Post-emergency,2490,NA,37,NA,75,55,5,2490
2020-11,Sub-Saharan Africa,Chad,Gondje,Post-emergency,7980,NA,39,NA,47,42,9,7980
2020-11,Sub-Saharan Africa,Chad,Goz Amer,Post-emergency,35743,NA,17,NA,NA,17,25,8935
2020-11,Sub-Saharan Africa,Chad,Iridimi,Post-emergency,24469,395,7,100,17,16,26,2446
2020-11,Sub-Saharan Africa,Chad,Kerfi,Post-emergency,1536,NA,32,NA,6,8,65,1536
2020-11,Sub-Saharan Africa,Chad,Kouchaguine-Moura,Post-emergency,7988,61,24,97,38,19,NA,998
2020-11,Sub-Saharan Africa,Chad,Kounoungou,Post-emergency,22577,86,11,100,19,19,21,2257
2020-11,Sub-Saharan Africa,Chad,Mile,Post-emergency,23514,109,15,100,18,17,23,2351
2020-11,Sub-Saharan Africa,Chad,Moyo,Post-emergency,8040,NA,42,NA,44,36,8,4020
2020-11,Sub-Saharan Africa,Chad,Silambi,Post-emergency,646,NA,49,NA,28,21,13,646
2020-11,Sub-Saharan Africa,Chad,Touloum,Post-emergency,29711,105,6,100,23,54,7,2971
2020-11,Sub-Saharan Africa,Democratic Republic of the Congo,Bili,Post-emergency,9913,0,19,50,14,11,37,660
2020-11,Sub-Saharan Africa,Democratic Republic of the Congo,Boyabu,Post-emergency,15419,NA,21,100,32,21,17,1027
2020-11,Sub-Saharan Africa,Democratic Republic of the Congo,Inke,Post-emergency,18484,NA,17,100,49,31,13,1232
2020-11,Sub-Saharan Africa,Democratic Republic of the Congo,Mole,Post-emergency,15636,68,21,100,33,23,16,1042
2020-11,Sub-Saharan Africa,Ethiopia,Bokolmanyo,Post-emergency,26793,110,31,100,41,36,15,160
2020-11,Sub-Saharan Africa,Ethiopia,Buramino,Post-emergency,33957,127,15,100,59,35,16,240
2020-11,Sub-Saharan Africa,Ethiopia,Dollo Ado Transit Centre,Emergency,0,NA,NA,NA,0,0,NA,NA
2020-11,Sub-Saharan Africa,Ethiopia,Fugnido,Post-emergency,43864,75,20,100,40,12,42,996
2020-11,Sub-Saharan Africa,Ethiopia,Fugnido 2,Post-emergency,9520,49,22,100,19,12,40,1057
2020-11,Sub-Saharan Africa,Ethiopia,Hilaweyn,Post-emergency,36538,119,20,100,52,48,12,365
2020-11,Sub-Saharan Africa,Ethiopia,Jewi,Post-emergency,59862,125,16,100,29,17,32,1197
2020-11,Sub-Saharan Africa,Ethiopia,Kobe,Post-emergency,31088,112,21,100,36,20,19,201
2020-11,Sub-Saharan Africa,Ethiopia,Kule,Post-emergency,46345,143,15,100,92,17,29,538
2020-11,Sub-Saharan Africa,Ethiopia,Melkadida,Post-emergency,34787,85,19,100,41,22,17,224
2020-11,Sub-Saharan Africa,Ethiopia,Nguenyyiel,Post-emergency,90506,151,20,100,18,18,26,887
2020-11,Sub-Saharan Africa,Ethiopia,Okugo,Post-emergency,11936,97,21,100,NA,12,22,542
2020-11,Sub-Saharan Africa,Ethiopia,Tierkidi,Post-emergency,65902,211,14,100,276,28,17,1080
2020-11,Sub-Saharan Africa,Ghana,Ampain,Post-emergency,3295,39,21,50,34,23,NA,193
2020-11,Sub-Saharan Africa,Ghana,Egyeikrom,Post-emergency,1412,78,57,NA,13,13,NA,108
2020-11,Sub-Saharan Africa,Ghana,Fetentaa,Post-emergency,969,62,17,25,27,10,1,96
2020-11,Sub-Saharan Africa,Ghana,Krisan,Post-emergency,675,0,22,67,1,11,NA,96
2020-11,Sub-Saharan Africa,Kenya,Dagahaley,Post-emergency,78064,93,30,95,NA,7,77,1858
2020-11,Sub-Saharan Africa,Kenya,Hagadera,Post-emergency,82386,99,27,99,NA,5,89,1961
2020-11,Sub-Saharan Africa,Kenya,Ifo,Post-emergency,74639,65,36,99,NA,7,75,1777
2020-11,Sub-Saharan Africa,Malawi,Dzaleka,Post-emergency,47880,798,9,NA,15,8,36,157
2020-11,Sub-Saharan Africa,Mozambique,Maratane,Post-emergency,9538,NA,13,NA,NA,5,65,NA
2020-11,Sub-Saharan Africa,Niger,Abala,Post-emergency,15998,239,9,NA,71,22,1,15998
2020-11,Sub-Saharan Africa,Niger,Chadakori,Emergency,2638,NA,7,NA,41,41,NA,NA
2020-11,Sub-Saharan Africa,Niger,Dandaji Makao,Post-emergency,3503,NA,4,33,72,34,NA,3503
2020-11,Sub-Saharan Africa,Niger,Garin Kaka,Post-emergency,3331,278,8,33,59,44,NA,3331
2020-11,Sub-Saharan Africa,Niger,Ouallam,Post-emergency,5583,233,24,NA,69,49,7,5583
2020-11,Sub-Saharan Africa,Nigeria,Adagom,Post-emergency,14609,271,13,100,28,21,13,730
2020-11,Sub-Saharan Africa,Rwanda,Bugessera Transit Site,Post-emergency,266,8,37,0,9,5,NA,14
2020-11,Sub-Saharan Africa,Rwanda,Gatore,Post-emergency,198,33,60,100,16,12,4,33
2020-11,Sub-Saharan Africa,Rwanda,Gihembe,Post-emergency,12281,113,18,100,76,14,10,93
2020-11,Sub-Saharan Africa,Rwanda,Kigeme,Post-emergency,19874,80,16,NA,73,35,NA,903
2020-11,Sub-Saharan Africa,Rwanda,Kiziba,Post-emergency,17162,52,21,100,50,29,NA,103
2020-11,Sub-Saharan Africa,Rwanda,Mahama,Post-emergency,58427,73,23,NA,16,16,NA,456
2020-11,Sub-Saharan Africa,Rwanda,Mugombwa,Post-emergency,10902,97,28,100,53,25,NA,908
2020-11,Sub-Saharan Africa,Rwanda,Nyanza Reception Center,Post-emergency,10,0,0,NA,0,1,NA,1
2020-11,Sub-Saharan Africa,South Sudan,Doro,Post-emergency,63641,96,17,0,539,17,27,1591
2020-11,Sub-Saharan Africa,South Sudan,Kaya,Post-emergency,24513,70,18,100,NA,10,49,700
2020-11,Sub-Saharan Africa,South Sudan,Yusuf Batil,Post-emergency,47741,93,15,100,734,16,32,1326
2020-11,Northern Africa,Sudan,Abu Jubaiha Town,Post-emergency,2781,NA,0,NA,NA,10,40,139
2020-11,Northern Africa,Sudan,Al Jameya,Post-emergency,10717,89,17,NA,NA,5,93,714
2020-11,Northern Africa,Sudan,Al Kashafa,Post-emergency,13001,150,9,NA,NA,20,16,448
2020-11,Northern Africa,Sudan,Al Redis 1,Post-emergency,11540,127,17,NA,NA,14,28,461
2020-11,Northern Africa,Sudan,Al Redis 2,Post-emergency,25991,107,14,NA,NA,37,9,519
2020-11,Northern Africa,Sudan,Alagaya,Post-emergency,21691,145,9,NA,NA,123,NA,637
2020-11,Northern Africa,Sudan,Dabat Bosin,Post-emergency,5701,262,18,NA,NA,79,NA,950
2020-11,Northern Africa,Sudan,Dar Batti,Post-emergency,13885,513,2,NA,NA,18,22,252
2020-11,Northern Africa,Sudan,El Radom,Post-emergency,16890,88,17,55,8,10,32,482
2020-11,Northern Africa,Sudan,"Elleri West7 (Dar Batti, El Gokhop and Um Kawarow)",Post-emergency,14308,954,2,NA,NA,15,27,260
2020-11,Northern Africa,Sudan,Gedied,Post-emergency,790,NA,0,NA,NA,7,38,71
2020-11,Northern Africa,Sudan,Gurayd,Post-emergency,995,NA,0,NA,NA,8,42,99
2020-11,Northern Africa,Sudan,Jouri,Post-emergency,11241,132,11,NA,NA,20,19,432
2020-11,Northern Africa,Sudan,Khor Alwarel,Post-emergency,37529,143,10,NA,NA,72,NA,577
2020-11,Northern Africa,Sudan,Shagarab I,Post-emergency,53366,396,17,NA,15,15,15,1334
2020-11,Northern Africa,Sudan,Sirajiya,Post-emergency,5682,568,0,NA,NA,18,21,126
2020-11,Northern Africa,Sudan,Um Sangour,Post-emergency,23288,207,9,NA,NA,33,9,776
2020-11,Northern Africa,Sudan,Wad Sharife,Post-emergency,18236,181,25,NA,40,5,85,2605
2020-11,Sub-Saharan Africa,Tanzania,Mtendeli,Post-emergency,27656,76,33,100,NA,5,68,512
2020-11,Sub-Saharan Africa,Tanzania,Nduta,Post-emergency,69850,80,28,99,NA,5,60,851
2020-11,Sub-Saharan Africa,Tanzania,Nyarugusu Burundian,Post-emergency,56372,71,29,100,NA,6,73,704
2020-11,Sub-Saharan Africa,Tanzania,Nyarugusu Congolese,Post-emergency,77921,129,25,100,NA,7,53,906
2020-11,Sub-Saharan Africa,Uganda,Imvepi,Post-emergency,NA,176,NA,NA,0,0,NA,0
2020-11,Sub-Saharan Africa,Uganda,Nakivale,Post-emergency,116899,743,14,96,8,7,74,371
2020-11,Sub-Saharan Africa,Uganda,Oruchinga,Post-emergency,8027,617,20,72,5,5,81,107
2020-11,Sub-Saharan Africa,Zambia,Mantapala,Post-emergency,15751,94,29,0,3,4,100,525
2020-11,Sub-Saharan Africa,Zambia,Mayukwayukwa,Post-emergency,17753,NA,20,NA,NA,15,20,887
2020-11,Sub-Saharan Africa,Zimbabwe,Tongogara,Post-emergency,14469,103,20,NA,NA,7,30,1446
2020-10,Northern Africa,Algeria,Boujdour,Post-emergency,9601,NA,22,100,4,5,94,960
2020-10,Northern Africa,Algeria,Dakhla,Post-emergency,10870,49,41,100,4,5,98,724
2020-10,Northern Africa,Algeria,Layounne,Post-emergency,25503,NA,13,33,5,5,88,1700
2020-10,Northern Africa,Algeria,Smara,Post-emergency,25389,98,23,100,5,5,87,1493
2020-10,Sub-Saharan Africa,Angola,Lovua settlement,Post-emergency,6410,305,27,0,9,8,42,246
2020-10,Latin America and the Caribbean,Brazil,Jardim Floresta,Emergency,505,NA,19,NA,20,16,NA,NA
2020-10,Latin America and the Caribbean,Brazil,Pintolandia,Emergency,504,NA,63,NA,50,20,NA,NA
2020-10,Latin America and the Caribbean,Brazil,Pricuma,Emergency,852,NA,23,NA,19,19,NA,NA
2020-10,Latin America and the Caribbean,Brazil,Rondon I,Emergency,596,NA,48,NA,45,54,NA,NA
2020-10,Latin America and the Caribbean,Brazil,Rondon II,Emergency,605,NA,47,NA,24,55,NA,NA
2020-10,Sub-Saharan Africa,Burkina Faso,Mentao,Post-emergency,5154,0,22,NA,53,28,8,1718
2020-10,Sub-Saharan Africa,Cameroon,Borgop,Post-emergency,12299,NA,16,NA,15,7,34,307
2020-10,Sub-Saharan Africa,Cameroon,Gado,Post-emergency,26573,145,15,98,33,26,1,501
2020-10,Sub-Saharan Africa,Cameroon,Lolo,Post-emergency,12275,150,11,NA,29,23,2,395
2020-10,Sub-Saharan Africa,Cameroon,Mbile,Post-emergency,13165,NA,16,NA,38,24,2,470
2020-10,Sub-Saharan Africa,Cameroon,Minawao,Post-emergency,68990,1242,12,NA,25,22,16,841
2020-10,Sub-Saharan Africa,Cameroon,Ngam,Post-emergency,6672,160,17,NA,16,12,NA,190
2020-10,Sub-Saharan Africa,Cameroon,Ngarisingo,Post-emergency,1227,NA,22,NA,10,14,NA,409
2020-10,Sub-Saharan Africa,Cameroon,Timangolo,Post-emergency,6955,276,14,NA,16,23,7,366
2020-10,Sub-Saharan Africa,Chad,Amboko,Post-emergency,9819,NA,25,NA,21,21,19,9819
2020-10,Sub-Saharan Africa,Chad,Amnabak,Post-emergency,26720,270,7,100,36,33,11,2672
2020-10,Sub-Saharan Africa,Chad,Beakoro,Post-emergency,227,NA,49,NA,18,16,22,NA
2020-10,Sub-Saharan Africa,Chad,Bekan,Post-emergency,3093,434,29,NA,162,124,3,NA
2020-10,Sub-Saharan Africa,Chad,Belom,Post-emergency,21667,NA,31,NA,144,24,3,10833
2020-10,Sub-Saharan Africa,Chad,Bredjing,Post-emergency,47849,121,16,95,9,9,64,4784
2020-10,Sub-Saharan Africa,Chad,Dar Es Salam,Post-emergency,15001,25,18,0,11,13,26,416
2020-10,Sub-Saharan Africa,Chad,Dembo,Post-emergency,2928,NA,26,NA,97,65,4,2928
2020-10,Sub-Saharan Africa,Chad,Dilingala,Post-emergency,2301,NA,20,NA,40,28,9,2301
2020-10,Sub-Saharan Africa,Chad,Djabal,Post-emergency,18400,60,22,95,7,7,54,6133
2020-10,Sub-Saharan Africa,Chad,Doholo,Post-emergency,6055,NA,33,NA,15,15,22,3027
2020-10,Sub-Saharan Africa,Chad,Dosseye,Post-emergency,13882,NA,40,NA,7,8,53,4627
2020-10,Sub-Saharan Africa,Chad,Farchana,Post-emergency,29832,122,13,88,9,9,70,5966
2020-10,Sub-Saharan Africa,Chad,Gaga,Post-emergency,25606,102,14,90,12,12,52,5121
2020-10,Sub-Saharan Africa,Chad,Gon,Post-emergency,2490,NA,31,NA,75,55,5,2490
2020-10,Sub-Saharan Africa,Chad,Gondje,Post-emergency,7980,NA,35,NA,47,42,9,7980
2020-10,Sub-Saharan Africa,Chad,Goz Amer,Post-emergency,30149,NA,20,NA,7,14,25,7537
2020-10,Sub-Saharan Africa,Chad,Iridimi,Post-emergency,24469,395,11,100,17,16,26,2446
2020-10,Sub-Saharan Africa,Chad,Kerfi,Post-emergency,1536,NA,32,NA,6,8,65,1536
2020-10,Sub-Saharan Africa,Chad,Kouchaguine-Moura,Post-emergency,7988,74,18,96,38,19,NA,NA
2020-10,Sub-Saharan Africa,Chad,Kounoungou,Post-emergency,22576,86,13,100,19,19,21,2257
2020-10,Sub-Saharan Africa,Chad,Mile,Post-emergency,23488,109,15,100,18,17,23,2348
2020-10,Sub-Saharan Africa,Chad,Moyo,Post-emergency,8040,NA,40,NA,44,36,8,4020
2020-10,Sub-Saharan Africa,Chad,Oure Cassoni,Post-emergency,34923,216,9,100,13,12,29,3492
2020-10,Sub-Saharan Africa,Chad,Silambi,Post-emergency,646,NA,49,NA,28,21,13,646
2020-10,Sub-Saharan Africa,Chad,Touloum,Post-emergency,29798,106,11,100,23,55,7,2979
2020-10,Sub-Saharan Africa,Democratic Republic of the Congo,Bili,Post-emergency,9913,0,11,100,14,11,37,1652
2020-10,Sub-Saharan Africa,Democratic Republic of the Congo,Boyabu,Post-emergency,14419,NA,22,100,30,20,17,2403
2020-10,Sub-Saharan Africa,Democratic Republic of the Congo,Inke,Post-emergency,18484,NA,17,100,49,31,13,3080
2020-10,Sub-Saharan Africa,Democratic Republic of the Congo,Mole,Post-emergency,15636,68,15,100,33,24,16,2606
2020-10,Sub-Saharan Africa,Ethiopia,Bokolmanyo,Post-emergency,26913,139,9,100,41,36,15,161
2020-10,Sub-Saharan Africa,Ethiopia,Buramino,Post-emergency,33768,104,15,100,58,34,16,239
2020-10,Sub-Saharan Africa,Ethiopia,Dollo Ado Transit Centre,Emergency,0,NA,NA,NA,0,0,NA,NA
2020-10,Sub-Saharan Africa,Ethiopia,Fugnido,Post-emergency,43779,74,20,100,40,12,42,994
2020-10,Sub-Saharan Africa,Ethiopia,Fugnido 2,Post-emergency,9465,49,21,100,18,12,40,1051
2020-10,Sub-Saharan Africa,Ethiopia,Hilaweyn,Post-emergency,36317,122,19,100,60,48,12,363
2020-10,Sub-Saharan Africa,Ethiopia,Jewi,Post-emergency,59514,124,16,100,29,17,32,1190
2020-10,Sub-Saharan Africa,Ethiopia,Kobe,Post-emergency,31013,111,21,100,36,20,19,201
2020-10,Sub-Saharan Africa,Ethiopia,Kule,Post-emergency,46092,142,13,100,92,17,29,535
2020-10,Sub-Saharan Africa,Ethiopia,Melkadida,Post-emergency,34820,85,20,100,48,25,15,224
2020-10,Sub-Saharan Africa,Ethiopia,Nguenyyiel,Post-emergency,86890,145,19,100,15,15,31,851
2020-10,Sub-Saharan Africa,Ethiopia,Okugo,Post-emergency,11907,97,20,100,NA,13,19,541
2020-10,Sub-Saharan Africa,Ethiopia,Tierkidi,Post-emergency,65588,210,15,100,275,28,17,1075
2020-10,Sub-Saharan Africa,Ghana,Ampain,Post-emergency,3290,39,21,50,34,23,NA,193
2020-10,Sub-Saharan Africa,Ghana,Egyeikrom,Post-emergency,1412,78,57,NA,13,13,NA,108
2020-10,Sub-Saharan Africa,Ghana,Fetentaa,Post-emergency,969,62,17,25,27,10,1,96
2020-10,Sub-Saharan Africa,Ghana,Krisan,Post-emergency,670,0,22,67,1,10,NA,95
2020-10,Western Asia,Iraq,Basirma,Post-emergency,2556,6,110,100,5,5,100,852
2020-10,Western Asia,Iraq,Kawergosk,Post-emergency,7725,5,155,100,5,5,100,965
2020-10,Western Asia,Iraq,Qushtapa,Post-emergency,8242,5,134,100,5,5,100,1030
2020-10,Sub-Saharan Africa,Kenya,Dagahaley,Post-emergency,77780,92,32,100,NA,7,77,1851
2020-10,Sub-Saharan Africa,Kenya,Hagadera,Post-emergency,81616,98,27,100,NA,5,88,1943
2020-10,Sub-Saharan Africa,Kenya,Ifo,Post-emergency,74132,65,36,100,NA,7,75,1765
2020-10,Sub-Saharan Africa,Malawi,Dzaleka,Post-emergency,47469,791,10,NA,15,8,36,156
2020-10,Sub-Saharan Africa,Mozambique,Maratane,Post-emergency,9538,NA,13,NA,NA,5,65,476
2020-10,Sub-Saharan Africa,Niger,Abala,Post-emergency,15464,231,9,NA,69,21,NA,15464
2020-10,Sub-Saharan Africa,Niger,Chadakori,Emergency,1638,NA,10,NA,26,26,NA,NA
2020-10,Sub-Saharan Africa,Niger,Dandaji Makao,Post-emergency,3535,NA,13,33,73,35,NA,3535
2020-10,Sub-Saharan Africa,Niger,Garin Kaka,Post-emergency,3342,279,6,33,59,44,NA,3342
2020-10,Sub-Saharan Africa,Niger,Ouallam,Post-emergency,5520,230,10,NA,69,48,7,5520
2020-10,Sub-Saharan Africa,Nigeria,Adagom,Post-emergency,13609,24,14,100,26,20,13,680
2020-10,Sub-Saharan Africa,Republic of Congo,Gamboma,Post-emergency,2828,29,18,83,12,13,25,235
2020-10,Sub-Saharan Africa,Rwanda,Bugessera Transit Site,Post-emergency,205,6,48,100,7,4,NA,102
2020-10,Sub-Saharan Africa,Rwanda,Gatore,Post-emergency,327,55,51,50,27,20,3,54
2020-10,Sub-Saharan Africa,Rwanda,Gihembe,Post-emergency,12276,113,0,100,76,14,10,93
2020-10,Sub-Saharan Africa,Rwanda,Kigeme,Post-emergency,21307,86,17,NA,78,36,NA,968
2020-10,Sub-Saharan Africa,Rwanda,Kijote,Emergency,22,2,45,NA,0,1,100,3
2020-10,Sub-Saharan Africa,Rwanda,Kiziba,Post-emergency,17107,52,21,100,50,29,NA,103
2020-10,Sub-Saharan Africa,Rwanda,Mahama,Post-emergency,58270,72,23,NA,16,16,NA,455
2020-10,Sub-Saharan Africa,Rwanda,Mugombwa,Post-emergency,10802,93,29,100,52,25,NA,900
2020-10,Sub-Saharan Africa,Rwanda,Nyabiheke,Post-emergency,14397,100,14,87,126,21,NA,179
2020-10,Sub-Saharan Africa,South Sudan,Ajoung Thok,Post-emergency,42159,424,22,89,7,7,67,339
2020-10,Sub-Saharan Africa,South Sudan,Doro,Post-emergency,63641,96,17,100,539,18,26,1591
2020-10,Sub-Saharan Africa,South Sudan,Gendrassa,Post-emergency,18586,93,22,100,NA,17,28,580
2020-10,Sub-Saharan Africa,South Sudan,Kaya,Post-emergency,24513,70,20,100,NA,10,49,700
2020-10,Sub-Saharan Africa,South Sudan,Pamir,Post-emergency,36174,504,18,89,11,9,42,524
2020-10,Sub-Saharan Africa,South Sudan,Yusuf Batil,Post-emergency,47752,93,15,100,734,16,31,1326
2020-10,Northern Africa,Sudan,Abu Jubaiha Town,Post-emergency,2781,NA,0,NA,NA,10,40,139
2020-10,Northern Africa,Sudan,Abuda,Post-emergency,3356,129,35,NA,9,10,37,419
2020-10,Northern Africa,Sudan,Al Jameya,Post-emergency,10248,85,19,NA,NA,5,98,683
2020-10,Northern Africa,Sudan,Al Kashafa,Post-emergency,12994,150,9,NA,NA,20,16,448
2020-10,Northern Africa,Sudan,Al Redis 1,Post-emergency,11528,127,15,NA,NA,14,28,461
2020-10,Northern Africa,Sudan,Al Redis 2,Post-emergency,25986,107,13,NA,NA,37,9,519
2020-10,Northern Africa,Sudan,Alagaya,Post-emergency,20918,140,9,NA,NA,119,NA,615
2020-10,Northern Africa,Sudan,Dabat Bosin,Post-emergency,4992,250,17,NA,NA,69,NA,832
2020-10,Northern Africa,Sudan,Dar Batti,Post-emergency,14308,3075,0,NA,NA,18,22,260
2020-10,Northern Africa,Sudan,El Radom,Post-emergency,15000,85,20,36,7,11,NA,428
2020-10,Northern Africa,Sudan,"Elleri West7 (Dar Batti, El Gokhop and Um Kawarow)",Post-emergency,14335,956,2,NA,NA,15,NA,220
2020-10,Northern Africa,Sudan,Fau 5,Post-emergency,831,29,76,NA,NA,5,87,138
2020-10,Northern Africa,Sudan,Gedied,Post-emergency,790,NA,0,NA,NA,7,38,71
2020-10,Northern Africa,Sudan,Girba,Post-emergency,6206,132,37,NA,13,14,30,886
2020-10,Northern Africa,Sudan,Gurayd,Post-emergency,995,NA,0,NA,NA,8,42,99
2020-10,Northern Africa,Sudan,Jouri,Post-emergency,11276,132,11,NA,NA,20,19,433
2020-10,Northern Africa,Sudan,Khor Alwarel,Post-emergency,37953,144,9,NA,NA,73,NA,583
2020-10,Northern Africa,Sudan,Kilo 26,Post-emergency,9881,NA,6,100,123,14,NA,1646
2020-10,Northern Africa,Sudan,Shagarab I,Post-emergency,53366,215,28,NA,15,15,15,1721
2020-10,Northern Africa,Sudan,Sirajiya,Post-emergency,5682,568,0,NA,NA,18,22,126
2020-10,Northern Africa,Sudan,Um Gargour,Post-emergency,11533,184,30,NA,8,4,50,768
2020-10,Northern Africa,Sudan,Um Sangour,Post-emergency,33238,278,10,NA,NA,46,1,1107
2020-10,Northern Africa,Sudan,Wad Sharife,Post-emergency,18236,181,25,NA,40,5,100,959
2020-10,Sub-Saharan Africa,Tanzania,Mtendeli,Post-emergency,28585,120,33,100,NA,5,66,529
2020-10,Sub-Saharan Africa,Tanzania,Nduta,Post-emergency,69850,83,30,99,NA,6,51,851
2020-10,Sub-Saharan Africa,Tanzania,Nyarugusu Burundian,Post-emergency,57226,71,32,100,NA,6,72,715
2020-10,Sub-Saharan Africa,Tanzania,Nyarugusu Congolese,Post-emergency,77590,131,30,100,NA,7,53,902
2020-10,Sub-Saharan Africa,Uganda,Adjumani,Post-emergency,214468,NA,16,NA,NA,8,75,36
2020-10,Sub-Saharan Africa,Uganda,Imvepi,Post-emergency,NA,176,NA,NA,0,0,NA,0
2020-10,Sub-Saharan Africa,Uganda,Kyangwali,Post-emergency,123020,582,9,NA,0,0,58,621
2020-10,Sub-Saharan Africa,Uganda,Nakivale,Post-emergency,116899,775,15,92,8,7,74,371
2020-10,Sub-Saharan Africa,Uganda,Oruchinga,Post-emergency,8027,617,22,79,5,5,81,107
2020-10,Sub-Saharan Africa,Uganda,Rhino Camp,Post-emergency,NA,357,NA,NA,0,0,NA,0
2020-10,Sub-Saharan Africa,Zambia,Mantapala,Post-emergency,15751,94,29,0,3,4,100,525
2020-10,Sub-Saharan Africa,Zimbabwe,Tongogara,Post-emergency,14469,103,20,NA,NA,7,30,1446
2020-09,Northern Africa,Algeria,Auserd,Post-emergency,18638,61,16,100,4,5,94,1242
2020-09,Northern Africa,Algeria,Boujdour,Post-emergency,9601,NA,23,100,4,5,94,960
2020-09,Northern Africa,Algeria,Dakhla,Post-emergency,10870,49,41,100,4,5,98,724
2020-09,Northern Africa,Algeria,Layounne,Post-emergency,25503,NA,11,50,5,5,88,1700
2020-09,Northern Africa,Algeria,Smara,Post-emergency,25389,98,22,50,5,5,87,1493
2020-09,Sub-Saharan Africa,Angola,Lovua settlement,Post-emergency,6397,305,32,0,9,6,60,304
2020-09,Sub-Saharan Africa,Burkina Faso,Mentao,Post-emergency,5429,54,25,67,56,30,8,1809
2020-09,Sub-Saharan Africa,Cameroon,Borgop,Post-emergency,12291,NA,15,NA,15,8,21,307
2020-09,Sub-Saharan Africa,Cameroon,Gado,Post-emergency,26573,145,15,NA,38,13,19,501
2020-09,Sub-Saharan Africa,Cameroon,Lolo,Post-emergency,12275,150,11,NA,29,23,2,395
2020-09,Sub-Saharan Africa,Cameroon,Mbile,Post-emergency,13224,NA,18,NA,38,24,2,472
2020-09,Sub-Saharan Africa,Cameroon,Minawao,Post-emergency,68170,1242,11,0,25,23,16,831
2020-09,Sub-Saharan Africa,Cameroon,Ngam,Post-emergency,6667,160,18,NA,16,6,42,190
2020-09,Sub-Saharan Africa,Cameroon,Ngarisingo,Post-emergency,1227,NA,22,NA,10,14,NA,409
2020-09,Sub-Saharan Africa,Cameroon,Timangolo,Post-emergency,6955,138,17,NA,16,23,7,366
2020-09,Sub-Saharan Africa,Chad,Amboko,Post-emergency,9819,NA,28,33,21,21,19,9819
2020-09,Sub-Saharan Africa,Chad,Amnabak,Post-emergency,26720,270,6,100,36,32,11,2672
2020-09,Sub-Saharan Africa,Chad,Beakoro,Post-emergency,227,NA,61,NA,18,16,22,NA
2020-09,Sub-Saharan Africa,Chad,Bekan,Post-emergency,3093,434,24,NA,162,103,3,NA
2020-09,Sub-Saharan Africa,Chad,Belom,Post-emergency,21667,NA,31,33,144,24,3,10833
2020-09,Sub-Saharan Africa,Chad,Bredjing,Post-emergency,47849,121,14,96,9,9,64,4784
2020-09,Sub-Saharan Africa,Chad,Dar Es Salam,Post-emergency,15001,25,18,0,11,13,26,416
2020-09,Sub-Saharan Africa,Chad,Dembo,Post-emergency,2928,NA,10,NA,292,117,1,2928
2020-09,Sub-Saharan Africa,Chad,Dilingala,Post-emergency,2301,NA,27,NA,60,37,6,2301
2020-09,Sub-Saharan Africa,Chad,Djabal,Post-emergency,18400,61,22,90,7,7,54,6133
2020-09,Sub-Saharan Africa,Chad,Doholo,Post-emergency,6055,NA,33,NA,15,15,22,3027
2020-09,Sub-Saharan Africa,Chad,Farchana,Post-emergency,29832,118,13,93,9,9,70,5966
2020-09,Sub-Saharan Africa,Chad,Gaga,Post-emergency,25606,102,14,89,12,12,52,5121
2020-09,Sub-Saharan Africa,Chad,Gon,Post-emergency,2490,NA,31,NA,85,61,4,2490
2020-09,Sub-Saharan Africa,Chad,Gondje,Post-emergency,7980,NA,39,33,47,42,9,7980
2020-09,Sub-Saharan Africa,Chad,Goz Amer,Post-emergency,30149,NA,19,NA,7,14,25,7537
2020-09,Sub-Saharan Africa,Chad,Iridimi,Post-emergency,22860,369,12,100,16,15,28,2286
2020-09,Sub-Saharan Africa,Chad,Kerfi,Post-emergency,1536,NA,32,NA,6,8,65,1536
2020-09,Sub-Saharan Africa,Chad,Kouchaguine-Moura,Post-emergency,7988,74,26,97,38,19,NA,998
2020-09,Sub-Saharan Africa,Chad,Kounoungou,Post-emergency,22341,85,14,100,19,19,22,2234
2020-09,Sub-Saharan Africa,Chad,Mile,Post-emergency,23227,108,15,100,18,17,23,2322
2020-09,Sub-Saharan Africa,Chad,Moyo,Post-emergency,8040,NA,42,NA,44,36,8,4020
2020-09,Sub-Saharan Africa,Chad,Oure Cassoni,Post-emergency,33927,209,7,100,12,12,30,3392
2020-09,Sub-Saharan Africa,Chad,Silambi,Post-emergency,646,NA,49,NA,28,21,13,646
2020-09,Sub-Saharan Africa,Chad,Touloum,Post-emergency,29798,106,11,100,24,52,7,2979
2020-09,Latin America and the Caribbean,Colombia,Maicao,Post-emergency,200,4,150,NA,5,3,NA,50
2020-09,Sub-Saharan Africa,Democratic Republic of the Congo,Boyabu,Post-emergency,15340,NA,20,100,32,21,17,2556
2020-09,Sub-Saharan Africa,Democratic Republic of the Congo,Inke,Post-emergency,18650,NA,17,100,50,31,13,3108
2020-09,Sub-Saharan Africa,Democratic Republic of the Congo,Mole,Post-emergency,15636,87,11,100,33,24,16,2606
2020-09,Sub-Saharan Africa,Ethiopia,Bokolmanyo,Post-emergency,26854,107,12,100,41,36,15,160
2020-09,Sub-Saharan Africa,Ethiopia,Buramino,Post-emergency,33693,104,15,100,58,34,16,238
2020-09,Sub-Saharan Africa,Ethiopia,Dollo Ado Transit Centre,Emergency,0,NA,NA,NA,0,0,NA,NA
2020-09,Sub-Saharan Africa,Ethiopia,Fugnido,Post-emergency,43692,74,20,100,40,12,42,993
2020-09,Sub-Saharan Africa,Ethiopia,Fugnido 2,Post-emergency,9399,48,20,100,18,12,40,1044
2020-09,Sub-Saharan Africa,Ethiopia,Hilaweyn,Post-emergency,35972,121,19,100,60,47,12,359
2020-09,Sub-Saharan Africa,Ethiopia,Jewi,Post-emergency,59359,124,16,100,29,17,32,1187
2020-09,Sub-Saharan Africa,Ethiopia,Kobe,Post-emergency,30992,111,26,100,36,20,19,201
2020-09,Sub-Saharan Africa,Ethiopia,Kule,Post-emergency,45957,142,18,100,91,17,29,534
2020-09,Sub-Saharan Africa,Ethiopia,Melkadida,Post-emergency,34699,85,21,100,48,25,15,223
2020-09,Sub-Saharan Africa,Ethiopia,Nguenyyiel,Post-emergency,83996,140,18,100,15,15,32,823
2020-09,Sub-Saharan Africa,Ethiopia,Okugo,Post-emergency,11864,96,20,100,NA,13,19,539
2020-09,Sub-Saharan Africa,Ethiopia,Tierkidi,Post-emergency,65437,210,15,100,274,28,17,1072
2020-09,Sub-Saharan Africa,Ghana,Ampain,Post-emergency,3290,39,21,83,34,23,NA,193
2020-09,Sub-Saharan Africa,Ghana,Egyeikrom,Post-emergency,1412,78,57,NA,13,13,NA,108
2020-09,Sub-Saharan Africa,Ghana,Fetentaa,Post-emergency,969,62,17,25,27,10,1,96
2020-09,Sub-Saharan Africa,Ghana,Krisan,Post-emergency,669,0,22,67,1,10,NA,95
2020-09,Western Asia,Iraq,Basirma,Post-emergency,2560,6,113,100,5,5,100,853
2020-09,Western Asia,Iraq,Kawergosk,Post-emergency,7728,5,144,100,5,5,100,966
2020-09,Western Asia,Iraq,Qushtapa,Post-emergency,8238,5,110,100,5,5,100,1029
2020-09,Sub-Saharan Africa,Kenya,Dagahaley,Post-emergency,77780,92,32,100,NA,7,77,1851
2020-09,Sub-Saharan Africa,Kenya,Hagadera,Post-emergency,81616,98,28,99,NA,5,88,1943
2020-09,Sub-Saharan Africa,Kenya,Ifo,Post-emergency,74132,65,34,99,NA,7,74,1765
2020-09,Sub-Saharan Africa,Malawi,Dzaleka,Post-emergency,47134,786,6,NA,15,8,37,155
2020-09,Sub-Saharan Africa,Mozambique,Maratane,Post-emergency,9538,NA,13,NA,NA,5,65,476
2020-09,Sub-Saharan Africa,Niger,Abala,Post-emergency,15464,231,8,NA,69,21,1,15464
2020-09,Sub-Saharan Africa,Niger,Ayerou,Post-emergency,6976,872,16,NA,66,66,7,6976
2020-09,Sub-Saharan Africa,Niger,Chadakori,Emergency,636,NA,29,NA,NA,19,NA,NA
2020-09,Sub-Saharan Africa,Niger,Dandaji Makao,Post-emergency,3501,NA,4,33,72,34,NA,3501
2020-09,Sub-Saharan Africa,Niger,Garin Kaka,Post-emergency,3321,277,0,33,59,44,NA,3321
2020-09,Sub-Saharan Africa,Niger,Ouallam,Post-emergency,5453,227,10,NA,227,147,NA,5453
2020-09,Sub-Saharan Africa,Nigeria,Adagom,Post-emergency,14419,24,13,75,28,28,9,720
2020-09,Sub-Saharan Africa,Republic of Congo,Gamboma,Post-emergency,2828,29,18,100,12,13,25,235
2020-09,Sub-Saharan Africa,Rwanda,Bugessera Transit Site,Post-emergency,244,7,69,100,8,5,NA,122
2020-09,Sub-Saharan Africa,Rwanda,Gatore,Post-emergency,322,54,43,25,26,20,3,53
2020-09,Sub-Saharan Africa,Rwanda,Gihembe,Post-emergency,12228,113,19,100,76,14,10,149
2020-09,Sub-Saharan Africa,Rwanda,Kigeme,Post-emergency,21307,88,17,NA,78,36,NA,968
2020-09,Sub-Saharan Africa,Rwanda,Kijote,Emergency,3,0,33,NA,0,0,100,0
2020-09,Sub-Saharan Africa,Rwanda,Kiziba,Post-emergency,17100,52,21,100,50,29,NA,103
2020-09,Sub-Saharan Africa,Rwanda,Mahama,Post-emergency,58613,73,23,NA,16,16,NA,457
2020-09,Sub-Saharan Africa,Rwanda,Mugombwa,Post-emergency,10802,93,29,100,52,25,NA,900
2020-09,Sub-Saharan Africa,Rwanda,Nyabiheke,Post-emergency,14355,100,15,100,125,21,NA,184
2020-09,Sub-Saharan Africa,Rwanda,Nyanza Reception Center,Post-emergency,196,5,40,NA,6,7,5,19
2020-09,Sub-Saharan Africa,South Sudan,Ajoung Thok,Post-emergency,41867,426,21,81,7,7,67,337
2020-09,Sub-Saharan Africa,South Sudan,Doro,Post-emergency,63417,87,19,NA,NA,24,19,289
2020-09,Sub-Saharan Africa,South Sudan,Gendrassa,Post-emergency,18601,108,17,NA,NA,16,30,290
2020-09,Sub-Saharan Africa,South Sudan,Kaya,Post-emergency,24513,70,28,0,NA,12,17,194
2020-09,Sub-Saharan Africa,South Sudan,Pamir,Post-emergency,36055,509,18,88,11,10,40,522
2020-09,Sub-Saharan Africa,South Sudan,Yusuf Batil,Post-emergency,47741,91,18,NA,NA,15,33,218
2020-09,Northern Africa,Sudan,Abuda,Post-emergency,3484,133,34,NA,10,10,37,435
2020-09,Northern Africa,Sudan,Al Jameya,Post-emergency,10248,85,20,NA,NA,5,98,683
2020-09,Northern Africa,Sudan,Al Kashafa,Post-emergency,12994,150,10,NA,NA,20,16,448
2020-09,Northern Africa,Sudan,Al Redis 1,Post-emergency,11528,127,15,NA,NA,14,28,461
2020-09,Northern Africa,Sudan,Al Redis 2,Post-emergency,25986,107,14,NA,NA,37,9,519
2020-09,Northern Africa,Sudan,Alagaya,Post-emergency,20918,140,9,NA,NA,119,NA,615
2020-09,Northern Africa,Sudan,Dabat Bosin,Post-emergency,4992,250,19,NA,NA,69,NA,832
2020-09,Northern Africa,Sudan,Dar Batti,Post-emergency,14308,0,0,NA,NA,16,26,260
2020-09,Northern Africa,Sudan,Fau 5,Post-emergency,831,29,44,NA,NA,5,87,138
2020-09,Northern Africa,Sudan,Gedied,Post-emergency,790,NA,0,NA,NA,7,NA,71
2020-09,Northern Africa,Sudan,Girba,Post-emergency,6206,132,36,NA,13,7,30,886
2020-09,Northern Africa,Sudan,Gurayd,Post-emergency,995,NA,0,NA,NA,8,NA,99
2020-09,Northern Africa,Sudan,Jouri,Post-emergency,11276,132,12,NA,NA,20,19,433
2020-09,Northern Africa,Sudan,Khor Alwarel,Post-emergency,37953,144,9,NA,NA,73,NA,583
2020-09,Northern Africa,Sudan,Shagarab I,Post-emergency,53366,204,16,NA,16,16,14,485
2020-09,Northern Africa,Sudan,Sirajiya,Post-emergency,5682,568,0,NA,NA,18,NA,126
2020-09,Northern Africa,Sudan,Um Gargour,Post-emergency,11533,390,30,NA,8,4,50,768
2020-09,Northern Africa,Sudan,Um Sangour,Post-emergency,33238,278,10,NA,NA,46,7,1107
2020-09,Sub-Saharan Africa,Tanzania,Mtendeli,Post-emergency,30500,128,30,100,26,6,58,564
2020-09,Sub-Saharan Africa,Tanzania,Nduta,Post-emergency,69850,83,32,99,NA,5,51,851
2020-09,Sub-Saharan Africa,Tanzania,Nyarugusu Burundian,Post-emergency,58405,73,33,100,NA,6,70,721
2020-09,Sub-Saharan Africa,Tanzania,Nyarugusu Congolese,Post-emergency,77379,127,27,100,NA,7,52,889
2020-09,Sub-Saharan Africa,Uganda,Imvepi,Post-emergency,NA,176,NA,NA,0,0,NA,0
2020-09,Sub-Saharan Africa,Uganda,Kyangwali,Post-emergency,123025,393,6,100,9,5,58,627
2020-09,Sub-Saharan Africa,Uganda,Nakivale,Post-emergency,116899,775,14,0,9,6,76,371
2020-09,Sub-Saharan Africa,Uganda,Oruchinga,Post-emergency,8027,617,22,83,6,5,100,107
2020-09,Sub-Saharan Africa,Uganda,Rhino Camp,Post-emergency,NA,357,NA,NA,0,0,NA,0
2020-09,Sub-Saharan Africa,Zambia,Mantapala,Post-emergency,15058,47,30,0,4,5,78,501
2020-09,Sub-Saharan Africa,Zimbabwe,Tongogara,Post-emergency,NA,151,NA,NA,NA,0,100,0
2020-08,Northern Africa,Algeria,Auserd,Post-emergency,18638,61,16,100,4,5,94,1242
2020-08,Northern Africa,Algeria,Boujdour,Post-emergency,9601,NA,21,100,4,5,94,960
2020-08,Northern Africa,Algeria,Dakhla,Post-emergency,10870,49,42,100,4,5,98,724
2020-08,Northern Africa,Algeria,Layounne,Post-emergency,25503,NA,12,67,5,5,88,1700
2020-08,Northern Africa,Algeria,Smara,Post-emergency,25389,98,22,100,5,5,87,1493
2020-08,Sub-Saharan Africa,Angola,Lovua settlement,Post-emergency,6361,343,28,0,9,6,61,302
2020-08,Sub-Saharan Africa,Burkina Faso,Mentao,Post-emergency,5438,54,24,97,55,28,9,1812
2020-08,Sub-Saharan Africa,Cameroon,Borgop,Post-emergency,12299,NA,16,100,15,15,NA,307
2020-08,Sub-Saharan Africa,Cameroon,Gado,Post-emergency,26573,145,15,97,38,26,1,501
2020-08,Sub-Saharan Africa,Cameroon,Lolo,Post-emergency,12251,150,15,100,29,23,2,395
2020-08,Sub-Saharan Africa,Cameroon,Mbile,Post-emergency,13241,NA,12,100,38,24,2,472
2020-08,Sub-Saharan Africa,Cameroon,Minawao,Post-emergency,67726,1231,12,NA,25,24,15,825
2020-08,Sub-Saharan Africa,Cameroon,Ngam,Post-emergency,6667,160,18,0,16,12,1,190
2020-08,Sub-Saharan Africa,Chad,Amboko,Post-emergency,9819,NA,28,NA,21,21,19,9819
2020-08,Sub-Saharan Africa,Chad,Amnabak,Post-emergency,26720,270,9,100,36,32,11,2672
2020-08,Sub-Saharan Africa,Chad,Beakoro,Post-emergency,227,NA,49,NA,18,19,22,NA
2020-08,Sub-Saharan Africa,Chad,Bekan,Post-emergency,3093,NA,56,NA,162,107,3,NA
2020-08,Sub-Saharan Africa,Chad,Belom,Post-emergency,21667,NA,28,NA,144,24,3,10833
2020-08,Sub-Saharan Africa,Chad,Bredjing,Post-emergency,47849,121,15,97,NA,9,45,4784
2020-08,Sub-Saharan Africa,Chad,Dar Es Salam,Post-emergency,15190,25,18,0,9,13,26,421
2020-08,Sub-Saharan Africa,Chad,Dembo,Post-emergency,2928,NA,26,NA,97,65,4,2928
2020-08,Sub-Saharan Africa,Chad,Diba,Post-emergency,3838,NA,16,NA,85,72,3,NA
2020-08,Sub-Saharan Africa,Chad,Dilingala,Post-emergency,2301,NA,20,NA,40,28,9,2301
2020-08,Sub-Saharan Africa,Chad,Djabal,Post-emergency,18400,61,22,95,7,7,54,6133
2020-08,Sub-Saharan Africa,Chad,Doholo,Post-emergency,6055,NA,33,NA,15,15,22,3027
2020-08,Sub-Saharan Africa,Chad,Dosseye,Post-emergency,13882,NA,38,NA,7,8,53,4627
2020-08,Sub-Saharan Africa,Chad,Farchana,Post-emergency,29843,118,13,96,NA,9,47,5968
2020-08,Sub-Saharan Africa,Chad,Gaga,Post-emergency,25606,99,14,95,NA,12,37,5121
2020-08,Sub-Saharan Africa,Chad,Gon,Post-emergency,2490,NA,18,NA,75,55,5,2490
2020-08,Sub-Saharan Africa,Chad,Gondje,Post-emergency,7980,NA,37,NA,47,42,9,7980
2020-08,Sub-Saharan Africa,Chad,Goz Amer,Post-emergency,30149,NA,20,NA,7,14,25,7537
2020-08,Sub-Saharan Africa,Chad,Iridimi,Post-emergency,22860,369,11,100,16,15,28,2286
2020-08,Sub-Saharan Africa,Chad,Kerfi,Post-emergency,1536,NA,32,NA,6,8,65,1536
2020-08,Sub-Saharan Africa,Chad,Kouchaguine-Moura,Post-emergency,6184,41,34,98,14,14,NA,773
2020-08,Sub-Saharan Africa,Chad,Kounoungou,Post-emergency,22341,85,13,100,19,18,22,2234
2020-08,Sub-Saharan Africa,Chad,Mile,Post-emergency,23227,108,15,100,18,17,23,2322
2020-08,Sub-Saharan Africa,Chad,Moyo,Post-emergency,8040,NA,42,NA,44,36,8,4020
2020-08,Sub-Saharan Africa,Chad,Oure Cassoni,Post-emergency,33927,209,4,100,12,11,31,3392
2020-08,Sub-Saharan Africa,Chad,Silambi,Post-emergency,646,NA,49,NA,28,21,13,646
2020-08,Sub-Saharan Africa,Chad,Touloum,Post-emergency,29798,106,11,100,24,52,7,2979
2020-08,Sub-Saharan Africa,Chad,Treguine,Post-emergency,25567,64,16,97,NA,8,51,4261
2020-08,Sub-Saharan Africa,Democratic Republic of the Congo,Boyabu,Post-emergency,15340,NA,21,100,32,21,17,2556
2020-08,Sub-Saharan Africa,Democratic Republic of the Congo,Inke,Post-emergency,18650,NA,17,76,61,33,12,3108
2020-08,Sub-Saharan Africa,Democratic Republic of the Congo,Mole,Post-emergency,15636,0,12,100,32,24,16,2606
2020-08,Sub-Saharan Africa,Ethiopia,Buramino,Post-emergency,33692,104,15,100,58,34,16,238
2020-08,Sub-Saharan Africa,Ethiopia,Dollo Ado Transit Centre,Emergency,0,NA,NA,NA,0,0,NA,NA
2020-08,Sub-Saharan Africa,Ethiopia,Fugnido,Post-emergency,43719,74,19,100,40,12,41,993
2020-08,Sub-Saharan Africa,Ethiopia,Fugnido 2,Post-emergency,9424,48,21,100,18,12,40,1047
2020-08,Sub-Saharan Africa,Ethiopia,Hilaweyn,Post-emergency,35881,121,19,100,60,47,12,358
2020-08,Sub-Saharan Africa,Ethiopia,Jewi,Post-emergency,59220,123,16,100,29,17,32,987
2020-08,Sub-Saharan Africa,Ethiopia,Kobe,Post-emergency,30940,111,25,100,36,20,19,200
2020-08,Sub-Saharan Africa,Ethiopia,Kule,Post-emergency,45815,141,18,100,91,17,29,532
2020-08,Sub-Saharan Africa,Ethiopia,Melkadida,Post-emergency,34688,85,20,100,48,25,15,223
2020-08,Sub-Saharan Africa,Ethiopia,Nguenyyiel,Post-emergency,83988,140,19,100,15,15,32,1024
2020-08,Sub-Saharan Africa,Ethiopia,Okugo,Post-emergency,11858,96,20,100,NA,13,19,539
2020-08,Sub-Saharan Africa,Ethiopia,Tierkidi,Post-emergency,65260,209,17,100,274,27,17,1069
2020-08,Sub-Saharan Africa,Ghana,Ampain,Post-emergency,3265,39,22,100,34,23,NA,192
2020-08,Sub-Saharan Africa,Ghana,Egyeikrom,Post-emergency,1415,79,57,NA,13,13,NA,108
2020-08,Sub-Saharan Africa,Ghana,Fetentaa,Post-emergency,965,62,17,25,27,10,2,96
2020-08,Sub-Saharan Africa,Ghana,Krisan,Post-emergency,675,71,22,67,1,11,NA,96
2020-08,Western Asia,Iraq,Arbat,Post-emergency,9001,4,162,100,4,4,100,NA
2020-08,Western Asia,Iraq,Basirma,Post-emergency,2557,6,115,100,5,5,100,852
2020-08,Western Asia,Iraq,Kawergosk,Post-emergency,7721,5,218,100,5,5,100,965
2020-08,Western Asia,Iraq,Qushtapa,Post-emergency,8233,5,115,100,5,5,100,1029
2020-08,Sub-Saharan Africa,Kenya,Dagahaley,Post-emergency,79052,94,29,100,NA,7,77,1882
2020-08,Sub-Saharan Africa,Kenya,Hagadera,Post-emergency,82443,99,27,100,NA,5,88,1962
2020-08,Sub-Saharan Africa,Kenya,Ifo,Post-emergency,74776,65,35,100,NA,7,74,1780
2020-08,Sub-Saharan Africa,Malawi,Dzaleka,Post-emergency,46726,779,6,NA,15,8,37,153
2020-08,Sub-Saharan Africa,Namibia,Osire,Post-emergency,5679,10,27,0,28,10,64,111
2020-08,Sub-Saharan Africa,Niger,Abala,Post-emergency,15464,231,8,NA,69,21,1,15464
2020-08,Sub-Saharan Africa,Niger,Ayerou,Post-emergency,10721,1340,10,NA,105,105,4,10721
2020-08,Sub-Saharan Africa,Niger,Dandaji Makao,Post-emergency,3411,341,3,NA,68,23,NA,3411
2020-08,Sub-Saharan Africa,Niger,Garin Kaka,Post-emergency,3003,188,8,NA,56,42,NA,3003
2020-08,Sub-Saharan Africa,Niger,Ouallam,Post-emergency,5454,227,9,NA,227,147,NA,5454
2020-08,Sub-Saharan Africa,Republic of Congo,Gamboma,Post-emergency,2787,122,17,83,12,13,25,232
2020-08,Sub-Saharan Africa,Rwanda,Bugessera Transit Site,Post-emergency,258,8,81,100,9,5,NA,129
2020-08,Sub-Saharan Africa,Rwanda,Gatore,Post-emergency,326,54,42,0,27,20,3,54
2020-08,Sub-Saharan Africa,Rwanda,Gihembe,Post-emergency,12296,113,20,100,74,20,NA,117
2020-08,Sub-Saharan Africa,Rwanda,Kigeme,Post-emergency,21317,88,16,NA,78,36,NA,968
2020-08,Sub-Saharan Africa,Rwanda,Kijote,Post-emergency,72,6,27,NA,3,2,95,10
2020-08,Sub-Saharan Africa,Rwanda,Kiziba,Post-emergency,17080,52,21,100,123,29,NA,102
2020-08,Sub-Saharan Africa,Rwanda,Mahama,Post-emergency,59903,75,22,NA,16,17,NA,507
2020-08,Sub-Saharan Africa,Rwanda,Mugombwa,Post-emergency,10776,93,29,100,52,24,NA,898
2020-08,Sub-Saharan Africa,Rwanda,Nyabiheke,Post-emergency,14346,102,12,50,125,20,NA,183
2020-08,Sub-Saharan Africa,Rwanda,Nyanza Reception Center,Post-emergency,0,0,NA,NA,0,0,NA,0
2020-08,Sub-Saharan Africa,South Sudan,Ajoung Thok,Post-emergency,41867,436,20,79,7,7,66,337
2020-08,Sub-Saharan Africa,South Sudan,Doro,Post-emergency,63417,87,19,NA,NA,24,19,289
2020-08,Sub-Saharan Africa,South Sudan,Gendrassa,Post-emergency,18601,108,17,NA,NA,16,30,290
2020-08,Sub-Saharan Africa,South Sudan,Kaya,Post-emergency,24513,70,28,NA,NA,12,17,194
2020-08,Sub-Saharan Africa,South Sudan,Pamir,Post-emergency,36055,508,17,85,11,10,41,522
2020-08,Sub-Saharan Africa,South Sudan,Yusuf Batil,Post-emergency,47741,91,18,NA,NA,15,33,218
2020-08,Northern Africa,Sudan,Al Jameya,Post-emergency,10248,85,19,NA,NA,5,98,683
2020-08,Northern Africa,Sudan,Al Kashafa,Post-emergency,12994,112,11,NA,NA,26,16,448
2020-08,Northern Africa,Sudan,Al Redis 1,Post-emergency,11528,127,15,NA,NA,18,22,461
2020-08,Northern Africa,Sudan,Al Redis 2,Post-emergency,25986,107,16,NA,NA,39,9,519
2020-08,Northern Africa,Sudan,Alagaya,Post-emergency,20918,140,9,NA,NA,119,NA,615
2020-08,Northern Africa,Sudan,Dabat Bosin,Post-emergency,4992,250,19,NA,NA,61,NA,832
2020-08,Northern Africa,Sudan,Jouri,Post-emergency,11276,154,11,NA,NA,20,19,433
2020-08,Northern Africa,Sudan,Khor Alwarel,Post-emergency,37953,144,9,NA,NA,69,NA,583
2020-08,Northern Africa,Sudan,Um Sangour,Post-emergency,33238,278,11,NA,NA,46,7,1107
2020-08,Sub-Saharan Africa,Tanzania,Mtendeli,Post-emergency,31630,93,28,100,27,7,52,585
2020-08,Sub-Saharan Africa,Tanzania,Nduta,Post-emergency,72300,88,32,99,NA,6,48,881
2020-08,Sub-Saharan Africa,Tanzania,Nyarugusu Burundian,Post-emergency,58932,151,33,100,NA,6,69,727
2020-08,Sub-Saharan Africa,Tanzania,Nyarugusu Congolese,Post-emergency,76928,143,24,100,NA,8,47,884
2020-08,Sub-Saharan Africa,Uganda,Adjumani,Post-emergency,214468,NA,16,NA,NA,9,100,3635
2020-08,Sub-Saharan Africa,Uganda,Imvepi,Post-emergency,NA,176,NA,NA,0,0,NA,0
2020-08,Sub-Saharan Africa,Uganda,Kyaka II,Post-emergency,123831,992,9,54,1303,10,29,485
2020-08,Sub-Saharan Africa,Uganda,Kyangwali,Post-emergency,123025,393,8,91,9,5,58,675
2020-08,Sub-Saharan Africa,Uganda,Nakivale,Post-emergency,116899,775,15,96,10,7,72,411
2020-08,Sub-Saharan Africa,Uganda,Palorinya,Post-emergency,122807,NA,21,NA,NA,6,65,420
2020-08,Sub-Saharan Africa,Uganda,Rhino Camp,Post-emergency,NA,357,NA,NA,0,0,NA,0
2020-08,Sub-Saharan Africa,Uganda,Rwamwanja,Post-emergency,72997,371,8,NA,NA,5,79,380
2020-08,Sub-Saharan Africa,Zambia,Mayukwayukwa,Post-emergency,17753,NA,19,NA,NA,15,20,887
2020-08,Sub-Saharan Africa,Zimbabwe,Tongogara,Post-emergency,14469,151,20,NA,NA,8,30,1446
2020-07,Northern Africa,Algeria,Auserd,Post-emergency,18638,61,16,67,4,5,94,1242
2020-07,Northern Africa,Algeria,Boujdour,Post-emergency,9601,NA,14,100,4,5,94,960
2020-07,Northern Africa,Algeria,Dakhla,Post-emergency,10870,49,40,100,4,5,98,724
2020-07,Northern Africa,Algeria,Layounne,Post-emergency,25503,NA,12,67,5,5,88,1700
2020-07,Northern Africa,Algeria,Smara,Post-emergency,25389,98,22,100,5,5,87,1493
2020-07,Sub-Saharan Africa,Angola,Lovua settlement,Post-emergency,6319,421,28,0,50,7,56,300
2020-07,Sub-Saharan Africa,Burkina Faso,Mentao,Post-emergency,5427,49,24,85,47,26,10,1356
2020-07,Sub-Saharan Africa,Cameroon,Borgop,Post-emergency,12133,NA,16,100,15,15,NA,303
2020-07,Sub-Saharan Africa,Cameroon,Gado,Post-emergency,25870,133,13,86,38,28,1,488
2020-07,Sub-Saharan Africa,Cameroon,Lolo,Post-emergency,12251,150,15,100,29,23,2,395
2020-07,Sub-Saharan Africa,Cameroon,Mbile,Post-emergency,13241,NA,12,NA,95,38,2,472
2020-07,Sub-Saharan Africa,Cameroon,Ngam,Post-emergency,6637,NA,17,88,15,13,1,189
2020-07,Sub-Saharan Africa,Cameroon,Ngarisingo,Post-emergency,1240,NA,17,NA,11,14,NA,413
2020-07,Sub-Saharan Africa,Cameroon,Timangolo,Post-emergency,6950,138,10,100,16,23,7,365
2020-07,Sub-Saharan Africa,Chad,Amboko,Post-emergency,9819,NA,28,NA,21,21,19,9819
2020-07,Sub-Saharan Africa,Chad,Amnabak,Post-emergency,26720,270,7,100,36,32,11,2672
2020-07,Sub-Saharan Africa,Chad,Beakoro,Post-emergency,1879,NA,22,NA,156,117,3,NA
2020-07,Sub-Saharan Africa,Chad,Bekan,Post-emergency,3093,NA,28,NA,162,107,3,NA
2020-07,Sub-Saharan Africa,Chad,Belom,Post-emergency,21667,NA,30,NA,144,24,3,10833
2020-07,Sub-Saharan Africa,Chad,Bredjing,Post-emergency,48012,121,15,98,NA,9,45,4801
2020-07,Sub-Saharan Africa,Chad,Dar Es Salam,Post-emergency,15190,94,21,89,9,13,25,421
2020-07,Sub-Saharan Africa,Chad,Dembo,Post-emergency,2928,NA,21,NA,97,65,4,2928
2020-07,Sub-Saharan Africa,Chad,Diba,Post-emergency,3838,NA,20,NA,85,72,3,NA
2020-07,Sub-Saharan Africa,Chad,Dilingala,Post-emergency,2301,NA,20,NA,40,28,9,2301
2020-07,Sub-Saharan Africa,Chad,Djabal,Post-emergency,18400,61,22,87,7,7,54,6133
2020-07,Sub-Saharan Africa,Chad,Doholo,Post-emergency,6055,NA,31,NA,15,15,22,3027
2020-07,Sub-Saharan Africa,Chad,Dosseye,Post-emergency,13882,NA,41,NA,7,8,53,4627
2020-07,Sub-Saharan Africa,Chad,Farchana,Post-emergency,30420,121,14,99,NA,9,50,6084
2020-07,Sub-Saharan Africa,Chad,Gaga,Post-emergency,25987,101,14,98,NA,10,46,5197
2020-07,Sub-Saharan Africa,Chad,Gon,Post-emergency,2490,NA,31,NA,75,55,5,2490
2020-07,Sub-Saharan Africa,Chad,Gondje,Post-emergency,7980,NA,39,NA,47,42,9,7980
2020-07,Sub-Saharan Africa,Chad,Goz Amer,Post-emergency,30149,NA,19,NA,7,14,25,7537
2020-07,Sub-Saharan Africa,Chad,Iridimi,Post-emergency,22860,369,11,100,16,15,28,2286
2020-07,Sub-Saharan Africa,Chad,Kerfi,Post-emergency,1536,NA,32,NA,6,8,65,1536
2020-07,Sub-Saharan Africa,Chad,Kounoungou,Post-emergency,22341,85,14,100,19,18,22,2234
2020-07,Sub-Saharan Africa,Chad,Mile,Post-emergency,23227,108,16,100,18,17,23,2322
2020-07,Sub-Saharan Africa,Chad,Moyo,Post-emergency,8040,NA,42,NA,44,36,8,4020
2020-07,Sub-Saharan Africa,Chad,Oure Cassoni,Post-emergency,33927,209,11,100,12,11,31,3392
2020-07,Sub-Saharan Africa,Chad,Silambi,Post-emergency,646,NA,49,NA,28,21,13,646
2020-07,Sub-Saharan Africa,Chad,Touloum,Post-emergency,29798,106,11,100,24,52,7,2979
2020-07,Sub-Saharan Africa,Chad,Treguine,Post-emergency,25753,62,16,98,NA,8,51,4292
2020-07,Sub-Saharan Africa,Democratic Republic of the Congo,Bili,Post-emergency,9843,0,17,100,15,11,39,1640
2020-07,Sub-Saharan Africa,Democratic Republic of the Congo,Boyabu,Post-emergency,15340,NA,21,100,32,21,17,2556
2020-07,Sub-Saharan Africa,Democratic Republic of the Congo,Inke,Post-emergency,18578,NA,17,40,61,33,12,3096
2020-07,Sub-Saharan Africa,Democratic Republic of the Congo,Mole,Post-emergency,15615,0,10,100,32,24,16,2602
2020-07,Sub-Saharan Africa,Ethiopia,Bokolmanyo,Post-emergency,26826,104,21,100,41,36,15,160
2020-07,Sub-Saharan Africa,Ethiopia,Buramino,Post-emergency,33515,126,15,100,58,34,16,237
2020-07,Sub-Saharan Africa,Ethiopia,Dollo Ado Transit Centre,Emergency,0,NA,NA,NA,0,NA,NA,NA
2020-07,Sub-Saharan Africa,Ethiopia,Fugnido,Post-emergency,43431,74,16,100,39,12,41,987
2020-07,Sub-Saharan Africa,Ethiopia,Fugnido 2,Post-emergency,9344,48,21,100,18,12,40,1038
2020-07,Sub-Saharan Africa,Ethiopia,Hilaweyn,Post-emergency,35880,115,18,100,60,45,13,358
2020-07,Sub-Saharan Africa,Ethiopia,Jewi,Post-emergency,58948,129,16,100,29,17,32,982
2020-07,Sub-Saharan Africa,Ethiopia,Kobe,Post-emergency,30857,111,25,100,36,20,19,200
2020-07,Sub-Saharan Africa,Ethiopia,Kule,Post-emergency,45653,141,18,100,91,17,29,530
2020-07,Sub-Saharan Africa,Ethiopia,Melkadida,Post-emergency,34730,85,19,100,48,24,15,224
2020-07,Sub-Saharan Africa,Ethiopia,Nguenyyiel,Post-emergency,83601,139,17,100,15,15,31,1019
2020-07,Sub-Saharan Africa,Ethiopia,Okugo,Post-emergency,11811,96,21,100,NA,13,19,536
2020-07,Sub-Saharan Africa,Ethiopia,Tierkidi,Post-emergency,64898,208,15,100,272,27,17,1063
2020-07,Sub-Saharan Africa,Ghana,Ampain,Post-emergency,3262,39,22,0,34,23,NA,191
2020-07,Sub-Saharan Africa,Ghana,Egyeikrom,Post-emergency,1412,78,57,NA,13,13,NA,108
2020-07,Sub-Saharan Africa,Ghana,Fetentaa,Post-emergency,965,62,17,25,27,10,2,96
2020-07,Sub-Saharan Africa,Ghana,Krisan,Post-emergency,669,71,22,67,1,10,NA,95
2020-07,Western Asia,Iraq,Arbat,Post-emergency,9001,4,114,100,4,4,91,NA
2020-07,Western Asia,Iraq,Basirma,Post-emergency,2554,6,83,100,5,5,100,851
2020-07,Western Asia,Iraq,Kawergosk,Post-emergency,7725,5,219,100,5,5,100,965
2020-07,Western Asia,Iraq,Qushtapa,Post-emergency,8239,5,104,100,5,5,100,1029
2020-07,Sub-Saharan Africa,Kenya,Dagahaley,Post-emergency,78257,93,31,99,NA,7,77,1863
2020-07,Sub-Saharan Africa,Kenya,Hagadera,Post-emergency,81951,98,30,99,NA,5,88,1951
2020-07,Sub-Saharan Africa,Kenya,Ifo,Post-emergency,74417,65,36,99,NA,7,74,1771
2020-07,Sub-Saharan Africa,Malawi,Dzaleka,Post-emergency,46431,774,6,NA,15,8,37,162
2020-07,Sub-Saharan Africa,Mozambique,Maratane,Post-emergency,9538,NA,13,NA,NA,NA,NA,NA
2020-07,Sub-Saharan Africa,Niger,Abala,Post-emergency,15772,235,9,NA,70,22,1,15772
2020-07,Sub-Saharan Africa,Niger,Ayerou,Post-emergency,10706,1338,10,NA,104,105,4,10706
2020-07,Sub-Saharan Africa,Niger,Dandaji Makao,Post-emergency,3398,340,4,NA,67,23,NA,3398
2020-07,Sub-Saharan Africa,Niger,Garin Kaka,Post-emergency,3003,188,9,NA,56,42,NA,3003
2020-07,Sub-Saharan Africa,Niger,Ouallam,Post-emergency,5411,225,9,NA,225,146,NA,5411
2020-07,Sub-Saharan Africa,Niger,Sayam Forage,Post-emergency,17095,247,13,96,NA,23,14,2849
2020-07,Sub-Saharan Africa,Nigeria,Adagom,Post-emergency,14419,24,13,75,29,30,8,720
2020-07,Sub-Saharan Africa,Republic of Congo,Gamboma,Post-emergency,2534,115,19,93,11,11,28,211
2020-07,Sub-Saharan Africa,Rwanda,Bugessera Transit Site,Post-emergency,258,8,62,100,9,5,NA,129
2020-07,Sub-Saharan Africa,Rwanda,Gatore,Post-emergency,326,54,46,100,27,27,NA,54
2020-07,Sub-Saharan Africa,Rwanda,Gihembe,Post-emergency,12208,113,18,100,73,14,10,116
2020-07,Sub-Saharan Africa,Rwanda,Kigeme,Post-emergency,21310,89,16,NA,78,36,NA,968
2020-07,Sub-Saharan Africa,Rwanda,Kijote,Emergency,73,6,27,NA,3,3,95,10
2020-07,Sub-Saharan Africa,Rwanda,Kiziba,Post-emergency,17080,52,21,100,123,29,NA,102
2020-07,Sub-Saharan Africa,Rwanda,Mahama,Post-emergency,60381,81,20,100,16,17,NA,511
2020-07,Sub-Saharan Africa,Rwanda,Mugombwa,Post-emergency,10776,93,29,100,52,24,NA,898
2020-07,Sub-Saharan Africa,Rwanda,Nyabiheke,Post-emergency,14435,103,11,50,141,21,NA,185
2020-07,Sub-Saharan Africa,Rwanda,Nyanza Reception Center,Post-emergency,0,0,NA,NA,0,0,NA,0
2020-07,Sub-Saharan Africa,South Sudan,Ajoung Thok,Post-emergency,41867,76,25,80,NA,7,66,337
2020-07,Sub-Saharan Africa,South Sudan,Doro,Post-emergency,63417,87,19,NA,NA,24,19,289
2020-07,Sub-Saharan Africa,South Sudan,Gendrassa,Post-emergency,17996,108,24,0,NA,15,30,281
2020-07,Sub-Saharan Africa,South Sudan,Pamir,Post-emergency,36055,82,17,80,NA,10,41,522
2020-07,Sub-Saharan Africa,South Sudan,Yusuf Batil,Post-emergency,47224,91,25,0,NA,15,33,215
2020-07,Northern Africa,Sudan,Al Jameya,Post-emergency,10248,85,20,NA,NA,5,98,683
2020-07,Northern Africa,Sudan,Al Kashafa,Post-emergency,12994,112,14,NA,NA,26,16,448
2020-07,Northern Africa,Sudan,Al Redis 1,Post-emergency,11528,127,16,NA,NA,18,23,461
2020-07,Northern Africa,Sudan,Al Redis 2,Post-emergency,25986,107,15,NA,NA,39,9,519
2020-07,Northern Africa,Sudan,Alagaya,Post-emergency,20918,140,9,NA,NA,119,NA,615
2020-07,Northern Africa,Sudan,Dabat Bosin,Post-emergency,4992,250,19,NA,NA,61,NA,832
2020-07,Northern Africa,Sudan,Jouri,Post-emergency,11276,154,12,NA,NA,20,19,433
2020-07,Northern Africa,Sudan,Khor Alwarel,Post-emergency,37953,144,10,NA,NA,69,NA,583
2020-07,Northern Africa,Sudan,Um Sangour,Post-emergency,33238,278,9,NA,NA,46,7,1107
2020-07,Sub-Saharan Africa,Tanzania,Mtendeli,Post-emergency,32241,95,30,100,27,7,49,597
2020-07,Sub-Saharan Africa,Tanzania,Nduta,Post-emergency,73033,93,31,99,NA,6,44,890
2020-07,Sub-Saharan Africa,Tanzania,Nyarugusu Burundian,Post-emergency,59600,153,33,100,NA,7,59,735
2020-07,Sub-Saharan Africa,Tanzania,Nyarugusu Congolese,Post-emergency,76593,142,25,100,NA,8,46,880
2020-07,Sub-Saharan Africa,Uganda,Adjumani,Post-emergency,214470,NA,16,NA,NA,1,100,363
2020-07,Sub-Saharan Africa,Uganda,Imvepi,Post-emergency,NA,176,NA,NA,0,0,NA,0
2020-07,Sub-Saharan Africa,Uganda,Kyangwali,Post-emergency,123119,393,7,91,9,5,58,676
2020-07,Sub-Saharan Africa,Uganda,Nakivale,Post-emergency,116899,775,14,NA,9,6,82,411
2020-07,Sub-Saharan Africa,Uganda,Oruchinga,Post-emergency,7909,608,23,77,6,5,85,105
2020-07,Sub-Saharan Africa,Uganda,Rwamwanja,Post-emergency,72997,250,8,96,NA,5,79,380
2020-07,Sub-Saharan Africa,Zambia,Mantapala,Post-emergency,14538,52,23,NA,4,4,82,484
2020-07,Sub-Saharan Africa,Zimbabwe,Tongogara,Post-emergency,14469,151,20,NA,NA,8,30,1446
2020-06,Northern Africa,Algeria,Auserd,Post-emergency,18638,61,16,100,4,5,94,642
2020-06,Northern Africa,Algeria,Boujdour,Post-emergency,9601,NA,13,100,4,5,94,331
2020-06,Northern Africa,Algeria,Dakhla,Post-emergency,10870,49,31,100,4,5,98,724
2020-06,Northern Africa,Algeria,Layounne,Post-emergency,25503,NA,11,100,5,5,88,1700
2020-06,Northern Africa,Algeria,Smara,Post-emergency,25389,98,23,100,5,5,87,1493
2020-06,Sub-Saharan Africa,Angola,Lovua settlement,Post-emergency,6268,369,29,0,50,7,56,149
2020-06,Sub-Saharan Africa,Burkina Faso,Mentao,Post-emergency,5398,49,25,100,46,25,10,1349
2020-06,Sub-Saharan Africa,Cameroon,Borgop,Post-emergency,12133,NA,16,100,14,15,NA,303
2020-06,Sub-Saharan Africa,Cameroon,Gado,Post-emergency,25870,133,13,74,38,28,1,488
2020-06,Sub-Saharan Africa,Cameroon,Lolo,Post-emergency,12251,150,16,100,26,23,2,395
2020-06,Sub-Saharan Africa,Cameroon,Mbile,Post-emergency,13241,NA,12,NA,103,39,1,472
2020-06,Sub-Saharan Africa,Cameroon,Minawao,Post-emergency,67291,1220,15,100,26,24,16,841
2020-06,Sub-Saharan Africa,Cameroon,Ngam,Post-emergency,6637,NA,17,88,15,13,1,189
2020-06,Sub-Saharan Africa,Cameroon,Ngarisingo,Post-emergency,1240,NA,17,NA,11,15,NA,413
2020-06,Sub-Saharan Africa,Cameroon,Timangolo,Post-emergency,6950,138,10,100,16,23,6,365
2020-06,Sub-Saharan Africa,Chad,Amboko,Post-emergency,9819,NA,27,NA,19,18,21,9819
2020-06,Sub-Saharan Africa,Chad,Amnabak,Post-emergency,26720,270,7,100,36,32,11,2672
2020-06,Sub-Saharan Africa,Chad,Beakoro,Post-emergency,227,NA,49,NA,15,13,27,NA
2020-06,Sub-Saharan Africa,Chad,Bekan,Post-emergency,3093,NA,60,NA,81,70,6,NA
2020-06,Sub-Saharan Africa,Chad,Belom,Post-emergency,21667,NA,31,NA,144,24,3,10833
2020-06,Sub-Saharan Africa,Chad,Bredjing,Post-emergency,48012,NA,15,99,NA,9,45,4801
2020-06,Sub-Saharan Africa,Chad,Dar Es Salam,Post-emergency,12598,69,20,94,8,11,31,349
2020-06,Sub-Saharan Africa,Chad,Dembo,Post-emergency,2928,NA,5,NA,104,68,4,2928
2020-06,Sub-Saharan Africa,Chad,Diba,Post-emergency,3838,NA,24,NA,85,72,3,NA
2020-06,Sub-Saharan Africa,Chad,Dilingala,Post-emergency,2301,NA,33,NA,44,30,8,2301
2020-06,Sub-Saharan Africa,Chad,Djabal,Post-emergency,23407,91,19,87,9,8,54,7802
2020-06,Sub-Saharan Africa,Chad,Doholo,Post-emergency,6055,NA,31,NA,14,14,24,3027
2020-06,Sub-Saharan Africa,Chad,Dosseye,Post-emergency,13882,NA,90,NA,5,6,71,4627
2020-06,Sub-Saharan Africa,Chad,Farchana,Post-emergency,30420,158,14,99,NA,9,50,6084
2020-06,Sub-Saharan Africa,Chad,Gaga,Post-emergency,25987,114,14,98,NA,10,46,5197
2020-06,Sub-Saharan Africa,Chad,Gon,Post-emergency,2490,NA,31,NA,67,51,5,2490
2020-06,Sub-Saharan Africa,Chad,Gondje,Post-emergency,7980,NA,39,NA,13,13,32,7980
2020-06,Sub-Saharan Africa,Chad,Goz Amer,Post-emergency,35743,NA,16,NA,8,17,25,8935
2020-06,Sub-Saharan Africa,Chad,Iridimi,Post-emergency,22860,369,12,100,16,15,28,2286
2020-06,Sub-Saharan Africa,Chad,Kerfi,Post-emergency,1416,NA,34,NA,6,7,73,1416
2020-06,Sub-Saharan Africa,Chad,Kounoungou,Post-emergency,22341,85,13,100,19,19,22,2234
2020-06,Sub-Saharan Africa,Chad,Mile,Post-emergency,23227,108,15,100,18,17,23,2322
2020-06,Sub-Saharan Africa,Chad,Moyo,Post-emergency,8040,NA,42,NA,37,31,10,4020
2020-06,Sub-Saharan Africa,Chad,Oure Cassoni,Post-emergency,33927,209,10,100,11,11,31,3392
2020-06,Sub-Saharan Africa,Chad,Silambi,Post-emergency,646,NA,49,NA,25,20,14,646
2020-06,Sub-Saharan Africa,Chad,Touloum,Post-emergency,29798,106,11,100,25,57,7,2979
2020-06,Sub-Saharan Africa,Chad,Treguine,Post-emergency,25753,62,16,99,NA,8,51,4292
2020-06,Latin America and the Caribbean,Colombia,Maicao,Emergency,570,NA,19,NA,16,8,NA,NA
2020-06,Sub-Saharan Africa,Democratic Republic of the Congo,Bili,Post-emergency,9843,0,17,100,15,11,39,1640
2020-06,Sub-Saharan Africa,Democratic Republic of the Congo,Boyabu,Post-emergency,15340,NA,20,100,32,21,17,2556
2020-06,Sub-Saharan Africa,Democratic Republic of the Congo,Inke,Post-emergency,18579,NA,15,71,61,33,12,3096
2020-06,Sub-Saharan Africa,Democratic Republic of the Congo,Mole,Post-emergency,15615,0,9,100,32,24,16,2602
2020-06,Sub-Saharan Africa,Ethiopia,Bambasi,Post-emergency,17766,58,2,100,6,6,78,1184
2020-06,Sub-Saharan Africa,Ethiopia,Bokolmanyo,Post-emergency,26637,127,19,100,41,36,15,159
2020-06,Sub-Saharan Africa,Ethiopia,Buramino,Post-emergency,33338,125,14,100,57,34,16,236
2020-06,Sub-Saharan Africa,Ethiopia,Dollo Ado Transit Centre,Emergency,0,NA,NA,NA,0,NA,NA,NA
2020-06,Sub-Saharan Africa,Ethiopia,Fugnido,Post-emergency,43033,73,17,100,39,12,42,978
2020-06,Sub-Saharan Africa,Ethiopia,Fugnido 2,Post-emergency,9313,48,25,100,18,12,40,1034
2020-06,Sub-Saharan Africa,Ethiopia,Hilaweyn,Post-emergency,33605,109,22,100,56,47,10,336
2020-06,Sub-Saharan Africa,Ethiopia,Jewi,Post-emergency,58454,128,17,100,28,17,32,974
2020-06,Sub-Saharan Africa,Ethiopia,Kobe,Post-emergency,30750,111,26,100,36,20,19,199
2020-06,Sub-Saharan Africa,Ethiopia,Kule,Post-emergency,45397,140,18,100,90,17,29,527
2020-06,Sub-Saharan Africa,Ethiopia,Melkadida,Post-emergency,34631,85,20,100,48,24,15,223
2020-06,Sub-Saharan Africa,Ethiopia,Nguenyyiel,Post-emergency,82744,138,15,100,15,15,31,1009
2020-06,Sub-Saharan Africa,Ethiopia,Okugo,Post-emergency,11789,96,21,100,NA,13,19,535
2020-06,Sub-Saharan Africa,Ethiopia,Tierkidi,Post-emergency,64420,206,15,100,270,27,16,1056
2020-06,Sub-Saharan Africa,Ethiopia,Tongo,Post-emergency,10637,56,22,100,9,7,59,590
2020-06,Sub-Saharan Africa,Ethiopia,Tsore Camp (Assosa),Post-emergency,14953,110,18,100,8,8,62,747
2020-06,Sub-Saharan Africa,Ghana,Ampain,Post-emergency,3262,39,22,15,34,23,NA,191
2020-06,Sub-Saharan Africa,Ghana,Egyeikrom,Post-emergency,1412,78,105,NA,13,13,NA,108
2020-06,Sub-Saharan Africa,Ghana,Fetentaa,Post-emergency,961,62,18,25,27,10,2,96
2020-06,Sub-Saharan Africa,Ghana,Krisan,Post-emergency,810,101,18,86,2,13,NA,115
2020-06,Western Asia,Iraq,Arbat,Post-emergency,9005,4,104,100,4,4,91,NA
2020-06,Western Asia,Iraq,Basirma,Post-emergency,2580,6,77,100,5,5,100,860
2020-06,Western Asia,Iraq,Kawergosk,Post-emergency,7718,5,101,100,5,5,100,964
2020-06,Western Asia,Iraq,Qushtapa,Post-emergency,8233,5,97,100,5,5,100,1029
2020-06,Sub-Saharan Africa,Kenya,Dagahaley,Post-emergency,77749,92,30,100,NA,7,77,2221
2020-06,Sub-Saharan Africa,Kenya,Hagadera,Post-emergency,81409,98,28,99,NA,5,88,2325
2020-06,Sub-Saharan Africa,Kenya,Ifo,Post-emergency,74108,65,33,99,NA,7,74,2117
2020-06,Sub-Saharan Africa,Malawi,Dzaleka,Post-emergency,46163,769,6,NA,15,8,37,161
2020-06,Sub-Saharan Africa,Mozambique,Maratane,Post-emergency,9244,0,12,NA,NA,5,68,NA
2020-06,Sub-Saharan Africa,Niger,Abala,Post-emergency,7539,113,18,NA,33,10,1,7539
2020-06,Sub-Saharan Africa,Niger,Ayerou,Post-emergency,6798,850,14,NA,66,67,7,6798
2020-06,Sub-Saharan Africa,Niger,Dandaji Makao,Post-emergency,3416,342,4,NA,68,23,NA,3416
2020-06,Sub-Saharan Africa,Niger,Garin Kaka,Post-emergency,1051,66,23,NA,19,15,NA,1051
2020-06,Sub-Saharan Africa,Niger,Ouallam,Post-emergency,5336,222,9,NA,222,144,NA,5336
2020-06,Sub-Saharan Africa,Niger,Sayam Forage,Post-emergency,16978,246,16,NA,116,23,14,2829
2020-06,Sub-Saharan Africa,Nigeria,Adagom,Post-emergency,17056,316,12,100,67,54,3,852
2020-06,Sub-Saharan Africa,Republic of Congo,Gamboma,Post-emergency,2354,110,19,83,10,11,29,196
2020-06,Sub-Saharan Africa,Rwanda,Bugessera Transit Site,Post-emergency,258,15,75,0,9,7,NA,129
2020-06,Sub-Saharan Africa,Rwanda,Gatore,Post-emergency,343,57,43,100,28,29,NA,57
2020-06,Sub-Saharan Africa,Rwanda,Gihembe,Post-emergency,12208,113,13,100,73,14,10,116
2020-06,Sub-Saharan Africa,Rwanda,Kigeme,Post-emergency,21310,89,16,NA,78,36,NA,968
2020-06,Sub-Saharan Africa,Rwanda,Kijote,Post-emergency,73,6,54,NA,3,2,95,10
2020-06,Sub-Saharan Africa,Rwanda,Kiziba,Post-emergency,17030,52,21,100,123,29,NA,102
2020-06,Sub-Saharan Africa,Rwanda,Mahama,Post-emergency,60381,81,20,100,16,17,NA,511
2020-06,Sub-Saharan Africa,Rwanda,Mugombwa,Post-emergency,10776,96,28,100,52,24,NA,898
2020-06,Sub-Saharan Africa,Rwanda,Nyabiheke,Post-emergency,14387,102,0,50,141,21,NA,184
2020-06,Sub-Saharan Africa,Rwanda,Nyanza Reception Center,Post-emergency,0,0,NA,NA,0,0,NA,0
2020-06,Sub-Saharan Africa,South Sudan,Ajoung Thok,Post-emergency,41639,76,22,83,NA,7,66,335
2020-06,Sub-Saharan Africa,South Sudan,Doro,Post-emergency,63393,87,19,0,NA,24,20,289
2020-06,Sub-Saharan Africa,South Sudan,Gendrassa,Post-emergency,17996,108,24,NA,NA,15,30,281
2020-06,Sub-Saharan Africa,South Sudan,Kaya,Post-emergency,24033,69,22,0,NA,11,41,190
2020-06,Sub-Saharan Africa,South Sudan,Pamir,Post-emergency,35936,82,15,87,NA,10,40,520
2020-06,Sub-Saharan Africa,South Sudan,Yusuf Batil,Post-emergency,47224,91,25,0,NA,15,33,215
2020-06,Northern Africa,Sudan,Abu Jubaiha Town,Post-emergency,2781,NA,0,NA,NA,10,NA,139
2020-06,Northern Africa,Sudan,Abuda,Post-emergency,3484,133,34,NA,10,10,37,435
2020-06,Northern Africa,Sudan,Al Jameya,Post-emergency,10248,85,21,NA,NA,5,98,683
2020-06,Northern Africa,Sudan,Al Kashafa,Post-emergency,12994,1500,16,NA,NA,26,16,448
2020-06,Northern Africa,Sudan,Alagaya,Post-emergency,20918,140,12,NA,NA,119,NA,615
2020-06,Northern Africa,Sudan,Dabat Bosin,Post-emergency,4992,250,15,NA,NA,61,NA,832
2020-06,Northern Africa,Sudan,El Radom,Post-emergency,13005,144,13,83,6,9,35,406
2020-06,Northern Africa,Sudan,"Elleri West7 (Dar Batti, El Gokhop and Um Kawarow)",Post-emergency,14308,NA,6,NA,NA,15,NA,143
2020-06,Northern Africa,Sudan,Gedied,Post-emergency,790,NA,0,NA,NA,7,NA,71
2020-06,Northern Africa,Sudan,Gurayd,Post-emergency,995,NA,0,NA,NA,8,NA,NA
2020-06,Northern Africa,Sudan,Jouri,Post-emergency,11276,154,11,NA,NA,20,19,433
2020-06,Northern Africa,Sudan,Khor Alwarel,Post-emergency,37953,144,10,NA,NA,69,NA,583
2020-06,Northern Africa,Sudan,Sirajiya,Post-emergency,5682,NA,0,NA,NA,18,NA,126
2020-06,Northern Africa,Sudan,Um Sangour,Post-emergency,33238,278,9,NA,NA,46,7,1107
2020-06,Sub-Saharan Africa,Tanzania,Mtendeli,Post-emergency,32224,71,31,100,29,6,35,596
2020-06,Sub-Saharan Africa,Tanzania,Nduta,Post-emergency,73056,93,31,99,5,9,31,961
2020-06,Sub-Saharan Africa,Tanzania,Nyarugusu Burundian,Post-emergency,59479,89,29,100,NA,5,84,725
2020-06,Sub-Saharan Africa,Tanzania,Nyarugusu Congolese,Post-emergency,76482,131,23,100,NA,7,56,869
2020-06,Sub-Saharan Africa,Uganda,Adjumani,Post-emergency,214477,NA,16,NA,NA,9,74,3635
2020-06,Sub-Saharan Africa,Uganda,Imvepi,Post-emergency,66110,176,27,NA,4,4,72,893
2020-06,Sub-Saharan Africa,Uganda,Kyangwali,Post-emergency,123119,393,7,87,10,5,57,680
2020-06,Sub-Saharan Africa,Uganda,Nakivale,Post-emergency,116899,775,14,93,9,6,82,411
2020-06,Sub-Saharan Africa,Uganda,Oruchinga,Post-emergency,8027,370,23,100,10,9,77,107
2020-06,Sub-Saharan Africa,Uganda,Rhino Camp,Post-emergency,120164,357,18,NA,19,3,46,938
2020-06,Sub-Saharan Africa,Uganda,Rwamwanja,Post-emergency,73925,250,8,NA,73,5,78,573
2020-06,Sub-Saharan Africa,Zambia,Mantapala,Post-emergency,14341,52,23,0,5,5,70,478
2020-06,Sub-Saharan Africa,Zimbabwe,Tongogara,Post-emergency,14469,154,20,NA,NA,8,30,1446
2020-05,Northern Africa,Algeria,Auserd,Post-emergency,18638,61,68,100,4,5,94,642
2020-05,Northern Africa,Algeria,Boujdour,Post-emergency,9601,NA,20,100,4,5,94,331
2020-05,Northern Africa,Algeria,Dakhla,Post-emergency,10870,49,38,100,4,5,98,374
2020-05,Northern Africa,Algeria,Layounne,Post-emergency,25503,NA,10,100,5,5,88,1275
2020-05,Northern Africa,Algeria,Smara,Post-emergency,25389,98,23,100,5,5,87,1493
2020-05,Southern Asia,Bangladesh,Camp 17,Post-emergency,17959,15,80,100,233,14,100,1381
2020-05,Southern Asia,Bangladesh,Camp 1E,Post-emergency,40090,168,29,93,40,28,100,1670
2020-05,Southern Asia,Bangladesh,Camp 21,Post-emergency,16438,50,51,100,32,16,100,747
2020-05,Southern Asia,Bangladesh,Camp 26,Post-emergency,41658,78,21,93,30,23,100,1190
2020-05,Southern Asia,Bangladesh,Camp 27,Post-emergency,16171,42,25,100,36,18,100,1010
2020-05,Southern Asia,Bangladesh,Camp 2E,Post-emergency,26493,179,39,41,36,22,100,981
2020-05,Southern Asia,Bangladesh,Camp 2W,Post-emergency,24332,63,29,NA,51,23,100,NA
2020-05,Southern Asia,Bangladesh,Camp 3,Post-emergency,36984,76,33,NA,35,27,100,754
2020-05,Southern Asia,Bangladesh,Camp 4,Post-emergency,32309,39,55,NA,30,16,100,1009
2020-05,Southern Asia,Bangladesh,Camp 4 Ext,Post-emergency,8542,42,18,NA,16,16,100,266
2020-05,Southern Asia,Bangladesh,Camp 5,Post-emergency,26322,54,60,89,30,17,100,1012
2020-05,Southern Asia,Bangladesh,Kutupalong,Post-emergency,17470,141,25,50,44,18,100,1027
2020-05,Southern Asia,Bangladesh,Nayapara,Post-emergency,22886,58,21,100,47,17,100,1040
2020-05,Sub-Saharan Africa,Burkina Faso,Mentao,Post-emergency,6568,58,20,95,57,30,8,1313
2020-05,Sub-Saharan Africa,Cameroon,Borgop,Post-emergency,12222,NA,15,NA,15,16,NA,305
2020-05,Sub-Saharan Africa,Cameroon,Gado,Post-emergency,25667,128,12,100,39,34,1,484
2020-05,Sub-Saharan Africa,Cameroon,Lolo,Post-emergency,12261,138,15,100,18,20,2,395
2020-05,Sub-Saharan Africa,Cameroon,Mbile,Post-emergency,13217,NA,12,NA,20,19,1,472
2020-05,Sub-Saharan Africa,Cameroon,Minawao,Post-emergency,66977,1212,11,100,27,25,15,837
2020-05,Sub-Saharan Africa,Cameroon,Ngam,Post-emergency,6668,NA,18,0,15,13,NA,190
2020-05,Sub-Saharan Africa,Cameroon,Ngarisingo,Post-emergency,1215,NA,18,NA,10,11,NA,405
2020-05,Sub-Saharan Africa,Cameroon,Timangolo,Post-emergency,6952,138,10,100,10,11,29,365
2020-05,Sub-Saharan Africa,Chad,Amboko,Post-emergency,9819,NA,25,NA,15,15,25,9819
2020-05,Sub-Saharan Africa,Chad,Amnabak,Post-emergency,26720,270,6,100,36,32,11,2672
2020-05,Sub-Saharan Africa,Chad,Beakoro,Post-emergency,227,NA,49,NA,15,13,27,NA
2020-05,Sub-Saharan Africa,Chad,Bekan,Post-emergency,3093,NA,60,NA,114,94,4,NA
2020-05,Sub-Saharan Africa,Chad,Belom,Post-emergency,21667,NA,28,NA,144,24,3,10833
2020-05,Sub-Saharan Africa,Chad,Bredjing,Post-emergency,48012,143,15,98,NA,9,45,4801
2020-05,Sub-Saharan Africa,Chad,Dar Es Salam,Post-emergency,12538,68,20,NA,8,11,31,348
2020-05,Sub-Saharan Africa,Chad,Dembo,Post-emergency,2928,NA,5,NA,104,68,4,2928
2020-05,Sub-Saharan Africa,Chad,Diba,Post-emergency,3838,NA,24,NA,85,72,3,NA
2020-05,Sub-Saharan Africa,Chad,Dilingala,Post-emergency,2301,NA,33,NA,44,30,8,2301
2020-05,Sub-Saharan Africa,Chad,Djabal,Post-emergency,23407,71,19,94,9,8,54,7802
2020-05,Sub-Saharan Africa,Chad,Doholo,Post-emergency,6055,NA,28,NA,14,14,24,3027
2020-05,Sub-Saharan Africa,Chad,Dosseye,Post-emergency,13882,NA,85,NA,5,6,71,4627
2020-05,Sub-Saharan Africa,Chad,Farchana,Post-emergency,30420,158,14,99,6084,9,50,NA
2020-05,Sub-Saharan Africa,Chad,Gaga,Post-emergency,25987,114,14,98,NA,10,46,5197
2020-05,Sub-Saharan Africa,Chad,Gon,Post-emergency,2490,NA,31,NA,67,51,5,2490
2020-05,Sub-Saharan Africa,Chad,Gondje,Post-emergency,7980,NA,39,NA,12,12,34,7980
2020-05,Sub-Saharan Africa,Chad,Goz Amer,Post-emergency,35743,NA,16,NA,8,17,25,8935
2020-05,Sub-Saharan Africa,Chad,Iridimi,Post-emergency,22860,369,12,100,16,15,28,2286
2020-05,Sub-Saharan Africa,Chad,Kerfi,Post-emergency,1416,NA,34,NA,6,7,73,1416
2020-05,Sub-Saharan Africa,Chad,Kounoungou,Post-emergency,22341,85,12,100,19,19,22,2234
2020-05,Sub-Saharan Africa,Chad,Mile,Post-emergency,23227,108,13,100,18,17,23,2322
2020-05,Sub-Saharan Africa,Chad,Moyo,Post-emergency,8040,NA,42,NA,34,29,11,4020
2020-05,Sub-Saharan Africa,Chad,Oure Cassoni,Post-emergency,33927,209,10,100,12,11,31,3392
2020-05,Sub-Saharan Africa,Chad,Silambi,Post-emergency,646,NA,49,NA,25,20,14,646
2020-05,Sub-Saharan Africa,Chad,Touloum,Post-emergency,29798,106,11,100,25,57,7,2979
2020-05,Sub-Saharan Africa,Chad,Treguine,Post-emergency,25753,62,16,98,NA,8,51,4292
2020-05,Latin America and the Caribbean,Colombia,Maicao,Emergency,570,NA,19,NA,16,8,NA,NA
2020-05,Sub-Saharan Africa,Democratic Republic of the Congo,Bili,Post-emergency,9675,0,17,80,15,10,39,2418
2020-05,Sub-Saharan Africa,Democratic Republic of the Congo,Biringi (Aru),Post-emergency,7231,NA,18,100,10,9,41,803
2020-05,Sub-Saharan Africa,Democratic Republic of the Congo,Boyabu,Post-emergency,15340,NA,17,100,32,21,18,3835
2020-05,Sub-Saharan Africa,Democratic Republic of the Congo,Inke,Post-emergency,18564,NA,16,0,61,33,12,4641
2020-05,Sub-Saharan Africa,Democratic Republic of the Congo,Kaka (Dungu),Post-emergency,2027,NA,16,100,28,30,10,506
2020-05,Sub-Saharan Africa,Democratic Republic of the Congo,Meri (Aba),Post-emergency,24338,NA,14,100,13,15,23,1521
2020-05,Sub-Saharan Africa,Democratic Republic of the Congo,Mole,Post-emergency,15615,0,8,100,32,24,16,3903
2020-05,Sub-Saharan Africa,Democratic Republic of the Congo,Mulongwe (Baraka),Post-emergency,8603,0,20,100,18,7,50,452
2020-05,Sub-Saharan Africa,Democratic Republic of the Congo,Nambili (Doruma),Post-emergency,5853,NA,20,NA,27,23,19,1463
2020-05,Sub-Saharan Africa,Ethiopia,Bambasi,Post-emergency,17516,58,19,100,6,6,78,1167
2020-05,Sub-Saharan Africa,Ethiopia,Bokolmanyo,Post-emergency,26637,94,15,100,41,36,15,159
2020-05,Sub-Saharan Africa,Ethiopia,Buramino,Post-emergency,33338,125,14,100,57,34,16,236
2020-05,Sub-Saharan Africa,Ethiopia,Dollo Ado Transit Centre,Emergency,0,NA,NA,NA,0,NA,NA,NA
2020-05,Sub-Saharan Africa,Ethiopia,Fugnido,Post-emergency,42996,73,20,100,39,12,42,977
2020-05,Sub-Saharan Africa,Ethiopia,Fugnido 2,Post-emergency,9229,47,24,100,18,12,39,1025
2020-05,Sub-Saharan Africa,Ethiopia,Hilaweyn,Post-emergency,35605,115,18,100,48,44,13,356
2020-05,Sub-Saharan Africa,Ethiopia,Jewi,Post-emergency,58267,128,17,100,28,17,32,971
2020-05,Sub-Saharan Africa,Ethiopia,Kobe,Post-emergency,30750,111,25,100,36,20,19,199
2020-05,Sub-Saharan Africa,Ethiopia,Kule,Post-emergency,45385,140,18,0,90,17,29,527
2020-05,Sub-Saharan Africa,Ethiopia,Melkadida,Post-emergency,34631,85,19,100,48,24,15,223
2020-05,Sub-Saharan Africa,Ethiopia,Nguenyyiel,Post-emergency,82733,138,16,100,16,16,29,1008
2020-05,Sub-Saharan Africa,Ethiopia,Okugo,Post-emergency,11789,96,21,100,NA,13,19,535
2020-05,Sub-Saharan Africa,Ethiopia,Sherkole,Post-emergency,11017,71,19,100,8,8,51,612
2020-05,Sub-Saharan Africa,Ethiopia,Tierkidi,Post-emergency,64409,206,11,100,270,27,16,1055
2020-05,Sub-Saharan Africa,Ethiopia,Tongo,Post-emergency,12219,64,21,100,11,8,59,678
2020-05,Sub-Saharan Africa,Ethiopia,Tsore Camp (Assosa),Post-emergency,13076,96,23,100,7,7,62,653
2020-05,Western Asia,Iraq,Arbat,Post-emergency,9004,4,98,0,4,4,91,NA
2020-05,Western Asia,Iraq,Basirma,Post-emergency,2554,6,73,100,5,5,100,851
2020-05,Western Asia,Iraq,Kawergosk,Post-emergency,7723,5,113,100,5,5,100,965
2020-05,Western Asia,Iraq,Qushtapa,Post-emergency,8239,5,83,100,5,5,100,1029
2020-05,Sub-Saharan Africa,Kenya,Dagahaley,Post-emergency,77749,92,33,100,NA,7,77,2221
2020-05,Sub-Saharan Africa,Kenya,Hagadera,Post-emergency,81409,98,28,100,NA,5,88,2325
2020-05,Sub-Saharan Africa,Kenya,Ifo,Post-emergency,74108,65,37,97,NA,7,74,2117
2020-05,Sub-Saharan Africa,Malawi,Dzaleka,Post-emergency,46079,768,6,NA,15,8,37,161
2020-05,Sub-Saharan Africa,Niger,Abala,Post-emergency,15464,231,16,NA,69,21,1,15464
2020-05,Sub-Saharan Africa,Niger,Dandaji Makao,Post-emergency,1311,131,0,NA,26,9,NA,1311
2020-05,Sub-Saharan Africa,Niger,Garin Kaka,Post-emergency,1501,NA,15,NA,28,21,NA,1501
2020-05,Sub-Saharan Africa,Niger,Ouallam,Post-emergency,5291,220,10,NA,220,143,NA,5291
2020-05,Sub-Saharan Africa,Nigeria,Adagom,Post-emergency,14588,NA,0,0,72,52,4,729
2020-05,Sub-Saharan Africa,Republic of Congo,Gamboma,Post-emergency,2156,146,17,72,9,10,33,179
2020-05,Sub-Saharan Africa,Rwanda,Bugessera Transit Site,Post-emergency,258,15,75,100,9,7,NA,129
2020-05,Sub-Saharan Africa,Rwanda,Gatore,Post-emergency,454,76,26,100,37,38,NA,75
2020-05,Sub-Saharan Africa,Rwanda,Gihembe,Post-emergency,12208,113,14,0,37,14,10,116
2020-05,Sub-Saharan Africa,Rwanda,Kigeme,Post-emergency,21217,88,17,NA,78,38,NA,642
2020-05,Sub-Saharan Africa,Rwanda,Kijote,Emergency,2,0,50,NA,0,0,100,0
2020-05,Sub-Saharan Africa,Rwanda,Kiziba,Post-emergency,17030,52,21,100,123,29,NA,102
2020-05,Sub-Saharan Africa,Rwanda,Mahama,Post-emergency,60301,76,19,NA,17,17,NA,511
2020-05,Sub-Saharan Africa,Rwanda,Mugombwa,Post-emergency,10686,71,38,NA,52,24,NA,890
2020-05,Sub-Saharan Africa,Rwanda,Nyabiheke,Post-emergency,14274,102,0,50,139,21,NA,183
2020-05,Sub-Saharan Africa,Rwanda,Nyanza Reception Center,Post-emergency,72,2,27,NA,2,4,NA,7
2020-05,Sub-Saharan Africa,South Sudan,Ajoung Thok,Post-emergency,41261,81,25,91,NA,7,67,332
2020-05,Sub-Saharan Africa,South Sudan,Doro,Post-emergency,61464,87,20,100,NA,23,20,280
2020-05,Sub-Saharan Africa,South Sudan,Gendrassa,Post-emergency,17996,108,24,0,NA,15,30,281
2020-05,Sub-Saharan Africa,South Sudan,Kaya,Post-emergency,24033,69,22,0,NA,11,41,190
2020-05,Sub-Saharan Africa,South Sudan,Pamir,Post-emergency,35541,91,18,93,NA,10,39,515
2020-05,Sub-Saharan Africa,South Sudan,Yusuf Batil,Post-emergency,47224,91,22,0,NA,15,33,215
2020-05,Northern Africa,Sudan,Abuda,Post-emergency,3356,129,35,NA,9,10,37,419
2020-05,Northern Africa,Sudan,Al Jameya,Post-emergency,10248,85,21,NA,NA,5,98,683
2020-05,Northern Africa,Sudan,Al Kashafa,Post-emergency,12994,1500,15,NA,NA,20,16,448
2020-05,Northern Africa,Sudan,Al Redis 1,Post-emergency,11528,127,13,NA,NA,24,17,461
2020-05,Northern Africa,Sudan,Al Redis 2,Post-emergency,25986,107,15,NA,NA,37,9,519
2020-05,Northern Africa,Sudan,Alagaya,Post-emergency,20918,140,11,NA,NA,123,NA,615
2020-05,Northern Africa,Sudan,Dabat Bosin,Post-emergency,4992,250,19,NA,NA,66,NA,832
2020-05,Northern Africa,Sudan,Fau 5,Post-emergency,831,29,44,NA,4,5,87,138
2020-05,Northern Africa,Sudan,Girba,Post-emergency,6206,132,36,NA,13,14,30,620
2020-05,Northern Africa,Sudan,Jouri,Post-emergency,11276,154,10,NA,NA,20,19,433
2020-05,Northern Africa,Sudan,Khor Alwarel,Post-emergency,37953,144,11,NA,NA,69,NA,583
2020-05,Northern Africa,Sudan,Kilo 26,Post-emergency,9881,189,33,NA,14,14,29,NA
2020-05,Northern Africa,Sudan,Shagarab I,Post-emergency,53366,215,15,NA,16,16,14,485
2020-05,Northern Africa,Sudan,Um Gargour,Post-emergency,11533,125,30,NA,8,9,50,768
2020-05,Northern Africa,Sudan,Um Sangour,Post-emergency,33238,278,9,NA,NA,46,7,1107
2020-05,Northern Africa,Sudan,Wad Sharife,Post-emergency,18236,157,20,NA,7,8,48,959
2020-05,Sub-Saharan Africa,Tanzania,Mtendeli,Post-emergency,32143,71,30,100,29,6,35,595
2020-05,Sub-Saharan Africa,Tanzania,Nduta,Post-emergency,73644,95,29,99,5,9,31,969
2020-05,Sub-Saharan Africa,Tanzania,Nyarugusu Burundian,Post-emergency,59471,82,26,100,NA,5,83,725
2020-05,Sub-Saharan Africa,Tanzania,Nyarugusu Congolese,Post-emergency,76418,123,25,100,NA,7,56,868
2020-05,Sub-Saharan Africa,Uganda,Kyaka II,Emergency,123378,NA,10,NA,15,9,NA,NA
2020-05,Sub-Saharan Africa,Uganda,Kyangwali,Post-emergency,1123119,393,1,100,109,46,57,6205
2020-05,Sub-Saharan Africa,Uganda,Nakivale,Post-emergency,116899,7750,15,97,9,6,82,441
2020-05,Sub-Saharan Africa,Uganda,Oruchinga,Post-emergency,8027,370,22,88,10,9,77,118
2020-05,Sub-Saharan Africa,Uganda,Palorinya,Post-emergency,122811,NA,21,NA,NA,6,62,2408
2020-05,Sub-Saharan Africa,Zambia,Mantapala,Post-emergency,14341,52,23,0,5,5,70,478
2020-05,Sub-Saharan Africa,Zimbabwe,Tongogara,Post-emergency,14469,154,20,NA,NA,8,30,1446
2020-04,Northern Africa,Algeria,Auserd,Post-emergency,18638,61,14,100,4,5,94,642
2020-04,Northern Africa,Algeria,Boujdour,Post-emergency,9601,NA,20,100,4,5,94,331
2020-04,Northern Africa,Algeria,Dakhla,Post-emergency,10870,49,39,100,4,5,98,374
2020-04,Northern Africa,Algeria,Layounne,Post-emergency,25503,NA,10,100,5,5,88,1275
2020-04,Northern Africa,Algeria,Smara,Post-emergency,25389,98,24,100,5,5,87,1493
2020-04,Sub-Saharan Africa,Burkina Faso,Goudebo,Post-emergency,0,0,NA,90,0,0,NA,0
2020-04,Sub-Saharan Africa,Burkina Faso,Mentao,Post-emergency,6568,58,20,64,57,30,8,1313
2020-04,Sub-Saharan Africa,Cameroon,Borgop,Post-emergency,12222,NA,15,100,15,16,NA,305
2020-04,Sub-Saharan Africa,Cameroon,Gado,Post-emergency,25667,128,12,100,40,35,1,484
2020-04,Sub-Saharan Africa,Cameroon,Lolo,Post-emergency,12261,138,15,100,18,20,2,395
2020-04,Sub-Saharan Africa,Cameroon,Mbile,Post-emergency,13217,NA,12,NA,20,19,1,472
2020-04,Sub-Saharan Africa,Cameroon,Ngam,Post-emergency,6668,NA,18,94,15,13,NA,190
2020-04,Sub-Saharan Africa,Cameroon,Ngarisingo,Post-emergency,1215,NA,18,NA,10,11,NA,405
2020-04,Sub-Saharan Africa,Cameroon,Timangolo,Post-emergency,6952,138,10,100,10,11,29,365
2020-04,Sub-Saharan Africa,Chad,Amboko,Post-emergency,9819,NA,22,NA,11,11,35,9819
2020-04,Sub-Saharan Africa,Chad,Amnabak,Post-emergency,26720,270,6,100,36,32,11,2672
2020-04,Sub-Saharan Africa,Chad,Beakoro,Post-emergency,227,NA,49,NA,14,13,29,NA
2020-04,Sub-Saharan Africa,Chad,Bekan,Post-emergency,3093,NA,23,NA,39,37,11,NA
2020-04,Sub-Saharan Africa,Chad,Belom,Post-emergency,21667,NA,30,NA,39,17,10,10833
2020-04,Sub-Saharan Africa,Chad,Bredjing,Post-emergency,48012,NA,16,99,NA,9,45,4801
2020-04,Sub-Saharan Africa,Chad,Dar Es Salam,Post-emergency,12541,68,20,NA,8,10,31,348
2020-04,Sub-Saharan Africa,Chad,Dembo,Post-emergency,2928,NA,5,NA,104,81,16,NA
2020-04,Sub-Saharan Africa,Chad,Diba,Post-emergency,3838,NA,24,NA,60,54,4,NA
2020-04,Sub-Saharan Africa,Chad,Dilingala,Post-emergency,2301,NA,33,NA,40,28,9,2301
2020-04,Sub-Saharan Africa,Chad,Djabal,Post-emergency,23407,71,19,93,9,8,54,7802
2020-04,Sub-Saharan Africa,Chad,Doholo,Post-emergency,6055,NA,0,NA,14,14,24,3027
2020-04,Sub-Saharan Africa,Chad,Dosseye,Post-emergency,13882,NA,90,NA,5,6,74,4627
2020-04,Sub-Saharan Africa,Chad,Farchana,Post-emergency,30420,158,13,98,NA,9,50,6084
2020-04,Sub-Saharan Africa,Chad,Gaga,Post-emergency,25987,114,13,97,NA,10,46,5197
2020-04,Sub-Saharan Africa,Chad,Gon,Post-emergency,2490,NA,31,NA,59,46,6,2490
2020-04,Sub-Saharan Africa,Chad,Gondje,Post-emergency,7980,NA,33,NA,12,12,34,7980
2020-04,Sub-Saharan Africa,Chad,Goz Amer,Post-emergency,35743,NA,17,NA,8,18,23,8935
2020-04,Sub-Saharan Africa,Chad,Iridimi,Post-emergency,22860,369,12,100,16,15,28,2286
2020-04,Sub-Saharan Africa,Chad,Kerfi,Post-emergency,1416,NA,34,NA,6,7,73,1416
2020-04,Sub-Saharan Africa,Chad,Kounoungou,Post-emergency,22341,85,16,100,15,15,28,2234
2020-04,Sub-Saharan Africa,Chad,Mile,Post-emergency,23227,108,17,100,17,17,24,2322
2020-04,Sub-Saharan Africa,Chad,Moyo,Post-emergency,8040,NA,38,NA,25,23,14,4020
2020-04,Sub-Saharan Africa,Chad,Oure Cassoni,Post-emergency,33927,209,9,100,12,11,31,3392
2020-04,Sub-Saharan Africa,Chad,Silambi,Post-emergency,646,NA,49,NA,25,20,14,646
2020-04,Sub-Saharan Africa,Chad,Touloum,Post-emergency,29798,106,11,100,26,57,7,2979
2020-04,Sub-Saharan Africa,Chad,Treguine,Post-emergency,25753,62,16,99,NA,8,51,4292
2020-04,Latin America and the Caribbean,Colombia,Maicao,Emergency,570,NA,19,NA,16,8,NA,NA
2020-04,Sub-Saharan Africa,Democratic Republic of the Congo,Bili,Post-emergency,9684,0,18,100,16,11,44,2421
2020-04,Sub-Saharan Africa,Democratic Republic of the Congo,Biringi (Aru),Post-emergency,7231,NA,18,100,10,9,41,803
2020-04,Sub-Saharan Africa,Democratic Republic of the Congo,Boyabu,Post-emergency,15117,NA,18,100,31,21,18,3779
2020-04,Sub-Saharan Africa,Democratic Republic of the Congo,Inke,Post-emergency,18485,NA,16,0,58,32,13,4621
2020-04,Sub-Saharan Africa,Democratic Republic of the Congo,Kaka (Dungu),Post-emergency,2027,NA,16,100,25,25,12,506
2020-04,Sub-Saharan Africa,Democratic Republic of the Congo,Meri (Aba),Post-emergency,24338,NA,15,100,13,15,22,1521
2020-04,Sub-Saharan Africa,Democratic Republic of the Congo,Mole,Post-emergency,15300,0,9,100,31,23,16,3825
2020-04,Sub-Saharan Africa,Democratic Republic of the Congo,Mulongwe (Baraka),Post-emergency,8603,0,18,100,18,7,50,452
2020-04,Sub-Saharan Africa,Democratic Republic of the Congo,Nambili (Doruma),Post-emergency,5853,NA,20,100,27,23,19,1463
2020-04,Sub-Saharan Africa,Ethiopia,Bambasi,Post-emergency,17516,58,16,100,6,6,78,1751
2020-04,Sub-Saharan Africa,Ethiopia,Bokolmanyo,Post-emergency,26827,94,19,100,41,36,15,160
2020-04,Sub-Saharan Africa,Ethiopia,Buramino,Post-emergency,32943,129,14,100,57,34,16,233
2020-04,Sub-Saharan Africa,Ethiopia,Dollo Ado Transit Centre,Emergency,750,NA,26,NA,75,37,NA,NA
2020-04,Sub-Saharan Africa,Ethiopia,Fugnido,Post-emergency,42719,73,20,100,39,12,42,970
2020-04,Sub-Saharan Africa,Ethiopia,Fugnido 2,Post-emergency,9165,47,20,100,18,12,39,1018
2020-04,Sub-Saharan Africa,Ethiopia,Hilaweyn,Post-emergency,35263,117,19,100,47,41,13,352
2020-04,Sub-Saharan Africa,Ethiopia,Jewi,Post-emergency,57771,127,17,100,28,17,32,962
2020-04,Sub-Saharan Africa,Ethiopia,Kobe,Post-emergency,30675,110,30,100,36,20,19,199
2020-04,Sub-Saharan Africa,Ethiopia,Kule,Post-emergency,45147,139,17,100,90,16,29,571
2020-04,Sub-Saharan Africa,Ethiopia,Melkadida,Post-emergency,34468,84,19,100,47,24,15,222
2020-04,Sub-Saharan Africa,Ethiopia,Nguenyyiel,Post-emergency,82722,138,10,100,16,16,29,1008
2020-04,Sub-Saharan Africa,Ethiopia,Okugo,Post-emergency,11769,96,20,100,NA,14,17,534
2020-04,Sub-Saharan Africa,Ethiopia,Sherkole,Post-emergency,11017,71,19,100,8,8,51,612
2020-04,Sub-Saharan Africa,Ethiopia,Tierkidi,Post-emergency,64038,205,10,100,269,27,17,1049
2020-04,Sub-Saharan Africa,Ethiopia,Tongo,Post-emergency,12219,64,21,100,11,8,59,610
2020-04,Sub-Saharan Africa,Ethiopia,Tsore Camp (Assosa),Post-emergency,13076,96,22,100,7,7,61,653
2020-04,Sub-Saharan Africa,Ghana,Ampain,Post-emergency,3262,54,22,25,34,23,NA,191
2020-04,Sub-Saharan Africa,Ghana,Egyeikrom,Post-emergency,1412,78,105,NA,13,13,NA,108
2020-04,Sub-Saharan Africa,Ghana,Fetentaa,Post-emergency,848,55,20,33,24,9,2,84
2020-04,Sub-Saharan Africa,Ghana,Krisan,Post-emergency,669,84,22,86,1,10,NA,95
2020-04,Western Asia,Iraq,Arbat,Post-emergency,9262,4,93,0,4,4,87,NA
2020-04,Western Asia,Iraq,Basirma,Post-emergency,2995,6,70,100,6,6,100,998
2020-04,Western Asia,Iraq,Kawergosk,Post-emergency,7562,6,106,100,6,6,100,945
2020-04,Western Asia,Iraq,Qushtapa,Post-emergency,8171,5,72,100,6,6,100,1021
2020-04,Sub-Saharan Africa,Kenya,Dagahaley,Post-emergency,77800,92,34,100,NA,7,77,2222
2020-04,Sub-Saharan Africa,Kenya,Hagadera,Post-emergency,81364,98,28,99,NA,5,88,2324
2020-04,Sub-Saharan Africa,Kenya,Ifo,Post-emergency,74101,65,36,97,NA,7,74,2117
2020-04,Sub-Saharan Africa,Malawi,Dzaleka,Post-emergency,46079,75,6,NA,15,8,37,161
2020-04,Sub-Saharan Africa,Mozambique,Maratane,Post-emergency,9244,82,8,NA,NA,5,68,NA
2020-04,Sub-Saharan Africa,Niger,Abala,Post-emergency,15692,234,16,NA,70,22,NA,15692
2020-04,Sub-Saharan Africa,Niger,Dandaji Makao,Emergency,1319,NA,30,NA,28,19,NA,NA
2020-04,Sub-Saharan Africa,Niger,Garin Kaka,Emergency,1023,NA,39,NA,34,36,NA,NA
2020-04,Sub-Saharan Africa,Niger,Ouallam,Emergency,5257,NA,13,NA,219,250,NA,NA
2020-04,Sub-Saharan Africa,Republic of Congo,Gamboma,Post-emergency,2156,146,17,100,9,10,33,359
2020-04,Sub-Saharan Africa,Rwanda,Bugessera Transit Site,Post-emergency,258,12,58,100,9,7,NA,129
2020-04,Sub-Saharan Africa,Rwanda,Gatore,Post-emergency,451,75,33,100,37,38,NA,75
2020-04,Sub-Saharan Africa,Rwanda,Gihembe,Post-emergency,12166,111,17,0,37,14,10,115
2020-04,Sub-Saharan Africa,Rwanda,Kigeme,Post-emergency,21181,97,17,NA,77,38,NA,641
2020-04,Sub-Saharan Africa,Rwanda,Kijote,Emergency,19,2,26,NA,0,0,29,2
2020-04,Sub-Saharan Africa,Rwanda,Kiziba,Post-emergency,16928,50,21,100,94,29,NA,228
2020-04,Sub-Saharan Africa,Rwanda,Mahama,Post-emergency,60301,76,19,NA,17,17,NA,511
2020-04,Sub-Saharan Africa,Rwanda,Mugombwa,Post-emergency,10669,95,28,100,52,24,NA,889
2020-04,Sub-Saharan Africa,Rwanda,Nyabiheke,Post-emergency,14274,102,0,50,139,20,NA,183
2020-04,Sub-Saharan Africa,Rwanda,Nyanza Reception Center,Post-emergency,81,2,24,NA,2,4,NA,8
2020-04,Sub-Saharan Africa,South Sudan,Ajoung Thok,Post-emergency,41229,81,28,90,NA,7,67,378
2020-04,Sub-Saharan Africa,South Sudan,Gendrassa,Post-emergency,17996,108,24,0,NA,15,30,281
2020-04,Sub-Saharan Africa,South Sudan,Kaya,Post-emergency,24027,69,22,NA,NA,11,41,190
2020-04,Sub-Saharan Africa,South Sudan,Pamir,Post-emergency,35453,91,22,95,NA,10,39,723
2020-04,Sub-Saharan Africa,South Sudan,Yusuf Batil,Post-emergency,47224,91,22,0,NA,15,33,215
2020-04,Northern Africa,Sudan,Abuda,Post-emergency,3484,133,34,NA,10,10,37,435
2020-04,Northern Africa,Sudan,Al Jameya,Post-emergency,10261,86,22,NA,NA,5,100,684
2020-04,Northern Africa,Sudan,Al Kashafa,Post-emergency,13009,1501,11,NA,NA,17,20,448
2020-04,Northern Africa,Sudan,Al Redis 1,Post-emergency,11600,128,13,NA,NA,22,18,464
2020-04,Northern Africa,Sudan,Al Redis 2,Post-emergency,26064,107,14,NA,NA,28,9,521
2020-04,Northern Africa,Sudan,Alagaya,Post-emergency,20918,140,8,NA,NA,80,NA,615
2020-04,Northern Africa,Sudan,Dabat Bosin,Post-emergency,5500,258,19,NA,NA,71,NA,916
2020-04,Northern Africa,Sudan,Fau 5,Post-emergency,831,29,44,NA,4,5,87,138
2020-04,Northern Africa,Sudan,Girba,Post-emergency,6206,132,36,NA,13,14,30,886
2020-04,Northern Africa,Sudan,Jouri,Post-emergency,11366,155,9,NA,NA,19,19,437
2020-04,Northern Africa,Sudan,Khor Alwarel,Post-emergency,42064,159,9,NA,NA,62,NA,647
2020-04,Northern Africa,Sudan,Kilo 26,Post-emergency,9881,219,33,NA,14,14,29,1646
2020-04,Northern Africa,Sudan,Shagarab I,Post-emergency,53366,215,15,NA,15,16,14,485
2020-04,Northern Africa,Sudan,Um Gargour,Post-emergency,11533,390,30,NA,8,9,50,768
2020-04,Northern Africa,Sudan,Um Sangour,Post-emergency,30170,256,9,NA,NA,23,12,1005
2020-04,Northern Africa,Sudan,Wad Sharife,Post-emergency,18236,147,20,NA,7,8,48,959
2020-04,Sub-Saharan Africa,Tanzania,Mtendeli,Post-emergency,32457,72,29,100,29,6,35,601
2020-04,Sub-Saharan Africa,Tanzania,Nduta,Post-emergency,74832,92,28,98,5,9,30,984
2020-04,Sub-Saharan Africa,Tanzania,Nyarugusu Burundian,Post-emergency,60117,92,27,100,NA,5,83,733
2020-04,Sub-Saharan Africa,Tanzania,Nyarugusu Congolese,Post-emergency,76265,97,25,100,NA,7,56,866
2020-04,Sub-Saharan Africa,Uganda,Adjumani,Post-emergency,214479,NA,16,NA,NA,8,79,3635
2020-04,Sub-Saharan Africa,Uganda,Imvepi,Post-emergency,65796,176,27,NA,4,4,72,889
2020-04,Sub-Saharan Africa,Uganda,Kyaka II,Emergency,123300,NA,10,NA,16,10,NA,NA
2020-04,Sub-Saharan Africa,Uganda,Kyangwali,Post-emergency,123020,162,13,NA,NA,5,56,679
2020-04,Sub-Saharan Africa,Uganda,Nakivale,Post-emergency,116899,7750,17,98,9,6,82,444
2020-04,Sub-Saharan Africa,Uganda,Oruchinga,Post-emergency,8027,247,21,100,11,9,82,118
2020-04,Sub-Saharan Africa,Uganda,Palorinya,Post-emergency,122825,NA,19,NA,NA,8,100,2408
2020-04,Sub-Saharan Africa,Uganda,Rhino Camp,Post-emergency,120654,357,18,88,19,3,46,942
2020-04,Sub-Saharan Africa,Zambia,Mantapala,Post-emergency,14341,52,23,NA,5,5,70,478
2020-03,Northern Africa,Algeria,Auserd,Post-emergency,18638,61,15,100,4,5,94,642
2020-03,Northern Africa,Algeria,Boujdour,Post-emergency,NA,NA,NA,NA,0,0,NA,0
2020-03,Northern Africa,Algeria,Dakhla,Post-emergency,10870,49,40,100,4,5,98,374
2020-03,Northern Africa,Algeria,Layounne,Post-emergency,25503,NA,10,100,5,5,88,1275
2020-03,Northern Africa,Algeria,Smara,Post-emergency,25389,98,23,100,5,5,87,1493
2020-03,Southern Asia,Bangladesh,Nayapara,Post-emergency,NA,NA,NA,NA,NA,NA,NA,NA
2020-03,Sub-Saharan Africa,Burkina Faso,Goudebo,Post-emergency,8781,70,13,53,66,27,8,2195
2020-03,Sub-Saharan Africa,Burkina Faso,Mentao,Post-emergency,6568,58,20,60,57,30,8,1313
2020-03,Sub-Saharan Africa,Cameroon,Borgop,Post-emergency,12222,NA,15,NA,15,16,NA,305
2020-03,Sub-Saharan Africa,Cameroon,Gado,Post-emergency,25667,128,12,100,40,35,1,484
2020-03,Sub-Saharan Africa,Cameroon,Lolo,Post-emergency,12261,138,15,100,18,20,2,395
2020-03,Sub-Saharan Africa,Cameroon,Mbile,Post-emergency,13217,NA,12,NA,17,14,1,472
2020-03,Sub-Saharan Africa,Cameroon,Ngam,Post-emergency,6668,NA,18,NA,15,13,NA,190
2020-03,Sub-Saharan Africa,Cameroon,Ngarisingo,Post-emergency,1215,NA,18,NA,10,11,NA,405
2020-03,Sub-Saharan Africa,Cameroon,Timangolo,Post-emergency,6952,138,10,NA,10,11,29,365
2020-03,Sub-Saharan Africa,Chad,Amboko,Post-emergency,9819,NA,25,NA,8,8,47,9819
2020-03,Sub-Saharan Africa,Chad,Amnabak,Post-emergency,26720,270,7,100,36,32,11,2672
2020-03,Sub-Saharan Africa,Chad,Beakoro,Post-emergency,227,NA,49,NA,8,8,51,NA
2020-03,Sub-Saharan Africa,Chad,Bekan,Post-emergency,3093,NA,28,NA,23,23,19,NA
2020-03,Sub-Saharan Africa,Chad,Belom,Post-emergency,21667,NA,28,NA,144,24,3,10833
2020-03,Sub-Saharan Africa,Chad,Bredjing,Post-emergency,48012,143,15,99,NA,9,45,4801
2020-03,Sub-Saharan Africa,Chad,Dar Es Salam,Post-emergency,12541,68,20,11,8,11,29,348
2020-03,Sub-Saharan Africa,Chad,Dembo,Post-emergency,2928,NA,21,NA,86,70,4,2928
2020-03,Sub-Saharan Africa,Chad,Diba,Post-emergency,3838,NA,24,NA,39,37,7,767
2020-03,Sub-Saharan Africa,Chad,Dilingala,Post-emergency,2301,NA,15,NA,39,35,9,460
2020-03,Sub-Saharan Africa,Chad,Djabal,Post-emergency,23407,71,19,88,9,8,54,7802
2020-03,Sub-Saharan Africa,Chad,Doholo,Post-emergency,6055,NA,25,NA,8,9,40,3027
2020-03,Sub-Saharan Africa,Chad,Dosseye,Post-emergency,13882,3471,49,100,5,5,77,4627
2020-03,Sub-Saharan Africa,Chad,Farchana,Post-emergency,30420,158,13,98,NA,9,50,6084
2020-03,Sub-Saharan Africa,Chad,Gaga,Post-emergency,25987,114,14,97,NA,10,46,5197
2020-03,Sub-Saharan Africa,Chad,Gon,Post-emergency,2490,NA,31,NA,65,50,5,2490
2020-03,Sub-Saharan Africa,Chad,Gondje,Post-emergency,7980,NA,38,NA,7,7,60,7980
2020-03,Sub-Saharan Africa,Chad,Goz Amer,Post-emergency,35743,NA,17,NA,8,18,23,8935
2020-03,Sub-Saharan Africa,Chad,Iridimi,Post-emergency,22860,369,12,100,16,15,28,2286
2020-03,Sub-Saharan Africa,Chad,Kerfi,Post-emergency,1416,NA,34,NA,6,7,73,1416
2020-03,Sub-Saharan Africa,Chad,Kouchaguine-Moura,Emergency,5447,NA,17,NA,48,48,NA,NA
2020-03,Sub-Saharan Africa,Chad,Kounoungou,Post-emergency,22341,85,15,100,16,16,26,2234
2020-03,Sub-Saharan Africa,Chad,Mile,Post-emergency,23227,108,17,100,18,17,23,2322
2020-03,Sub-Saharan Africa,Chad,Moyo,Post-emergency,8040,NA,36,NA,19,18,19,4020
2020-03,Sub-Saharan Africa,Chad,Oure Cassoni,Post-emergency,33927,209,10,100,12,11,31,3392
2020-03,Sub-Saharan Africa,Chad,Silambi,Post-emergency,646,NA,49,NA,43,28,9,646
2020-03,Sub-Saharan Africa,Chad,Touloum,Post-emergency,29798,106,10,100,25,57,7,2979
2020-03,Sub-Saharan Africa,Chad,Treguine,Post-emergency,25753,62,16,98,NA,8,51,4292
2020-03,Latin America and the Caribbean,Colombia,Maicao,Emergency,570,NA,19,NA,16,8,NA,NA
2020-03,Sub-Saharan Africa,Democratic Republic of the Congo,Bili,Post-emergency,9684,0,0,NA,NA,11,38,2421
2020-03,Sub-Saharan Africa,Democratic Republic of the Congo,Biringi (Aru),Post-emergency,7173,NA,18,100,9,9,45,797
2020-03,Sub-Saharan Africa,Democratic Republic of the Congo,Boyabu,Post-emergency,15117,NA,19,NA,NA,23,17,3779
2020-03,Sub-Saharan Africa,Democratic Republic of the Congo,Inke,Post-emergency,18407,NA,16,NA,NA,33,13,4601
2020-03,Sub-Saharan Africa,Democratic Republic of the Congo,Kaka (Dungu),Post-emergency,1911,NA,16,NA,NA,28,14,955
2020-03,Sub-Saharan Africa,Democratic Republic of the Congo,Lusenda,Post-emergency,30051,NA,20,NA,NA,10,44,1502
2020-03,Sub-Saharan Africa,Democratic Republic of the Congo,Meri (Aba),Post-emergency,24485,NA,16,100,13,15,21,1530
2020-03,Sub-Saharan Africa,Democratic Republic of the Congo,Mole,Post-emergency,15449,NA,0,NA,NA,24,16,3862
2020-03,Sub-Saharan Africa,Democratic Republic of the Congo,Mulongwe (Baraka),Post-emergency,8505,0,0,NA,NA,8,45,447
2020-03,Sub-Saharan Africa,Democratic Republic of the Congo,Nambili (Doruma),Post-emergency,5853,NA,20,NA,23,17,23,1463
2020-03,Sub-Saharan Africa,Ethiopia,Bambasi,Post-emergency,17516,58,17,100,6,6,78,1751
2020-03,Sub-Saharan Africa,Ethiopia,Bokolmanyo,Post-emergency,26827,94,23,100,41,36,15,160
2020-03,Sub-Saharan Africa,Ethiopia,Buramino,Post-emergency,32943,102,15,100,57,34,16,233
2020-03,Sub-Saharan Africa,Ethiopia,Dollo Ado Transit Centre,Emergency,700,NA,28,NA,70,35,NA,NA
2020-03,Sub-Saharan Africa,Ethiopia,Fugnido,Post-emergency,42297,72,20,100,38,12,42,961
2020-03,Sub-Saharan Africa,Ethiopia,Fugnido 2,Post-emergency,9136,50,20,100,18,12,40,1015
2020-03,Sub-Saharan Africa,Ethiopia,Hilaweyn,Post-emergency,35263,119,19,100,44,40,14,352
2020-03,Sub-Saharan Africa,Ethiopia,Jewi,Post-emergency,57300,126,18,100,28,16,32,955
2020-03,Sub-Saharan Africa,Ethiopia,Kobe,Post-emergency,30675,110,31,100,36,20,19,199
2020-03,Sub-Saharan Africa,Ethiopia,Kule,Post-emergency,44745,138,20,100,89,16,29,566
2020-03,Sub-Saharan Africa,Ethiopia,Melkadida,Post-emergency,34468,84,23,100,47,24,15,222
2020-03,Sub-Saharan Africa,Ethiopia,Nguenyyiel,Post-emergency,82758,138,8,100,16,16,29,678
2020-03,Sub-Saharan Africa,Ethiopia,Okugo,Post-emergency,11513,94,21,100,NA,14,17,523
2020-03,Sub-Saharan Africa,Ethiopia,Sherkole,Post-emergency,11017,71,19,100,8,8,51,612
2020-03,Sub-Saharan Africa,Ethiopia,Tierkidi,Post-emergency,63739,204,8,100,267,27,17,1044
2020-03,Sub-Saharan Africa,Ethiopia,Tongo,Post-emergency,12219,64,17,100,11,8,59,610
2020-03,Sub-Saharan Africa,Ethiopia,Tsore Camp (Assosa),Post-emergency,13076,96,21,100,7,7,61,653
2020-03,Sub-Saharan Africa,Ghana,Ampain,Post-emergency,3262,54,22,80,34,23,NA,191
2020-03,Sub-Saharan Africa,Ghana,Egyeikrom,Post-emergency,1412,78,105,NA,13,13,NA,108
2020-03,Sub-Saharan Africa,Ghana,Krisan,Post-emergency,669,84,22,100,1,10,NA,95
2020-03,Western Asia,Iraq,Arbat,Post-emergency,9250,4,95,100,4,4,88,NA
2020-03,Western Asia,Iraq,Basirma,Post-emergency,2995,6,67,100,5,5,100,998
2020-03,Western Asia,Iraq,Kawergosk,Post-emergency,7560,5,73,0,5,5,100,945
2020-03,Western Asia,Iraq,Qushtapa,Post-emergency,8171,5,70,100,5,5,100,907
2020-03,Sub-Saharan Africa,Kenya,Dagahaley,Post-emergency,77693,92,28,98,NA,7,77,2219
2020-03,Sub-Saharan Africa,Kenya,Hagadera,Post-emergency,81392,98,25,100,NA,5,88,2325
2020-03,Sub-Saharan Africa,Kenya,Ifo,Post-emergency,74199,65,30,99,NA,7,74,2119
2020-03,Sub-Saharan Africa,Malawi,Dzaleka,Post-emergency,46296,75,6,NA,15,8,37,162
2020-03,Sub-Saharan Africa,Mozambique,Maratane,Post-emergency,9244,82,8,NA,NA,5,68,NA
2020-03,Sub-Saharan Africa,Niger,Abala,Post-emergency,15464,231,15,NA,69,22,NA,15464
2020-03,Sub-Saharan Africa,Niger,Dandaji Makao,Emergency,1297,NA,30,NA,38,27,NA,NA
2020-03,Sub-Saharan Africa,Niger,Garin Kaka,Emergency,1023,NA,39,NA,34,36,NA,NA
2020-03,Sub-Saharan Africa,Niger,Ouallam,Emergency,5191,NA,12,NA,216,162,NA,NA
2020-03,Sub-Saharan Africa,Republic of Congo,Gamboma,Post-emergency,2156,576,19,100,9,10,33,359
2020-03,Sub-Saharan Africa,Rwanda,Bugessera Transit Site,Post-emergency,258,12,620,100,9,7,NA,129
2020-03,Sub-Saharan Africa,Rwanda,Gatore,Post-emergency,451,75,33,50,37,38,NA,112
2020-03,Sub-Saharan Africa,Rwanda,Gihembe,Post-emergency,12166,112,15,100,73,14,10,115
2020-03,Sub-Saharan Africa,Rwanda,Kigeme,Post-emergency,21181,107,16,NA,77,37,NA,641
2020-03,Sub-Saharan Africa,Rwanda,Kijote,Emergency,114,10,26,NA,4,5,13,16
2020-03,Sub-Saharan Africa,Rwanda,Kiziba,Post-emergency,16886,50,21,100,93,29,NA,228
2020-03,Sub-Saharan Africa,Rwanda,Mahama,Post-emergency,60148,76,19,NA,16,17,NA,509
2020-03,Sub-Saharan Africa,Rwanda,Mugombwa,Post-emergency,10669,95,27,100,41,24,NA,889
2020-03,Sub-Saharan Africa,Rwanda,Nyabiheke,Post-emergency,14280,102,0,100,140,21,NA,195
2020-03,Sub-Saharan Africa,Rwanda,Nyanza Reception Center,Post-emergency,82,2,24,NA,2,4,NA,8
2020-03,Sub-Saharan Africa,South Sudan,Ajoung Thok,Post-emergency,40969,80,25,89,NA,7,67,375
2020-03,Sub-Saharan Africa,South Sudan,Doro,Post-emergency,61464,87,18,NA,NA,23,20,280
2020-03,Sub-Saharan Africa,South Sudan,Gendrassa,Post-emergency,17996,108,24,NA,NA,15,30,281
2020-03,Sub-Saharan Africa,South Sudan,Kaya,Post-emergency,24027,69,22,0,NA,11,41,190
2020-03,Sub-Saharan Africa,South Sudan,Pamir,Post-emergency,34786,89,21,90,NA,9,40,709
2020-03,Sub-Saharan Africa,South Sudan,Yusuf Batil,Post-emergency,47224,91,17,0,NA,15,33,215
2020-03,Northern Africa,Sudan,Abuda,Post-emergency,3484,133,34,NA,10,10,37,435
2020-03,Northern Africa,Sudan,Al Jameya,Post-emergency,10261,86,14,NA,NA,5,100,684
2020-03,Northern Africa,Sudan,Al Kashafa,Post-emergency,13009,1501,10,NA,NA,17,20,448
2020-03,Northern Africa,Sudan,Al Redis 1,Post-emergency,11600,128,12,NA,NA,22,18,464
2020-03,Northern Africa,Sudan,Al Redis 2,Post-emergency,26064,107,14,NA,NA,28,9,521
2020-03,Northern Africa,Sudan,Alagaya,Post-emergency,21839,146,8,NA,NA,84,NA,642
2020-03,Northern Africa,Sudan,Dabat Bosin,Post-emergency,5500,258,11,NA,NA,71,NA,916
2020-03,Northern Africa,Sudan,Fau 5,Post-emergency,831,29,44,NA,4,5,87,138
2020-03,Northern Africa,Sudan,Girba,Post-emergency,6206,132,36,NA,13,14,30,886
2020-03,Northern Africa,Sudan,Jouri,Post-emergency,11178,153,8,NA,NA,19,19,429
2020-03,Northern Africa,Sudan,Khor Alwarel,Post-emergency,37953,144,6,NA,NA,56,NA,583
2020-03,Northern Africa,Sudan,Kilo 26,Post-emergency,9881,189,33,NA,14,14,29,1646
2020-03,Northern Africa,Sudan,Shagarab I,Post-emergency,53366,215,15,NA,15,16,14,485
2020-03,Northern Africa,Sudan,Um Gargour,Post-emergency,11533,390,30,NA,8,9,50,768
2020-03,Northern Africa,Sudan,Um Sangour,Post-emergency,30170,398,9,NA,NA,23,12,1005
2020-03,Northern Africa,Sudan,Wad Sharife,Post-emergency,18236,147,21,NA,7,8,49,959
2020-03,Sub-Saharan Africa,Tanzania,Mtendeli,Post-emergency,32663,72,29,100,29,6,34,680
2020-03,Sub-Saharan Africa,Tanzania,Nduta,Post-emergency,75055,94,28,96,5,9,30,987
2020-03,Sub-Saharan Africa,Tanzania,Nyarugusu Burundian,Post-emergency,60553,93,26,100,NA,5,82,738
2020-03,Sub-Saharan Africa,Tanzania,Nyarugusu Congolese,Post-emergency,76358,120,23,100,NA,7,56,867
2020-03,Sub-Saharan Africa,Uganda,Adjumani,Post-emergency,214363,NA,16,NA,NA,80,8,3514
2020-03,Sub-Saharan Africa,Uganda,Imvepi,Post-emergency,66453,176,26,NA,4,4,72,949
2020-03,Sub-Saharan Africa,Uganda,Kiryandongo,Post-emergency,66453,NA,18,NA,NA,9,72,499
2020-03,Sub-Saharan Africa,Uganda,Kyaka II,Emergency,121106,NA,10,NA,16,9,NA,NA
2020-03,Sub-Saharan Africa,Uganda,Kyangwali,Post-emergency,121000,155,4,50,NA,NA,NA,711
2020-03,Sub-Saharan Africa,Uganda,Nakivale,Post-emergency,116889,775,16,96,10,6,82,441
2020-03,Sub-Saharan Africa,Uganda,Oruchinga,Post-emergency,8027,370,21,90,12,9,77,118
2020-03,Sub-Saharan Africa,Uganda,Rhino Camp,Post-emergency,120654,285,16,99,19,3,46,942
2020-03,Sub-Saharan Africa,Zambia,Mantapala,Post-emergency,15000,52,22,NA,5,5,71,500
2020-02,Northern Africa,Algeria,Auserd,Post-emergency,18638,61,14,100,4,5,94,642
2020-02,Northern Africa,Algeria,Boujdour,Post-emergency,9601,NA,18,100,4,5,94,331
2020-02,Northern Africa,Algeria,Dakhla,Post-emergency,10870,49,39,100,4,5,98,374
2020-02,Northern Africa,Algeria,Layounne,Post-emergency,25503,NA,10,100,5,5,88,1275
2020-02,Northern Africa,Algeria,Smara,Post-emergency,25389,98,22,NA,5,5,87,1493
2020-02,Sub-Saharan Africa,Burkina Faso,Goudebo,Post-emergency,8781,70,13,61,66,27,8,2195
2020-02,Sub-Saharan Africa,Burkina Faso,Mentao,Post-emergency,6568,58,20,55,55,30,8,1094
2020-02,Sub-Saharan Africa,Cameroon,Borgop,Post-emergency,12118,NA,15,0,15,15,NA,302
2020-02,Sub-Saharan Africa,Cameroon,Gado,Post-emergency,25569,128,12,80,41,36,1,482
2020-02,Sub-Saharan Africa,Cameroon,Lolo,Post-emergency,13107,158,14,NA,18,17,1,422
2020-02,Sub-Saharan Africa,Cameroon,Mbile,Post-emergency,13200,NA,12,NA,17,14,1,471
2020-02,Sub-Saharan Africa,Cameroon,Minawao,Post-emergency,63739,1067,10,NA,29,25,15,827
2020-02,Sub-Saharan Africa,Cameroon,Ngam,Post-emergency,6707,NA,17,0,20,13,NA,191
2020-02,Sub-Saharan Africa,Cameroon,Ngarisingo,Post-emergency,1226,NA,17,NA,10,11,NA,408
2020-02,Sub-Saharan Africa,Cameroon,Timangolo,Post-emergency,6967,139,10,NA,9,10,31,348
2020-02,Sub-Saharan Africa,Chad,Amboko,Post-emergency,9819,NA,27,NA,8,8,47,9819
2020-02,Sub-Saharan Africa,Chad,Amnabak,Post-emergency,26720,270,7,100,36,32,11,5344
2020-02,Sub-Saharan Africa,Chad,Beakoro,Post-emergency,227,NA,25,NA,7,7,56,NA
2020-02,Sub-Saharan Africa,Chad,Bekan,Post-emergency,3093,501,29,NA,23,23,19,NA
2020-02,Sub-Saharan Africa,Chad,Belom,Post-emergency,21667,NA,28,NA,37,16,10,10833
2020-02,Sub-Saharan Africa,Chad,Bredjing,Post-emergency,48012,143,15,NA,NA,9,45,4801
2020-02,Sub-Saharan Africa,Chad,Dar Es Salam,Post-emergency,11307,68,23,13,7,10,32,314
2020-02,Sub-Saharan Africa,Chad,Dembo,Post-emergency,646,NA,24,NA,19,15,20,646
2020-02,Sub-Saharan Africa,Chad,Diba,Post-emergency,3838,NA,16,NA,39,37,7,NA
2020-02,Sub-Saharan Africa,Chad,Dilingala,Post-emergency,2301,NA,27,NA,44,30,8,2301
2020-02,Sub-Saharan Africa,Chad,Djabal,Post-emergency,23407,71,19,91,9,8,54,7802
2020-02,Sub-Saharan Africa,Chad,Doholo,Post-emergency,6055,NA,28,NA,8,8,44,3027
2020-02,Sub-Saharan Africa,Chad,Dosseye,Post-emergency,13882,3471,46,NA,5,5,77,4627
2020-02,Sub-Saharan Africa,Chad,Farchana,Post-emergency,30420,158,13,98,NA,9,50,6084
2020-02,Sub-Saharan Africa,Chad,Gaga,Post-emergency,25987,114,14,98,NA,10,46,5197
2020-02,Sub-Saharan Africa,Chad,Gon,Post-emergency,2490,NA,25,NA,52,42,7,2490
2020-02,Sub-Saharan Africa,Chad,Gondje,Post-emergency,7980,NA,37,NA,7,7,60,7980
2020-02,Sub-Saharan Africa,Chad,Goz Amer,Post-emergency,35743,NA,17,NA,8,18,23,8935
2020-02,Sub-Saharan Africa,Chad,Iridimi,Post-emergency,22860,369,12,100,16,15,28,2286
2020-02,Sub-Saharan Africa,Chad,Kerfi,Post-emergency,1416,NA,34,39,6,7,73,1416
2020-02,Sub-Saharan Africa,Chad,Kounoungou,Post-emergency,22341,85,14,100,16,16,26,2234
2020-02,Sub-Saharan Africa,Chad,Mile,Post-emergency,23227,108,17,100,18,17,23,2322
2020-02,Sub-Saharan Africa,Chad,Moyo,Post-emergency,8040,NA,40,NA,19,18,19,4020
2020-02,Sub-Saharan Africa,Chad,Oure Cassoni,Post-emergency,33927,209,11,100,12,11,31,3392
2020-02,Sub-Saharan Africa,Chad,Silambi,Post-emergency,646,NA,49,NA,43,28,9,646
2020-02,Sub-Saharan Africa,Chad,Touloum,Post-emergency,26798,95,11,100,24,51,7,2679
2020-02,Sub-Saharan Africa,Chad,Treguine,Post-emergency,25753,62,16,98,NA,8,51,4292
2020-02,Latin America and the Caribbean,Colombia,Maicao,Emergency,600,NA,16,NA,17,8,NA,NA
2020-02,Sub-Saharan Africa,Democratic Republic of the Congo,Bili,Post-emergency,9684,0,15,NA,18,12,36,2421
2020-02,Sub-Saharan Africa,Democratic Republic of the Congo,Biringi (Aru),Post-emergency,7173,NA,18,NA,9,9,45,896
2020-02,Sub-Saharan Africa,Democratic Republic of the Congo,Boyabu,Post-emergency,15117,NA,19,NA,31,21,18,3779
2020-02,Sub-Saharan Africa,Democratic Republic of the Congo,Inke,Post-emergency,18407,NA,16,NA,38,24,17,4601
2020-02,Sub-Saharan Africa,Democratic Republic of the Congo,Kaka (Dungu),Post-emergency,1911,NA,16,NA,18,18,22,637
2020-02,Sub-Saharan Africa,Democratic Republic of the Congo,Lusenda,Post-emergency,30051,100,20,100,34,16,26,1502
2020-02,Sub-Saharan Africa,Democratic Republic of the Congo,Meri (Aba),Post-emergency,24485,0,16,NA,13,15,21,1883
2020-02,Sub-Saharan Africa,Democratic Republic of the Congo,Mole,Post-emergency,15449,0,11,100,31,21,18,3862
2020-02,Sub-Saharan Africa,Democratic Republic of the Congo,Mulongwe (Baraka),Post-emergency,8505,118,14,100,9,8,45,354
2020-02,Sub-Saharan Africa,Democratic Republic of the Congo,Nambili (Doruma),Post-emergency,5853,NA,20,NA,23,19,23,1951
2020-02,Sub-Saharan Africa,Ethiopia,Bambasi,Post-emergency,17516,58,15,100,6,6,78,1751
2020-02,Sub-Saharan Africa,Ethiopia,Bokolmanyo,Post-emergency,26859,94,20,100,41,36,15,160
2020-02,Sub-Saharan Africa,Ethiopia,Buramino,Post-emergency,30821,122,16,100,53,32,17,218
2020-02,Sub-Saharan Africa,Ethiopia,Dollo Ado Transit Centre,Emergency,525,NA,36,NA,65,26,NA,NA
2020-02,Sub-Saharan Africa,Ethiopia,Fugnido,Post-emergency,42029,71,20,100,38,12,42,955
2020-02,Sub-Saharan Africa,Ethiopia,Fugnido 2,Post-emergency,9052,49,20,100,18,12,40,1005
2020-02,Sub-Saharan Africa,Ethiopia,Hilaweyn,Post-emergency,33936,114,19,100,40,35,15,339
2020-02,Sub-Saharan Africa,Ethiopia,Jewi,Post-emergency,56430,124,16,100,27,16,32,940
2020-02,Sub-Saharan Africa,Ethiopia,Kobe,Post-emergency,29777,108,29,100,35,19,19,193
2020-02,Sub-Saharan Africa,Ethiopia,Kule,Post-emergency,44293,137,14,100,88,16,29,560
2020-02,Sub-Saharan Africa,Ethiopia,Melkadida,Post-emergency,33096,82,24,100,45,23,15,213
2020-02,Sub-Saharan Africa,Ethiopia,Nguenyyiel,Post-emergency,82654,138,9,100,16,16,28,677
2020-02,Sub-Saharan Africa,Ethiopia,Okugo,Post-emergency,11341,92,20,100,NA,14,17,515
2020-02,Sub-Saharan Africa,Ethiopia,Sherkole,Post-emergency,11017,71,22,100,8,8,51,612
2020-02,Sub-Saharan Africa,Ethiopia,Tierkidi,Post-emergency,63154,202,9,100,265,27,17,1035
2020-02,Sub-Saharan Africa,Ethiopia,Tongo,Post-emergency,12219,64,17,100,11,8,59,610
2020-02,Sub-Saharan Africa,Ethiopia,Tsore Camp (Assosa),Post-emergency,13076,96,23,100,7,7,61,653
2020-02,Sub-Saharan Africa,Ghana,Ampain,Post-emergency,3262,54,22,80,34,23,NA,191
2020-02,Sub-Saharan Africa,Ghana,Egyeikrom,Post-emergency,1412,78,105,NA,13,13,NA,108
2020-02,Sub-Saharan Africa,Ghana,Fetentaa,Post-emergency,848,55,20,33,24,9,2,84
2020-02,Sub-Saharan Africa,Ghana,Krisan,Post-emergency,669,84,22,100,1,10,NA,95
2020-02,Western Asia,Iraq,Arbat,Post-emergency,9254,4,93,100,4,4,88,1850
2020-02,Western Asia,Iraq,Basirma,Post-emergency,2998,7,68,100,6,6,100,999
2020-02,Western Asia,Iraq,Kawergosk,Post-emergency,7560,5,81,100,5,5,100,945
2020-02,Western Asia,Iraq,Qushtapa,Post-emergency,8173,7,65,100,6,6,100,908
2020-02,Sub-Saharan Africa,Kenya,Dagahaley,Post-emergency,77693,92,25,100,NA,7,77,2219
2020-02,Sub-Saharan Africa,Kenya,Hagadera,Post-emergency,81392,98,22,100,NA,5,88,2325
2020-02,Sub-Saharan Africa,Kenya,Ifo,Post-emergency,74199,65,27,100,NA,7,74,2119
2020-02,Sub-Saharan Africa,Niger,Abala,Post-emergency,15464,231,16,NA,60,22,NA,15464
2020-02,Sub-Saharan Africa,Niger,Ayerou,Emergency,6654,NA,10,NA,110,110,NA,NA
2020-02,Sub-Saharan Africa,Niger,Dandaji Makao,Emergency,913,NA,43,NA,26,19,NA,NA
2020-02,Sub-Saharan Africa,Niger,Garin Kaka,Emergency,1052,NA,38,NA,35,37,NA,NA
2020-02,Sub-Saharan Africa,Niger,Ouallam,Emergency,5191,NA,11,NA,96,68,NA,NA
2020-02,Sub-Saharan Africa,Republic of Congo,Gamboma,Post-emergency,2100,567,19,100,9,9,36,350
2020-02,Sub-Saharan Africa,Rwanda,Bugessera Transit Site,Post-emergency,299,14,58,100,10,8,NA,149
2020-02,Sub-Saharan Africa,Rwanda,Gatore,Post-emergency,253,42,27,100,21,21,NA,63
2020-02,Sub-Saharan Africa,Rwanda,Gihembe,Post-emergency,12166,112,16,0,73,14,10,115
2020-02,Sub-Saharan Africa,Rwanda,Kigeme,Post-emergency,21167,107,11,NA,77,37,NA,641
2020-02,Sub-Saharan Africa,Rwanda,Kijote,Emergency,122,10,24,NA,5,6,63,17
2020-02,Sub-Saharan Africa,Rwanda,Kiziba,Post-emergency,16860,50,21,100,93,29,NA,227
2020-02,Sub-Saharan Africa,Rwanda,Mahama,Post-emergency,60148,76,19,NA,16,17,NA,509
2020-02,Sub-Saharan Africa,Rwanda,Mugombwa,Post-emergency,10669,71,26,NA,62,24,NA,889
2020-02,Sub-Saharan Africa,Rwanda,Nyabiheke,Post-emergency,14350,102,0,100,140,21,NA,196
2020-02,Sub-Saharan Africa,Rwanda,Nyanza Reception Center,Post-emergency,75,2,26,NA,2,4,NA,7
2020-02,Sub-Saharan Africa,South Sudan,Ajoung Thok,Post-emergency,40155,78,26,90,NA,7,69,368
2020-02,Sub-Saharan Africa,South Sudan,Gendrassa,Post-emergency,17996,108,24,0,NA,15,30,281
2020-02,Sub-Saharan Africa,South Sudan,Kaya,Post-emergency,24027,69,22,0,NA,11,41,190
2020-02,Sub-Saharan Africa,South Sudan,Pamir,Post-emergency,33599,86,19,89,NA,9,41,685
2020-02,Sub-Saharan Africa,South Sudan,Yusuf Batil,Post-emergency,47224,91,17,0,NA,15,33,215
2020-02,Northern Africa,Sudan,Abuda,Post-emergency,3393,130,34,NA,10,10,37,424
2020-02,Northern Africa,Sudan,Al Jameya,Post-emergency,8941,75,19,NA,NA,5,100,596
2020-02,Northern Africa,Sudan,Al Kashafa,Post-emergency,13009,1501,10,NA,NA,17,20,448
2020-02,Northern Africa,Sudan,Al Redis 1,Post-emergency,11399,126,13,NA,NA,21,18,495
2020-02,Northern Africa,Sudan,Al Redis 2,Post-emergency,26065,107,13,NA,NA,28,9,521
2020-02,Northern Africa,Sudan,Alagaya,Post-emergency,20918,140,8,NA,NA,80,NA,615
2020-02,Northern Africa,Sudan,Dabat Bosin,Post-emergency,5395,90,33,NA,NA,69,NA,899
2020-02,Northern Africa,Sudan,Fau 5,Post-emergency,831,29,44,NA,4,5,87,138
2020-02,Northern Africa,Sudan,Girba,Post-emergency,6202,132,36,NA,13,14,30,886
2020-02,Northern Africa,Sudan,Jouri,Post-emergency,11178,153,8,NA,NA,19,19,429
2020-02,Northern Africa,Sudan,Khor Alwarel,Post-emergency,37953,144,7,NA,NA,56,NA,583
2020-02,Northern Africa,Sudan,Kilo 26,Post-emergency,9874,218,33,NA,13,14,29,1645
2020-02,Northern Africa,Sudan,Shagarab I,Post-emergency,53366,195,16,NA,16,16,14,485
2020-02,Northern Africa,Sudan,Um Gargour,Post-emergency,11533,390,30,NA,NA,9,50,8
2020-02,Northern Africa,Sudan,Um Sangour,Post-emergency,27639,370,10,NA,NA,21,12,921
2020-02,Northern Africa,Sudan,Wad Sharife,Post-emergency,17318,147,21,NA,7,8,48,911
2020-02,Sub-Saharan Africa,Tanzania,Mtendeli,Post-emergency,32671,72,30,100,29,6,34,960
2020-02,Sub-Saharan Africa,Tanzania,Nduta,Post-emergency,75149,105,26,95,5,9,30,988
2020-02,Sub-Saharan Africa,Tanzania,Nyarugusu Burundian,Post-emergency,60233,104,33,100,NA,5,82,676
2020-02,Sub-Saharan Africa,Tanzania,Nyarugusu Congolese,Post-emergency,76314,132,27,100,NA,7,56,838
2020-02,Sub-Saharan Africa,Uganda,Kiryandongo,Post-emergency,65459,NA,18,NA,NA,NA,NA,NA
2020-02,Sub-Saharan Africa,Uganda,Kyaka II,Emergency,121106,NA,11,NA,17,9,NA,NA
2020-02,Sub-Saharan Africa,Uganda,Kyangwali,Post-emergency,118065,145,4,50,NA,NA,NA,694
2020-02,Sub-Saharan Africa,Uganda,Nakivale,Post-emergency,116899,803,16,100,10,6,82,444
2020-02,Sub-Saharan Africa,Uganda,Oruchinga,Post-emergency,8027,617,21,76,13,10,76,118
2020-02,Sub-Saharan Africa,Uganda,Palorinya,Post-emergency,122625,NA,19,NA,NA,8,53,2404
2020-02,Sub-Saharan Africa,Uganda,Rhino Camp,Post-emergency,118182,285,198,NA,1,0,100,86
2020-02,Sub-Saharan Africa,Zambia,Mantapala,Post-emergency,14000,52,24,0,4,5,91,466
2020-02,Sub-Saharan Africa,Zimbabwe,Tongogara,NA,NA,NA,NA,NA,NA,NA,100,NA
2019-01,Northern Africa,Algeria,Auserd,Post-emergency,18638,61,15,100,4,5,94,642
2019-01,Northern Africa,Algeria,Boujdour,Post-emergency,9601,NA,21,100,4,5,94,331
2019-01,Northern Africa,Algeria,Dakhla,Post-emergency,10870,49,37,100,4,5,98,374
2019-01,Northern Africa,Algeria,Layounne,Post-emergency,25503,NA,10,NA,5,5,88,1275
2019-01,Northern Africa,Algeria,Smara,Post-emergency,25389,98,22,NA,5,5,87,1493
2019-01,Sub-Saharan Africa,Angola,Lovua settlement,Post-emergency,6435,76,14,8,6,6,59,292
2019-01,Sub-Saharan Africa,Burkina Faso,Goudebo,Post-emergency,8781,70,14,60,65,27,8,2195
2019-01,Sub-Saharan Africa,Burkina Faso,Mentao,Post-emergency,6568,0,20,81,43,29,8,1094
2019-01,Sub-Saharan Africa,Cameroon,Borgop,Post-emergency,12118,NA,15,0,15,15,NA,302
2019-01,Sub-Saharan Africa,Cameroon,Gado,Post-emergency,25569,139,13,80,41,36,1,482
2019-01,Sub-Saharan Africa,Cameroon,Lolo,Post-emergency,13107,158,14,NA,18,17,1,422
2019-01,Sub-Saharan Africa,Cameroon,Mbile,Post-emergency,13200,NA,12,100,17,14,1,471
2019-01,Sub-Saharan Africa,Cameroon,Minawao,Post-emergency,62751,1043,9,NA,29,25,15,814
2019-01,Sub-Saharan Africa,Cameroon,Ngam,Post-emergency,6707,NA,17,0,20,13,NA,191
2019-01,Sub-Saharan Africa,Cameroon,Ngarisingo,Post-emergency,1226,NA,17,0,10,11,NA,408
2019-01,Sub-Saharan Africa,Cameroon,Timangolo,Post-emergency,6967,139,10,NA,9,10,32,348
2019-01,Sub-Saharan Africa,Chad,Amboko,Post-emergency,9819,NA,25,NA,20,20,19,9819
2019-01,Sub-Saharan Africa,Chad,Amnabak,Post-emergency,29798,301,7,100,40,35,11,2979
2019-01,Sub-Saharan Africa,Chad,Beakoro,Post-emergency,227,NA,25,NA,7,7,56,NA
2019-01,Sub-Saharan Africa,Chad,Bekan,Post-emergency,3093,501,29,NA,23,23,19,NA
2019-01,Sub-Saharan Africa,Chad,Belom,Post-emergency,21667,NA,30,NA,144,24,3,10833
2019-01,Sub-Saharan Africa,Chad,Bredjing,Post-emergency,48012,143,15,98,NA,9,45,4801
2019-01,Sub-Saharan Africa,Chad,Dar Es Salam,Post-emergency,10721,68,24,NA,7,10,33,297
2019-01,Sub-Saharan Africa,Chad,Dembo,Post-emergency,2928,NA,5,NA,86,60,4,2928
2019-01,Sub-Saharan Africa,Chad,Diba,Post-emergency,3838,NA,16,NA,39,37,7,NA
2019-01,Sub-Saharan Africa,Chad,Dilingala,Post-emergency,2301,NA,27,NA,44,30,8,2301
2019-01,Sub-Saharan Africa,Chad,Djabal,Post-emergency,23407,71,19,NA,9,8,54,4681
2019-01,Sub-Saharan Africa,Chad,Dosseye,Post-emergency,13882,NA,48,NA,5,5,76,4627
2019-01,Sub-Saharan Africa,Chad,Farchana,Post-emergency,30420,158,14,98,NA,9,50,6084
2019-01,Sub-Saharan Africa,Chad,Gaga,Post-emergency,25987,114,14,97,NA,10,46,5197
2019-01,Sub-Saharan Africa,Chad,Gon,Post-emergency,2490,NA,25,NA,52,42,7,2490
2019-01,Sub-Saharan Africa,Chad,Gondje,Post-emergency,7980,NA,35,NA,35,32,12,7980
2019-01,Sub-Saharan Africa,Chad,Goz Amer,Post-emergency,35743,NA,17,NA,8,18,23,8935
2019-01,Sub-Saharan Africa,Chad,Iridimi,Post-emergency,22860,369,11,100,16,15,28,2286
2019-01,Sub-Saharan Africa,Chad,Kerfi,Post-emergency,1416,NA,34,NA,6,7,73,1416
2019-01,Sub-Saharan Africa,Chad,Kounoungou,Post-emergency,22341,85,15,100,16,16,26,2234
2019-01,Sub-Saharan Africa,Chad,Mile,Post-emergency,23227,108,13,100,18,17,23,2322
2019-01,Sub-Saharan Africa,Chad,Moyo,Post-emergency,8040,NA,40,NA,19,18,19,4020
2019-01,Sub-Saharan Africa,Chad,Oure Cassoni,Post-emergency,32927,203,11,100,11,11,31,3292
2019-01,Sub-Saharan Africa,Chad,Silambi,Post-emergency,646,NA,49,NA,43,28,9,NA
2019-01,Sub-Saharan Africa,Chad,Touloum,Post-emergency,29798,106,11,100,26,57,7,5959
2019-01,Sub-Saharan Africa,Chad,Treguine,Post-emergency,25753,62,16,98,NA,8,51,4292
2019-01,Latin America and the Caribbean,Colombia,Maicao,Emergency,600,NA,16,NA,26,12,NA,NA
2019-01,Sub-Saharan Africa,Democratic Republic of the Congo,Bili,Post-emergency,9575,0,12,NA,16,10,44,2393
2019-01,Sub-Saharan Africa,Democratic Republic of the Congo,Inke,Post-emergency,18358,NA,14,NA,40,25,16,3671
2019-01,Sub-Saharan Africa,Democratic Republic of the Congo,Mole,Post-emergency,15445,483,19,100,31,21,17,3861
2019-01,Sub-Saharan Africa,Djibouti,Ali Adde,Post-emergency,16147,75,14,100,57,10,35,NA
2019-01,Sub-Saharan Africa,Ethiopia,Adi Harush,Post-emergency,16681,79,11,100,28,10,59,834
2019-01,Sub-Saharan Africa,Ethiopia,Awbarre,Post-emergency,12002,141,21,21,NA,22,8,1333
2019-01,Sub-Saharan Africa,Ethiopia,Aysaita,Post-emergency,20903,155,18,100,52,25,47,4180
2019-01,Sub-Saharan Africa,Ethiopia,Bambasi,Post-emergency,17516,58,15,100,6,6,78,1167
2019-01,Sub-Saharan Africa,Ethiopia,Berhale,Post-emergency,19662,113,10,100,43,21,30,1512
2019-01,Sub-Saharan Africa,Ethiopia,Bokolmanyo,Post-emergency,26859,94,20,100,41,36,15,160
2019-01,Sub-Saharan Africa,Ethiopia,Buramino,Post-emergency,28512,115,17,100,49,29,19,202
2019-01,Sub-Saharan Africa,Ethiopia,Dollo Ado Transit Centre,Emergency,364,NA,27,NA,45,18,NA,NA
2019-01,Sub-Saharan Africa,Ethiopia,Fugnido,Post-emergency,41581,71,20,100,38,11,43,770
2019-01,Sub-Saharan Africa,Ethiopia,Fugnido 2,Post-emergency,8994,49,20,100,17,11,40,449
2019-01,Sub-Saharan Africa,Ethiopia,Hilaweyn,Post-emergency,32225,109,19,100,43,37,14,322
2019-01,Sub-Saharan Africa,Ethiopia,Jewi,Post-emergency,56190,123,17,100,27,16,32,936
2019-01,Sub-Saharan Africa,Ethiopia,Kobe,Post-emergency,29777,108,25,100,35,19,19,193
2019-01,Sub-Saharan Africa,Ethiopia,Kule,Post-emergency,44021,136,14,100,88,16,30,557
2019-01,Sub-Saharan Africa,Ethiopia,Mai Aini,Post-emergency,14275,99,14,100,21,8,63,713
2019-01,Sub-Saharan Africa,Ethiopia,Melkadida,Post-emergency,33096,82,20,100,45,23,15,213
2019-01,Sub-Saharan Africa,Ethiopia,Nguenyyiel,Post-emergency,82614,138,7,100,16,16,28,677
2019-01,Sub-Saharan Africa,Ethiopia,Okugo,Post-emergency,11135,91,20,100,NA,17,18,506
2019-01,Sub-Saharan Africa,Ethiopia,Sheder,Post-emergency,NA,0,NA,NA,NA,0,NA,0
2019-01,Sub-Saharan Africa,Ethiopia,Sherkole,Post-emergency,11017,71,19,100,8,8,51,612
2019-01,Sub-Saharan Africa,Ethiopia,Shimelba,Post-emergency,7902,110,19,100,21,7,61,658
2019-01,Sub-Saharan Africa,Ethiopia,Tierkidi,Post-emergency,62715,201,12,100,263,26,17,1140
2019-01,Sub-Saharan Africa,Ethiopia,Tongo,Post-emergency,12219,64,18,100,11,8,59,610
2019-01,Sub-Saharan Africa,Ethiopia,Tsore Camp (Assosa),Post-emergency,13076,90,21,100,7,7,61,653
2019-01,Sub-Saharan Africa,Ghana,Fetentaa,Post-emergency,848,55,20,33,24,9,2,84
2019-01,Western Asia,Iraq,Arbat,Post-emergency,9211,4,94,100,4,4,88,1842
2019-01,Western Asia,Iraq,Basirma,Post-emergency,2443,5,75,100,4,5,100,814
2019-01,Western Asia,Iraq,Kawergosk,Post-emergency,7682,4,74,100,4,4,100,960
2019-01,Western Asia,Iraq,Qushtapa,Post-emergency,8221,5,71,100,4,4,100,913
2019-01,Sub-Saharan Africa,Kenya,Dagahaley,Post-emergency,77627,92,26,100,NA,7,77,2352
2019-01,Sub-Saharan Africa,Kenya,Hagadera,Post-emergency,81327,98,21,100,NA,5,88,2464
2019-01,Sub-Saharan Africa,Kenya,Ifo,Post-emergency,74133,65,27,99,NA,7,74,2246
2019-01,Sub-Saharan Africa,Malawi,Dzaleka,Post-emergency,44809,75,6,0,14,8,37,157
2019-01,Sub-Saharan Africa,Mozambique,Maratane,Post-emergency,9244,82,8,NA,NA,5,68,NA
2019-01,Sub-Saharan Africa,Niger,Abala,Post-emergency,15464,231,15,NA,69,23,NA,15464
2019-01,Sub-Saharan Africa,Niger,Ayerou,Emergency,2675,NA,11,NA,53,53,NA,NA
2019-01,Sub-Saharan Africa,Niger,Ouallam,Emergency,5187,NA,9,NA,126,52,NA,NA
2019-01,Sub-Saharan Africa,Niger,Tabareybarey,Post-emergency,10721,202,14,NA,153,158,NA,10721
2019-01,Sub-Saharan Africa,Rwanda,Bugessera Transit Site,Post-emergency,299,14,75,100,10,8,NA,149
2019-01,Sub-Saharan Africa,Rwanda,Gatore,Post-emergency,282,47,28,100,23,24,NA,70
2019-01,Sub-Saharan Africa,Rwanda,Gihembe,Post-emergency,12250,113,14,100,73,14,10,104
2019-01,Sub-Saharan Africa,Rwanda,Kigeme,Post-emergency,21069,106,11,NA,77,37,NA,638
2019-01,Sub-Saharan Africa,Rwanda,Kijote,Emergency,186,16,0,NA,NA,NA,9,26
2019-01,Sub-Saharan Africa,Rwanda,Kiziba,Post-emergency,16908,50,21,100,93,29,NA,228
2019-01,Sub-Saharan Africa,Rwanda,Mahama,Post-emergency,60148,76,19,NA,16,17,NA,509
2019-01,Sub-Saharan Africa,Rwanda,Mugombwa,Post-emergency,10638,92,29,100,40,24,NA,886
2019-01,Sub-Saharan Africa,Rwanda,Nyabiheke,Post-emergency,14325,119,0,100,140,21,NA,146
2019-01,Sub-Saharan Africa,Rwanda,Nyanza Reception Center,Post-emergency,67,2,29,NA,NA,3,NA,6
2019-01,Sub-Saharan Africa,South Sudan,Ajoung Thok,Post-emergency,39370,72,25,92,NA,6,70,361
2019-01,Sub-Saharan Africa,South Sudan,Doro,Post-emergency,61464,87,18,NA,NA,23,20,280
2019-01,Sub-Saharan Africa,South Sudan,Gendrassa,Post-emergency,17996,108,19,0,NA,15,30,281
2019-01,Sub-Saharan Africa,South Sudan,Kaya,Post-emergency,24027,69,22,0,NA,11,41,190
2019-01,Sub-Saharan Africa,South Sudan,Pamir,Post-emergency,32597,84,19,90,NA,9,43,665
2019-01,Sub-Saharan Africa,South Sudan,Yusuf Batil,Post-emergency,47224,91,17,0,NA,15,33,215
2019-01,Northern Africa,Sudan,Abuda,Post-emergency,3393,130,34,NA,10,10,37,424
2019-01,Northern Africa,Sudan,Al Jameya,Post-emergency,8941,128,22,NA,NA,5,100,596
2019-01,Northern Africa,Sudan,Al Kashafa,Post-emergency,13009,3002,10,NA,NA,17,20,448
2019-01,Northern Africa,Sudan,Alagaya,Post-emergency,21839,97,10,NA,NA,84,NA,642
2019-01,Northern Africa,Sudan,Dabat Bosin,Post-emergency,5395,257,18,NA,NA,69,NA,899
2019-01,Northern Africa,Sudan,Fau 5,Post-emergency,831,29,44,NA,4,5,87,138
2019-01,Northern Africa,Sudan,Girba,Post-emergency,6206,132,36,NA,13,14,30,886
2019-01,Northern Africa,Sudan,Jouri,Post-emergency,11178,153,10,NA,NA,19,19,465
2019-01,Northern Africa,Sudan,Khor Alwarel,Post-emergency,43394,155,9,NA,NA,64,NA,667
2019-01,Northern Africa,Sudan,Kilo 26,Post-emergency,9874,218,33,NA,13,14,29,1645
2019-01,Northern Africa,Sudan,Shagarab I,Post-emergency,53366,204,16,NA,16,16,14,485
2019-01,Northern Africa,Sudan,Um Gargour,Post-emergency,11533,390,30,NA,8,9,50,768
2019-01,Northern Africa,Sudan,Um Sangour,Post-emergency,27639,370,10,NA,NA,21,12,921
2019-01,Northern Africa,Sudan,Wad Sharife,Post-emergency,18236,147,20,NA,7,8,88,959
2019-01,Sub-Saharan Africa,Tanzania,Mtendeli,Post-emergency,NA,0,NA,NA,0,0,NA,0
2019-01,Sub-Saharan Africa,Tanzania,Nduta,Post-emergency,74788,64,23,86,5,9,30,984
2019-01,Sub-Saharan Africa,Uganda,Imvepi,Post-emergency,63929,166,27,NA,4,4,67,913
2019-01,Sub-Saharan Africa,Uganda,Kyaka II,Emergency,121106,NA,10,NA,15,10,NA,NA
2019-01,Sub-Saharan Africa,Uganda,Kyangwali,Post-emergency,118065,145,4,50,NA,NA,NA,694
2019-01,Sub-Saharan Africa,Uganda,Nakivale,Post-emergency,116899,817,14,100,10,6,81,444
2019-01,Sub-Saharan Africa,Uganda,Oruchinga,Post-emergency,8027,617,21,71,13,10,76,118
2019-01,Sub-Saharan Africa,Uganda,Rhino Camp,Post-emergency,116374,285,20,47,18,3,45,849
2019-01,Sub-Saharan Africa,Zimbabwe,Tongogara,Post-emergency,NA,NA,NA,NA,NA,0,NA,0
2019-07,Northern Africa,Algeria,Auserd,NA,NA,NA,NA,NA,NA,NA,98.3,NA
2019-07,Northern Africa,Algeria,Boujdour,NA,NA,NA,NA,NA,NA,NA,95,NA
2019-07,Northern Africa,Algeria,Dakhla,NA,NA,NA,NA,NA,NA,NA,95,NA
2019-07,Northern Africa,Algeria,Layounne,NA,NA,NA,NA,NA,NA,NA,96.1,NA
2019-07,Northern Africa,Algeria,Smara,NA,NA,NA,NA,NA,NA,NA,99.2,NA
2019-07,Sub-Saharan Africa,Cameroon,Minawao,NA,NA,NA,NA,NA,NA,NA,46.5,NA
2019-07,Sub-Saharan Africa,Chad,Amboko,NA,NA,NA,NA,NA,NA,NA,46.1,NA
2019-07,Sub-Saharan Africa,Chad,Amnabak,NA,NA,NA,NA,NA,NA,NA,53.5,NA
2019-07,Sub-Saharan Africa,Chad,Gondje,NA,NA,NA,NA,NA,NA,NA,17.6,NA
2019-07,Sub-Saharan Africa,Democratic Republic of the Congo,Lusenda,NA,NA,NA,NA,NA,NA,NA,52.6,NA
2019-07,Sub-Saharan Africa,Democratic Republic of the Congo,Mulongwe (Baraka),NA,NA,NA,NA,NA,NA,NA,76.8,NA
2019-07,Sub-Saharan Africa,Ethiopia,Bokolmanyo,NA,NA,NA,NA,NA,NA,NA,33.4,NA
2019-07,Sub-Saharan Africa,Ethiopia,Buramino,NA,NA,NA,NA,NA,NA,NA,15.4,NA
2019-07,Sub-Saharan Africa,Ethiopia,Fugnido,NA,NA,NA,NA,NA,NA,NA,82.9,NA
2019-07,Sub-Saharan Africa,Ethiopia,Fugnido 2,NA,NA,NA,NA,NA,NA,NA,86.8,NA
2019-07,Sub-Saharan Africa,Ethiopia,Hilaweyn,NA,NA,NA,NA,NA,NA,NA,39.5,NA
2019-07,Sub-Saharan Africa,Ethiopia,Jewi,NA,NA,NA,NA,NA,NA,NA,89.4,NA
2019-07,Sub-Saharan Africa,Ethiopia,Kobe,NA,NA,NA,NA,NA,NA,NA,9.5,NA
2019-07,Sub-Saharan Africa,Ethiopia,Kule,NA,NA,NA,NA,NA,NA,NA,59.6,NA
2019-07,Sub-Saharan Africa,Ethiopia,Melkadida,NA,NA,NA,NA,NA,NA,NA,17.3,NA
2019-07,Sub-Saharan Africa,Ethiopia,Nguenyyiel,NA,NA,NA,NA,NA,NA,NA,86,NA
2019-07,Sub-Saharan Africa,Ethiopia,Okugo,NA,NA,NA,NA,NA,NA,NA,22,NA
2019-07,Sub-Saharan Africa,Ethiopia,Tierkidi,NA,NA,NA,NA,NA,NA,NA,64.1,NA
2019-07,Western Asia,Iraq,Arbat,NA,NA,NA,NA,NA,NA,NA,100,NA
2019-07,Western Asia,Iraq,Basirma,NA,NA,NA,NA,NA,NA,NA,100,NA
2019-07,Western Asia,Iraq,Kawergosk,NA,NA,NA,NA,NA,NA,NA,100,NA
2019-07,Western Asia,Iraq,Qushtapa,NA,NA,NA,NA,NA,NA,NA,100,NA
2019-07,Sub-Saharan Africa,Malawi,Dzaleka,NA,NA,NA,NA,NA,NA,NA,83.3,NA
2019-07,Sub-Saharan Africa,Mozambique,Maratane,NA,NA,NA,NA,NA,NA,NA,78,NA
2019-07,Sub-Saharan Africa,Namibia,Osire,NA,NA,NA,NA,NA,NA,NA,68,NA
2019-07,Sub-Saharan Africa,Republic of Congo,Betou,NA,NA,NA,NA,NA,NA,NA,97.5,NA
2019-07,Sub-Saharan Africa,South Sudan,Ajoung Thok,NA,NA,NA,NA,NA,NA,NA,89,NA
2019-07,Sub-Saharan Africa,South Sudan,Pamir,NA,NA,NA,NA,NA,NA,NA,77,NA
2019-07,Northern Africa,Sudan,Shagarab I,NA,NA,NA,NA,NA,NA,NA,36,NA
2019-07,Northern Africa,Sudan,Um Gargour,NA,NA,NA,NA,NA,NA,NA,63.2,NA
2019-07,Northern Africa,Sudan,Wad Sharife,NA,NA,NA,NA,NA,NA,NA,60,NA
2019-07,Sub-Saharan Africa,Tanzania,Nyarugusu,NA,NA,NA,NA,NA,NA,NA,87.9,NA
2019-07,Sub-Saharan Africa,Uganda,Kiryandongo,NA,NA,NA,NA,NA,NA,NA,81,NA
2019-07,Sub-Saharan Africa,Uganda,Kyaka II,NA,NA,NA,NA,NA,NA,NA,88.7,NA
2019-07,Sub-Saharan Africa,Uganda,Nakivale,NA,NA,NA,NA,NA,NA,NA,75,NA
2019-07,Sub-Saharan Africa,Uganda,Oruchinga,NA,NA,NA,NA,NA,NA,NA,85,NA
2019-07,Sub-Saharan Africa,Zimbabwe,Tongogara,NA,NA,NA,NA,NA,NA,NA,32,NA
2019-12,Northern Africa,Algeria,Auserd,Post-emergency,18638,61,15,67,4,5,94,642
2019-12,Northern Africa,Algeria,Boujdour,Post-emergency,9601,NA,20,100,4,5,94,331
2019-12,Northern Africa,Algeria,Dakhla,Post-emergency,10870,49,35,100,4,5,98,374
2019-12,Northern Africa,Algeria,Layounne,Post-emergency,25503,NA,10,40,5,5,88,1275
2019-12,Northern Africa,Algeria,Smara,Post-emergency,25389,98,21,NA,5,5,87,1493
2019-12,Sub-Saharan Africa,Burkina Faso,Goudebo,Post-emergency,8781,70,15,60,65,27,9,1756
2019-12,Sub-Saharan Africa,Burkina Faso,Mentao,Post-emergency,6568,0,20,55,43,29,8,1094
2019-12,Sub-Saharan Africa,Cameroon,Borgop,Post-emergency,12118,NA,15,0,15,15,NA,302
2019-12,Sub-Saharan Africa,Cameroon,Gado,Post-emergency,25569,139,14,89,41,36,1,482
2019-12,Sub-Saharan Africa,Cameroon,Lolo,Post-emergency,12512,152,16,NA,17,16,1,403
2019-12,Sub-Saharan Africa,Cameroon,Mbile,Post-emergency,13200,NA,11,NA,17,14,1,471
2019-12,Sub-Saharan Africa,Cameroon,Minawao,Post-emergency,60651,1129,11,100,28,26,14,739
2019-12,Sub-Saharan Africa,Cameroon,Ngam,Post-emergency,6707,NA,16,0,20,13,NA,191
2019-12,Sub-Saharan Africa,Cameroon,Ngarisingo,Post-emergency,1226,NA,17,0,10,11,NA,408
2019-12,Sub-Saharan Africa,Cameroon,Timangolo,Post-emergency,6967,139,10,NA,8,9,35,348
2019-12,Sub-Saharan Africa,Chad,Amboko,Post-emergency,9830,NA,27,NA,5,5,75,1966
2019-12,Sub-Saharan Africa,Chad,Amnabak,Post-emergency,23837,322,12,100,12,13,31,4767
2019-12,Sub-Saharan Africa,Chad,Beakoro,Post-emergency,234,NA,51,NA,21,21,20,117
2019-12,Sub-Saharan Africa,Chad,Bekan,Post-emergency,3093,NA,11,NA,42,38,10,618
2019-12,Sub-Saharan Africa,Chad,Bekourou,Post-emergency,1236,NA,19,NA,17,17,21,247
2019-12,Sub-Saharan Africa,Chad,Belom,Post-emergency,21651,NA,31,NA,6,6,60,4330
2019-12,Sub-Saharan Africa,Chad,Bredjing,Post-emergency,47559,264,14,100,10,11,41,4755
2019-12,Sub-Saharan Africa,Chad,Dar Es Salam,Post-emergency,10721,NA,34,NA,17,17,19,2144
2019-12,Sub-Saharan Africa,Chad,Dembo,Post-emergency,2929,NA,16,NA,31,31,12,585
2019-12,Sub-Saharan Africa,Chad,Diba,Post-emergency,2680,NA,17,NA,9,9,28,536
2019-12,Sub-Saharan Africa,Chad,Dilingala,Post-emergency,2300,NA,15,NA,39,35,9,460
2019-12,Sub-Saharan Africa,Chad,Djabal,Post-emergency,23923,114,19,100,9,10,48,4784
2019-12,Sub-Saharan Africa,Chad,Doholo,Post-emergency,6058,NA,33,NA,5,5,69,1211
2019-12,Sub-Saharan Africa,Chad,Dosseye,Post-emergency,13895,NA,35,NA,5,5,82,2779
2019-12,Sub-Saharan Africa,Chad,Farchana,Post-emergency,29561,379,14,100,7,7,58,4223
2019-12,Sub-Saharan Africa,Chad,Gaga,Post-emergency,25392,605,14,100,7,7,59,4232
2019-12,Sub-Saharan Africa,Chad,Gon,Post-emergency,2490,NA,9,NA,69,59,5,498
2019-12,Sub-Saharan Africa,Chad,Gondje,Post-emergency,7992,NA,38,NA,6,6,71,1598
2019-12,Sub-Saharan Africa,Chad,Goz Amer,Post-emergency,36839,NA,17,NA,8,9,51,6139
2019-12,Sub-Saharan Africa,Chad,Iridimi,Post-emergency,20834,151,14,100,11,12,35,4166
2019-12,Sub-Saharan Africa,Chad,Kerfi,Post-emergency,1365,NA,39,NA,5,5,66,455
2019-12,Sub-Saharan Africa,Chad,Kounoungou,Post-emergency,19983,227,15,100,12,12,35,3996
2019-12,Sub-Saharan Africa,Chad,Mile,Post-emergency,21056,160,14,100,13,14,29,4211
2019-12,Sub-Saharan Africa,Chad,Moyo,Post-emergency,8560,NA,41,NA,5,6,69,1712
2019-12,Sub-Saharan Africa,Chad,Oure Cassoni,Post-emergency,31110,207,18,100,8,8,45,6222
2019-12,Sub-Saharan Africa,Chad,Silambi,Post-emergency,647,NA,37,NA,9,9,38,NA
2019-12,Sub-Saharan Africa,Chad,Touloum,Post-emergency,25831,166,15,100,13,14,32,5166
2019-12,Sub-Saharan Africa,Chad,Treguine,Post-emergency,25411,NA,13,NA,7,7,61,4235
2019-12,Sub-Saharan Africa,Chad,Vom,Post-emergency,1158,NA,20,NA,7,7,39,231
2019-12,Latin America and the Caribbean,Colombia,Maicao,Emergency,600,NA,16,NA,26,12,NA,NA
2019-12,Sub-Saharan Africa,Democratic Republic of the Congo,Biringi (Aru),Post-emergency,7027,NA,21,100,9,7,60,878
2019-12,Sub-Saharan Africa,Democratic Republic of the Congo,Kaka (Dungu),Post-emergency,1911,NA,17,NA,18,18,22,637
2019-12,Sub-Saharan Africa,Democratic Republic of the Congo,Lusenda,Post-emergency,30366,101,20,0,34,16,27,1047
2019-12,Sub-Saharan Africa,Democratic Republic of the Congo,Meri (Aba),Post-emergency,24826,0,20,100,13,15,22,1909
2019-12,Sub-Saharan Africa,Democratic Republic of the Congo,Mulongwe (Baraka),Post-emergency,8603,119,16,100,10,8,45,358
2019-12,Sub-Saharan Africa,Democratic Republic of the Congo,Nambili (Doruma),Post-emergency,5853,NA,20,100,23,18,23,1951
2019-12,Sub-Saharan Africa,Djibouti,Ali Adde,Post-emergency,16147,75,17,100,57,10,35,NA
2019-12,Sub-Saharan Africa,Ethiopia,Adi Harush,Post-emergency,16881,80,14,100,28,10,59,888
2019-12,Sub-Saharan Africa,Ethiopia,Awbarre,Post-emergency,NA,0,NA,NA,NA,NA,NA,NA
2019-12,Sub-Saharan Africa,Ethiopia,Aysaita,Post-emergency,20903,155,18,100,52,25,47,4180
2019-12,Sub-Saharan Africa,Ethiopia,Bambasi,Post-emergency,17516,58,13,100,6,6,78,1167
2019-12,Sub-Saharan Africa,Ethiopia,Berhale,Post-emergency,19662,113,10,100,43,22,29,1512
2019-12,Sub-Saharan Africa,Ethiopia,Bokolmanyo,Post-emergency,24747,89,19,100,35,31,18,412
2019-12,Sub-Saharan Africa,Ethiopia,Buramino,Post-emergency,28512,100,17,100,49,30,19,1096
2019-12,Sub-Saharan Africa,Ethiopia,Dollo Ado Transit Centre,Emergency,381,NA,26,NA,38,19,NA,NA
2019-12,Sub-Saharan Africa,Ethiopia,Fugnido,Post-emergency,41325,70,19,100,37,11,43,765
2019-12,Sub-Saharan Africa,Ethiopia,Fugnido 2,Post-emergency,8930,49,20,100,17,11,40,446
2019-12,Sub-Saharan Africa,Ethiopia,Hilaweyn,Post-emergency,32225,96,23,100,43,38,14,1039
2019-12,Sub-Saharan Africa,Ethiopia,Jewi,Post-emergency,56046,123,16,100,27,16,32,934
2019-12,Sub-Saharan Africa,Ethiopia,Kobe,Post-emergency,28557,100,31,100,30,19,22,475
2019-12,Sub-Saharan Africa,Ethiopia,Kule,Post-emergency,43911,136,18,100,87,16,30,555
2019-12,Sub-Saharan Africa,Ethiopia,Mai Aini,Post-emergency,14257,99,16,100,21,8,63,950
2019-12,Sub-Saharan Africa,Ethiopia,Melkadida,Post-emergency,31121,103,29,100,36,20,19,518
2019-12,Sub-Saharan Africa,Ethiopia,Nguenyyiel,Post-emergency,82534,138,9,100,16,15,31,581
2019-12,Sub-Saharan Africa,Ethiopia,Okugo,Post-emergency,10923,89,20,100,NA,17,19,496
2019-12,Sub-Saharan Africa,Ethiopia,Sherkole,Post-emergency,11017,71,19,100,7,7,54,550
2019-12,Sub-Saharan Africa,Ethiopia,Shimelba,Post-emergency,7902,110,19,100,21,7,61,658
2019-12,Sub-Saharan Africa,Ethiopia,Tierkidi,Post-emergency,62596,201,9,100,263,26,17,1138
2019-12,Sub-Saharan Africa,Ethiopia,Tongo,Post-emergency,12219,64,19,100,11,8,59,610
2019-12,Sub-Saharan Africa,Ethiopia,Tsore Camp (Assosa),Post-emergency,13076,90,22,100,7,7,61,653
2019-12,Sub-Saharan Africa,Ghana,Fetentaa,Post-emergency,848,55,0,33,24,10,2,84
2019-12,Western Asia,Iraq,Arbat,Post-emergency,9180,4,104,100,4,4,88,1836
2019-12,Western Asia,Iraq,Basirma,Post-emergency,2440,5,89,100,4,5,100,813
2019-12,Western Asia,Iraq,Kawergosk,Post-emergency,7670,4,75,100,4,4,100,958
2019-12,Western Asia,Iraq,Qushtapa,Post-emergency,8217,5,79,100,4,4,100,913
2019-12,Sub-Saharan Africa,Kenya,Dagahaley,Post-emergency,77553,92,24,100,NA,7,77,1938
2019-12,Sub-Saharan Africa,Kenya,Hagadera,Post-emergency,81306,98,24,99,NA,5,87,2032
2019-12,Sub-Saharan Africa,Kenya,Ifo,Post-emergency,73847,64,28,95,NA,7,74,1846
2019-12,Sub-Saharan Africa,Malawi,Dzaleka,Post-emergency,44385,74,6,NA,14,8,37,155
2019-12,Sub-Saharan Africa,Niger,Abala,Post-emergency,15447,231,16,NA,70,24,NA,15447
2019-12,Sub-Saharan Africa,Niger,Dandaji Makao,Emergency,434,NA,69,NA,15,10,NA,NA
2019-12,Sub-Saharan Africa,Niger,Garin Kaka,Emergency,492,NA,81,NA,18,20,NA,NA
2019-12,Sub-Saharan Africa,Niger,Tabareybarey,Post-emergency,10721,202,15,NA,142,120,NA,10721
2019-12,Sub-Saharan Africa,Rwanda,Kiziba,Post-emergency,16928,50,21,100,94,34,NA,228
2019-12,Sub-Saharan Africa,Rwanda,Mahama,Post-emergency,61891,78,19,NA,17,17,NA,515
2019-12,Sub-Saharan Africa,Rwanda,Mugombwa,Post-emergency,10000,88,21,100,58,23,NA,833
2019-12,Sub-Saharan Africa,Rwanda,Nyabiheke,Post-emergency,14302,99,0,50,140,20,NA,103
2019-12,Sub-Saharan Africa,South Sudan,Ajoung Thok,Post-emergency,39238,77,24,4,NA,6,70,313
2019-12,Sub-Saharan Africa,South Sudan,Doro,Post-emergency,61032,94,19,99,NA,27,17,278
2019-12,Sub-Saharan Africa,South Sudan,Gendrassa,Post-emergency,17845,108,19,100,NA,21,21,278
2019-12,Sub-Saharan Africa,South Sudan,Kaya,Post-emergency,24031,69,22,91,NA,11,41,190
2019-12,Sub-Saharan Africa,South Sudan,Pamir,Post-emergency,32480,74,21,9,NA,9,43,477
2019-12,Sub-Saharan Africa,South Sudan,Yusuf Batil,Post-emergency,47228,91,18,89,NA,19,27,215
2019-12,Northern Africa,Sudan,Al Jameya,Post-emergency,6891,98,29,NA,NA,4,100,459
2019-12,Northern Africa,Sudan,Al Kashafa,Post-emergency,13009,3002,10,NA,NA,17,20,448
2019-12,Northern Africa,Sudan,Alagaya,Post-emergency,16798,76,10,NA,NA,65,NA,494
2019-12,Northern Africa,Sudan,Dabat Bosin,Post-emergency,3190,220,20,NA,NA,41,NA,531
2019-12,Northern Africa,Sudan,Gedarif,Emergency,NA,NA,NA,NA,NA,NA,NA,NA
2019-12,Northern Africa,Sudan,Jouri,Post-emergency,10919,151,11,NA,NA,19,20,454
2019-12,Northern Africa,Sudan,Khor Alwarel,Post-emergency,45431,171,9,NA,NA,67,NA,698
2019-12,Northern Africa,Sudan,Um Sangour,Post-emergency,23425,323,13,NA,NA,18,14,780
2019-12,Sub-Saharan Africa,Tanzania,Mtendeli,Post-emergency,31104,137,25,50,28,5,41,840
2019-12,Sub-Saharan Africa,Tanzania,Nduta,Post-emergency,73181,63,24,100,5,9,44,625
2019-12,Sub-Saharan Africa,Tanzania,Nyarugusu Burundian,Post-emergency,75761,127,20,100,NA,7,61,935
2019-12,Sub-Saharan Africa,Tanzania,Nyarugusu Congolese,Post-emergency,56130,105,28,100,NA,6,86,637
2019-12,Sub-Saharan Africa,Uganda,Nakivale,Post-emergency,116899,564,1,NA,10,6,82,444
2019-12,Sub-Saharan Africa,Uganda,Oruchinga,Post-emergency,8027,617,21,50,13,10,77,2675
2019-12,Sub-Saharan Africa,Zambia,Mantapala,Post-emergency,13948,52,24,0,5,5,69,290
2019-11,Northern Africa,Algeria,Auserd,Post-emergency,18638,61,15,100,4,5,94,642
2019-11,Northern Africa,Algeria,Boujdour,Post-emergency,9601,NA,22,100,4,5,94,331
2019-11,Northern Africa,Algeria,Dakhla,Post-emergency,10870,49,42,100,4,5,98,374
2019-11,Northern Africa,Algeria,Layounne,Post-emergency,25503,NA,12,0,5,5,88,1275
2019-11,Northern Africa,Algeria,Smara,Post-emergency,25389,98,20,75,5,5,87,1493
2019-11,Sub-Saharan Africa,Burkina Faso,Goudebo,Post-emergency,8795,105,14,97,41,26,17,2198
2019-11,Sub-Saharan Africa,Burkina Faso,Mentao,Post-emergency,NA,0,NA,NA,0,0,NA,0
2019-11,Sub-Saharan Africa,Cameroon,Borgop,Post-emergency,12306,NA,15,0,15,16,NA,307
2019-11,Sub-Saharan Africa,Cameroon,Gado,Post-emergency,26062,105,15,84,43,37,1,491
2019-11,Sub-Saharan Africa,Cameroon,Lolo,Post-emergency,13122,156,15,NA,18,17,1,423
2019-11,Sub-Saharan Africa,Cameroon,Mbile,Post-emergency,13200,NA,11,NA,17,14,1,471
2019-11,Sub-Saharan Africa,Cameroon,Minawao,Post-emergency,59977,1110,12,98,27,26,15,731
2019-11,Sub-Saharan Africa,Cameroon,Ngam,Post-emergency,6920,NA,16,0,20,13,NA,197
2019-11,Sub-Saharan Africa,Cameroon,Ngarisingo,Post-emergency,1232,NA,17,0,10,11,NA,410
2019-11,Sub-Saharan Africa,Cameroon,Timangolo,Post-emergency,7346,145,10,NA,9,9,34,367
2019-11,Sub-Saharan Africa,Chad,Amboko,Post-emergency,9830,NA,27,NA,5,5,75,1966
2019-11,Sub-Saharan Africa,Chad,Amnabak,Post-emergency,23837,322,12,100,12,13,31,4767
2019-11,Sub-Saharan Africa,Chad,Beakoro,Post-emergency,234,NA,51,NA,21,21,20,117
2019-11,Sub-Saharan Africa,Chad,Bekan,Post-emergency,3093,NA,11,NA,42,38,10,618
2019-11,Sub-Saharan Africa,Chad,Bekourou,Post-emergency,1236,NA,19,NA,17,17,21,247
2019-11,Sub-Saharan Africa,Chad,Belom,Post-emergency,21651,NA,31,NA,6,6,60,4330
2019-11,Sub-Saharan Africa,Chad,Bredjing,Post-emergency,47559,264,14,100,10,11,41,4755
2019-11,Sub-Saharan Africa,Chad,Dar Es Salam,Post-emergency,10721,NA,34,NA,17,17,19,2144
2019-11,Sub-Saharan Africa,Chad,Dembo,Post-emergency,2929,NA,16,NA,31,31,12,585
2019-11,Sub-Saharan Africa,Chad,Diba,Post-emergency,2680,NA,17,NA,9,9,28,536
2019-11,Sub-Saharan Africa,Chad,Dilingala,Post-emergency,2300,NA,15,NA,39,35,9,460
2019-11,Sub-Saharan Africa,Chad,Djabal,Post-emergency,23923,114,19,100,9,10,48,4784
2019-11,Sub-Saharan Africa,Chad,Doholo,Post-emergency,6058,NA,33,NA,5,5,69,1211
2019-11,Sub-Saharan Africa,Chad,Dosseye,Post-emergency,13895,NA,35,NA,5,5,82,2779
2019-11,Sub-Saharan Africa,Chad,Farchana,Post-emergency,NA,0,NA,NA,0,0,NA,0
2019-11,Sub-Saharan Africa,Chad,Gaga,Post-emergency,25392,605,14,100,7,7,59,4232
2019-11,Sub-Saharan Africa,Chad,Gon,Post-emergency,2490,NA,9,NA,69,59,5,498
2019-11,Sub-Saharan Africa,Chad,Gondje,Post-emergency,7992,NA,38,NA,6,6,71,1598
2019-11,Sub-Saharan Africa,Chad,Goz Amer,Post-emergency,36839,NA,17,NA,8,9,51,6139
2019-11,Sub-Saharan Africa,Chad,Iridimi,Post-emergency,20834,151,14,100,11,12,35,4166
2019-11,Sub-Saharan Africa,Chad,Kerfi,Post-emergency,1365,NA,39,NA,5,5,66,455
2019-11,Sub-Saharan Africa,Chad,Kounoungou,Post-emergency,19983,227,15,100,12,12,35,3996
2019-11,Sub-Saharan Africa,Chad,Mile,Post-emergency,21056,160,14,100,13,14,29,4211
2019-11,Sub-Saharan Africa,Chad,Moyo,Post-emergency,8560,NA,41,NA,5,6,69,1712
2019-11,Sub-Saharan Africa,Chad,Oure Cassoni,Post-emergency,31110,207,18,100,8,8,45,6222
2019-11,Sub-Saharan Africa,Chad,Silambi,Post-emergency,647,NA,37,NA,9,9,38,NA
2019-11,Sub-Saharan Africa,Chad,Touloum,Post-emergency,25831,166,15,100,13,14,32,5166
2019-11,Sub-Saharan Africa,Chad,Treguine,Post-emergency,25411,NA,13,NA,7,7,61,4235
2019-11,Sub-Saharan Africa,Chad,Vom,Post-emergency,1158,NA,20,NA,7,7,39,231
2019-11,Latin America and the Caribbean,Colombia,Maicao,Emergency,350,NA,17,NA,50,10,NA,NA
2019-11,Sub-Saharan Africa,Democratic Republic of the Congo,Bili,Post-emergency,9542,580,13,NA,16,10,62,2385
2019-11,Sub-Saharan Africa,Democratic Republic of the Congo,Biringi (Aru),Post-emergency,6760,NA,18,NA,13,11,21,845
2019-11,Sub-Saharan Africa,Democratic Republic of the Congo,Boyabu,Post-emergency,15960,NA,21,NA,34,22,14,3990
2019-11,Sub-Saharan Africa,Democratic Republic of the Congo,Inke,Post-emergency,NA,NA,NA,NA,0,0,NA,0
2019-11,Sub-Saharan Africa,Democratic Republic of the Congo,Kaka (Dungu),Post-emergency,1063,NA,37,100,10,10,22,354
2019-11,Sub-Saharan Africa,Democratic Republic of the Congo,Lusenda,Post-emergency,30145,125,16,100,34,16,27,1039
2019-11,Sub-Saharan Africa,Democratic Republic of the Congo,Meri (Aba),Post-emergency,24826,144,20,100,13,15,22,1909
2019-11,Sub-Saharan Africa,Democratic Republic of the Congo,Mole,Post-emergency,14951,467,22,100,34,22,14,3737
2019-11,Sub-Saharan Africa,Democratic Republic of the Congo,Mulongwe (Baraka),Post-emergency,8444,117,11,100,9,8,44,351
2019-11,Sub-Saharan Africa,Democratic Republic of the Congo,Nambili (Doruma),Post-emergency,5853,NA,18,NA,23,28,13,1951
2019-11,Sub-Saharan Africa,Djibouti,Ali Adde,Post-emergency,15941,74,16,100,56,10,35,NA
2019-11,Sub-Saharan Africa,Ethiopia,Adi Harush,Post-emergency,17596,113,14,100,29,11,58,977
2019-11,Sub-Saharan Africa,Ethiopia,Awbarre,Post-emergency,12002,138,20,7,NA,NA,NA,NA
2019-11,Sub-Saharan Africa,Ethiopia,Aysaita,Post-emergency,22673,168,17,100,57,27,51,4534
2019-11,Sub-Saharan Africa,Ethiopia,Bambasi,Post-emergency,17516,66,12,100,6,6,78,1167
2019-11,Sub-Saharan Africa,Ethiopia,Berhale,Post-emergency,19662,113,10,100,43,22,37,1512
2019-11,Sub-Saharan Africa,Ethiopia,Bokolmanyo,Post-emergency,24747,93,21,100,35,31,18,412
2019-11,Sub-Saharan Africa,Ethiopia,Buramino,Post-emergency,28512,100,17,100,49,30,19,1096
2019-11,Sub-Saharan Africa,Ethiopia,Dollo Ado Transit Centre,Emergency,342,NA,29,NA,42,17,NA,NA
2019-11,Sub-Saharan Africa,Ethiopia,Fugnido,Post-emergency,41127,70,19,NA,37,11,43,761
2019-11,Sub-Saharan Africa,Ethiopia,Fugnido 2,Post-emergency,8898,48,21,NA,17,11,40,444
2019-11,Sub-Saharan Africa,Ethiopia,Hilaweyn,Post-emergency,32225,96,23,100,14,34,16,1039
2019-11,Sub-Saharan Africa,Ethiopia,Jewi,Post-emergency,55465,122,14,NA,27,10,53,924
2019-11,Sub-Saharan Africa,Ethiopia,Kebribeyah,Post-emergency,14686,NA,4,NA,NA,NA,NA,NA
2019-11,Sub-Saharan Africa,Ethiopia,Kobe,Post-emergency,28557,100,31,100,33,18,20,475
2019-11,Sub-Saharan Africa,Ethiopia,Kule,Post-emergency,43434,134,18,NA,27,12,39,549
2019-11,Sub-Saharan Africa,Ethiopia,Mai Aini,Post-emergency,15800,98,14,100,23,9,63,1053
2019-11,Sub-Saharan Africa,Ethiopia,Melkadida,Post-emergency,31121,130,23,100,43,21,17,518
2019-11,Sub-Saharan Africa,Ethiopia,Nguenyyiel,Post-emergency,82326,137,10,NA,16,15,31,579
2019-11,Sub-Saharan Africa,Ethiopia,Okugo,Post-emergency,10774,88,20,NA,NA,17,19,489
2019-11,Sub-Saharan Africa,Ethiopia,Sheder,Post-emergency,11687,159,17,47,NA,13,39,2337
2019-11,Sub-Saharan Africa,Ethiopia,Sherkole,Post-emergency,11017,90,20,100,7,7,54,550
2019-11,Sub-Saharan Africa,Ethiopia,Shimelba,Post-emergency,7705,107,19,100,19,7,61,481
2019-11,Sub-Saharan Africa,Ethiopia,Tierkidi,Post-emergency,61923,198,9,NA,260,26,17,1125
2019-11,Sub-Saharan Africa,Ethiopia,Tongo,Post-emergency,12219,177,17,100,11,8,59,610
2019-11,Sub-Saharan Africa,Ethiopia,Tsore Camp (Assosa),Post-emergency,13076,96,21,100,7,6,74,653
2019-11,Sub-Saharan Africa,Ghana,Fetentaa,Post-emergency,848,55,20,33,24,10,2,84
2019-11,Western Asia,Iraq,Arbat,Post-emergency,9178,4,107,100,4,4,88,1835
2019-11,Western Asia,Iraq,Basirma,Post-emergency,2500,5,101,100,5,5,100,833
2019-11,Western Asia,Iraq,Kawergosk,Post-emergency,7668,4,85,100,4,4,100,958
2019-11,Western Asia,Iraq,Qushtapa,Post-emergency,8210,5,90,100,4,4,100,912
2019-11,Sub-Saharan Africa,Kenya,Dagahaley,Post-emergency,77542,92,24,100,NA,7,77,1938
2019-11,Sub-Saharan Africa,Kenya,Hagadera,Post-emergency,81534,98,24,97,NA,5,87,2038
2019-11,Sub-Saharan Africa,Kenya,Ifo,Post-emergency,73587,64,29,94,NA,7,74,1839
2019-11,Sub-Saharan Africa,Malawi,Dzaleka,Post-emergency,NA,74,NA,NA,0,0,NA,0
2019-11,Sub-Saharan Africa,Mozambique,Maratane,Post-emergency,9244,NA,8,NA,NA,5,68,NA
2019-11,Sub-Saharan Africa,Niger,Abala,Post-emergency,15447,231,16,NA,69,23,NA,15447
2019-11,Sub-Saharan Africa,Niger,Tabareybarey,Post-emergency,10690,202,15,NA,142,105,NA,10690
2019-11,Sub-Saharan Africa,Republic of Congo,Gamboma,Post-emergency,2044,557,18,100,11,12,28,340
2019-11,Sub-Saharan Africa,Rwanda,Gihembe,Post-emergency,12285,111,12,NA,NA,20,NA,NA
2019-11,Sub-Saharan Africa,Rwanda,Kiziba,Post-emergency,16867,50,21,100,93,34,NA,227
2019-11,Sub-Saharan Africa,Rwanda,Mahama,Post-emergency,61737,78,19,NA,17,17,NA,514
2019-11,Sub-Saharan Africa,Rwanda,Nyabiheke,Post-emergency,14261,101,0,50,139,20,NA,103
2019-11,Sub-Saharan Africa,South Sudan,Doro,Post-emergency,61032,94,16,100,NA,27,16,278
2019-11,Sub-Saharan Africa,South Sudan,Gendrassa,Post-emergency,17845,107,13,97,NA,21,21,278
2019-11,Sub-Saharan Africa,South Sudan,Kaya,Post-emergency,24031,69,13,92,NA,11,40,190
2019-11,Sub-Saharan Africa,South Sudan,Yusuf Batil,Post-emergency,47228,90,12,59,NA,19,26,215
2019-11,Northern Africa,Sudan,Al Jameya,Post-emergency,6902,99,21,100,NA,5,89,460
2019-11,Northern Africa,Sudan,Al Kashafa,Post-emergency,13009,155,9,100,NA,17,20,448
2019-11,Northern Africa,Sudan,Al Redis 1,Post-emergency,11399,126,13,93,NA,21,18,495
2019-11,Northern Africa,Sudan,Al Redis 2,Post-emergency,26065,107,10,100,NA,28,9,521
2019-11,Northern Africa,Sudan,Alagaya,Post-emergency,19478,87,11,93,NA,109,NA,541
2019-11,Northern Africa,Sudan,Dabat Bosin,Post-emergency,4814,148,20,100,NA,63,NA,802
2019-11,Northern Africa,Sudan,El Fardus,Post-emergency,5933,NA,0,NA,NA,NA,NA,NA
2019-11,Northern Africa,Sudan,Jouri,Post-emergency,10918,72,9,100,NA,19,20,454
2019-11,Northern Africa,Sudan,Khor Alwarel,Post-emergency,45423,171,9,100,NA,72,NA,698
2019-11,Northern Africa,Sudan,Um Sangour,Post-emergency,23308,241,11,100,NA,19,14,776
2019-11,Sub-Saharan Africa,Tanzania,Mtendeli,Post-emergency,31751,72,27,100,NA,6,41,858
2019-11,Sub-Saharan Africa,Tanzania,Nduta,Post-emergency,72911,64,24,100,5,9,44,623
2019-11,Sub-Saharan Africa,Tanzania,Nyarugusu Burundian,Post-emergency,75127,127,20,100,NA,7,62,916
2019-11,Sub-Saharan Africa,Tanzania,Nyarugusu Congolese,Post-emergency,55870,104,26,100,NA,6,79,634
2019-11,Sub-Saharan Africa,Uganda,Imvepi,Post-emergency,62711,159,22,0,4,4,69,586
2019-11,Sub-Saharan Africa,Uganda,Nakivale,Post-emergency,89207,564,18,98,11,5,77,339
2019-11,Sub-Saharan Africa,Uganda,Oruchinga,Post-emergency,8027,617,19,NA,13,10,72,2675
2019-11,Sub-Saharan Africa,Uganda,Rhino Camp,Post-emergency,113223,285,20,94,18,3,45,826
2019-10,Northern Africa,Algeria,Auserd,Post-emergency,18638,61,15,100,4,5,94,642
2019-10,Northern Africa,Algeria,Boujdour,Post-emergency,9601,NA,22,100,4,5,94,331
2019-10,Northern Africa,Algeria,Dakhla,Post-emergency,10870,49,43,100,4,5,98,374
2019-10,Northern Africa,Algeria,Layounne,Post-emergency,25503,NA,13,0,5,5,88,1275
2019-10,Northern Africa,Algeria,Smara,Post-emergency,25389,98,21,100,5,5,87,1493
2019-10,Sub-Saharan Africa,Angola,Lovua settlement,Post-emergency,8315,73,15,NA,NA,2,100,377
2019-10,Sub-Saharan Africa,Burkina Faso,Goudebo,Post-emergency,8788,0,14,96,31,17,25,NA
2019-10,Sub-Saharan Africa,Burkina Faso,Mentao,Post-emergency,6879,0,19,89,13,13,34,343
2019-10,Sub-Saharan Africa,Cameroon,Borgop,Post-emergency,12309,NA,14,0,15,15,NA,307
2019-10,Sub-Saharan Africa,Cameroon,Gado,Post-emergency,26062,105,15,98,43,37,1,491
2019-10,Sub-Saharan Africa,Cameroon,Lolo,Post-emergency,13272,159,16,100,17,17,1,428
2019-10,Sub-Saharan Africa,Cameroon,Mbile,Post-emergency,13707,NA,10,NA,18,15,1,489
2019-10,Sub-Saharan Africa,Cameroon,Ngam,Post-emergency,7179,NA,15,0,20,13,NA,205
2019-10,Sub-Saharan Africa,Cameroon,Ngarisingo,Post-emergency,1235,NA,17,0,10,11,NA,411
2019-10,Sub-Saharan Africa,Cameroon,Timangolo,Post-emergency,7346,145,10,NA,9,9,34,367
2019-10,Sub-Saharan Africa,Chad,Amboko,Post-emergency,9830,NA,27,NA,5,5,75,1966
2019-10,Sub-Saharan Africa,Chad,Amnabak,Post-emergency,23837,322,11,100,12,13,31,4767
2019-10,Sub-Saharan Africa,Chad,Beakoro,Post-emergency,234,NA,51,NA,21,21,20,117
2019-10,Sub-Saharan Africa,Chad,Bekan,Post-emergency,3093,NA,11,NA,42,38,10,618
2019-10,Sub-Saharan Africa,Chad,Bekourou,Post-emergency,1236,NA,19,NA,22,21,17,247
2019-10,Sub-Saharan Africa,Chad,Belom,Post-emergency,21651,NA,31,NA,6,6,60,4330
2019-10,Sub-Saharan Africa,Chad,Bredjing,Post-emergency,47559,264,14,100,10,11,40,4755
2019-10,Sub-Saharan Africa,Chad,Dar Es Salam,Post-emergency,10721,NA,34,NA,17,17,19,2144
2019-10,Sub-Saharan Africa,Chad,Dembo,Post-emergency,2929,NA,16,NA,31,31,12,585
2019-10,Sub-Saharan Africa,Chad,Diba,Post-emergency,2680,NA,17,NA,9,9,28,536
2019-10,Sub-Saharan Africa,Chad,Dilingala,Post-emergency,2300,NA,15,NA,39,35,9,460
2019-10,Sub-Saharan Africa,Chad,Djabal,Post-emergency,23923,114,19,100,9,10,48,4784
2019-10,Sub-Saharan Africa,Chad,Doholo,Post-emergency,6058,NA,31,NA,5,5,69,1211
2019-10,Sub-Saharan Africa,Chad,Dosseye,Post-emergency,13895,NA,35,NA,5,5,82,2779
2019-10,Sub-Saharan Africa,Chad,Farchana,Post-emergency,29561,379,14,100,7,8,58,4223
2019-10,Sub-Saharan Africa,Chad,Gaga,Post-emergency,25392,605,14,100,7,7,59,4232
2019-10,Sub-Saharan Africa,Chad,Gon,Post-emergency,2490,NA,9,NA,69,59,5,498
2019-10,Sub-Saharan Africa,Chad,Gondje,Post-emergency,7992,NA,38,NA,6,6,71,1598
2019-10,Sub-Saharan Africa,Chad,Goz Amer,Post-emergency,36839,NA,17,NA,8,9,51,6139
2019-10,Sub-Saharan Africa,Chad,Iridimi,Post-emergency,20834,151,14,100,11,12,35,4166
2019-10,Sub-Saharan Africa,Chad,Kerfi,Post-emergency,1365,NA,39,NA,5,5,66,455
2019-10,Sub-Saharan Africa,Chad,Kounoungou,Post-emergency,19983,227,15,100,12,12,35,3996
2019-10,Sub-Saharan Africa,Chad,Mile,Post-emergency,21056,160,14,100,14,14,28,4211
2019-10,Sub-Saharan Africa,Chad,Moyo,Post-emergency,8560,NA,41,NA,5,6,69,1712
2019-10,Sub-Saharan Africa,Chad,Oure Cassoni,Post-emergency,31110,207,18,100,8,8,45,6222
2019-10,Sub-Saharan Africa,Chad,Silambi,Post-emergency,647,NA,37,NA,9,9,38,NA
2019-10,Sub-Saharan Africa,Chad,Touloum,Post-emergency,25831,166,15,100,13,14,32,5166
2019-10,Sub-Saharan Africa,Chad,Treguine,Post-emergency,25411,NA,13,NA,7,7,61,4235
2019-10,Sub-Saharan Africa,Chad,Vom,Post-emergency,1158,NA,20,NA,7,7,39,231
2019-10,Latin America and the Caribbean,Colombia,Maicao,Emergency,350,NA,17,NA,50,10,NA,NA
2019-10,Sub-Saharan Africa,Democratic Republic of the Congo,Bili,Post-emergency,9542,754,11,NA,16,10,62,2385
2019-10,Sub-Saharan Africa,Democratic Republic of the Congo,Biringi (Aru),Post-emergency,6441,NA,24,100,15,12,31,805
2019-10,Sub-Saharan Africa,Democratic Republic of the Congo,Boyabu,Post-emergency,17234,NA,20,NA,33,26,14,4308
2019-10,Sub-Saharan Africa,Democratic Republic of the Congo,Inke,Post-emergency,18143,NA,15,NA,38,23,17,4535
2019-10,Sub-Saharan Africa,Democratic Republic of the Congo,Kaka (Dungu),Post-emergency,1063,NA,39,NA,10,10,20,354
2019-10,Sub-Saharan Africa,Democratic Republic of the Congo,Lusenda,Post-emergency,29154,97,20,NA,22,15,26,1005
2019-10,Sub-Saharan Africa,Democratic Republic of the Congo,Meri (Aba),Post-emergency,36150,207,14,100,20,21,15,2780
2019-10,Sub-Saharan Africa,Democratic Republic of the Congo,Mole,Post-emergency,14951,712,22,100,34,22,14,3737
2019-10,Sub-Saharan Africa,Democratic Republic of the Congo,Mulongwe (Baraka),Post-emergency,6662,82,21,NA,7,6,54,277
2019-10,Sub-Saharan Africa,Democratic Republic of the Congo,Nambili (Doruma),Post-emergency,5853,NA,18,NA,23,18,23,1951
2019-10,Sub-Saharan Africa,Djibouti,Ali Adde,Post-emergency,16005,74,17,100,57,11,35,NA
2019-10,Sub-Saharan Africa,Ethiopia,Adi Harush,Post-emergency,NA,0,NA,NA,0,0,NA,0
2019-10,Sub-Saharan Africa,Ethiopia,Aysaita,Post-emergency,16735,124,20,100,56,20,49,3347
2019-10,Sub-Saharan Africa,Ethiopia,Berhale,Post-emergency,13147,76,11,100,28,15,37,1011
2019-10,Sub-Saharan Africa,Ethiopia,Bokolmanyo,Post-emergency,24747,93,22,100,35,31,18,412
2019-10,Sub-Saharan Africa,Ethiopia,Buramino,Post-emergency,28512,82,19,100,49,30,19,1096
2019-10,Sub-Saharan Africa,Ethiopia,Dollo Ado Transit Centre,Emergency,859,NA,11,NA,107,42,NA,NA
2019-10,Sub-Saharan Africa,Ethiopia,Fugnido,Post-emergency,40731,69,20,100,37,11,43,754
2019-10,Sub-Saharan Africa,Ethiopia,Fugnido 2,Post-emergency,8816,48,22,100,17,11,40,440
2019-10,Sub-Saharan Africa,Ethiopia,Hilaweyn,Post-emergency,32225,96,21,100,14,34,16,1039
2019-10,Sub-Saharan Africa,Ethiopia,Jewi,Post-emergency,54603,120,15,100,27,10,54,910
2019-10,Sub-Saharan Africa,Ethiopia,Kobe,Post-emergency,28557,100,29,100,17,12,40,475
2019-10,Sub-Saharan Africa,Ethiopia,Kule,Post-emergency,42792,132,13,100,26,12,39,541
2019-10,Sub-Saharan Africa,Ethiopia,Mai Aini,Post-emergency,14629,91,14,100,22,8,63,914
2019-10,Sub-Saharan Africa,Ethiopia,Melkadida,Post-emergency,31121,129,21,100,25,16,28,518
2019-10,Sub-Saharan Africa,Ethiopia,Nguenyyiel,Post-emergency,81826,136,9,0,16,15,31,576
2019-10,Sub-Saharan Africa,Ethiopia,Okugo,Post-emergency,10638,87,20,100,NA,16,16,483
2019-10,Sub-Saharan Africa,Ethiopia,Sheder,Post-emergency,10893,NA,18,NA,NA,12,28,2178
2019-10,Sub-Saharan Africa,Ethiopia,Sherkole,Post-emergency,11017,90,19,100,7,7,58,550
2019-10,Sub-Saharan Africa,Ethiopia,Shimelba,Post-emergency,7809,100,18,100,21,7,61,650
2019-10,Sub-Saharan Africa,Ethiopia,Tierkidi,Post-emergency,60986,195,8,100,256,26,17,1108
2019-10,Sub-Saharan Africa,Ethiopia,Tongo,Post-emergency,12219,177,15,100,5,8,59,610
2019-10,Sub-Saharan Africa,Ethiopia,Tsore Camp (Assosa),Post-emergency,13076,96,21,100,7,6,74,653
2019-10,Sub-Saharan Africa,Ghana,Fetentaa,Post-emergency,848,55,20,33,24,9,2,84
2019-10,Western Asia,Iraq,Arbat,Post-emergency,9132,4,112,94,4,4,89,1826
2019-10,Western Asia,Iraq,Basirma,Post-emergency,2648,5,110,100,4,5,100,882
2019-10,Western Asia,Iraq,Kawergosk,Post-emergency,7655,4,115,100,4,4,100,956
2019-10,Western Asia,Iraq,Qushtapa,Post-emergency,8169,5,103,100,4,4,100,907
2019-10,Sub-Saharan Africa,Kenya,Dagahaley,Post-emergency,77542,92,26,99,NA,7,77,1938
2019-10,Sub-Saharan Africa,Kenya,Hagadera,Post-emergency,81534,98,28,100,NA,5,86,2038
2019-10,Sub-Saharan Africa,Kenya,Ifo,Post-emergency,73587,64,31,99,NA,7,74,1839
2019-10,Sub-Saharan Africa,Malawi,Dzaleka,Post-emergency,44178,74,6,NA,14,8,39,155
2019-10,Sub-Saharan Africa,Mozambique,Maratane,Post-emergency,9244,NA,16,NA,NA,9,34,NA
2019-10,Sub-Saharan Africa,Namibia,Osire,Post-emergency,5094,33,31,NA,NA,12,46,727
2019-10,Sub-Saharan Africa,Niger,Abala,Post-emergency,15072,225,15,NA,66,22,NA,15072
2019-10,Sub-Saharan Africa,Niger,Tabareybarey,Post-emergency,10706,202,14,NA,142,105,NA,10706
2019-10,Sub-Saharan Africa,Republic of Congo,Gamboma,Emergency,1629,NA,20,NA,19,19,NA,NA
2019-10,Sub-Saharan Africa,Rwanda,Gihembe,Post-emergency,12307,56,19,NA,128,19,NA,88
2019-10,Sub-Saharan Africa,Rwanda,Kiziba,Post-emergency,NA,0,NA,NA,0,0,NA,0
2019-10,Sub-Saharan Africa,Rwanda,Mahama,Post-emergency,61855,78,19,NA,17,17,NA,515
2019-10,Sub-Saharan Africa,Rwanda,Nyabiheke,Post-emergency,14300,97,16,50,125,21,NA,113
2019-10,Sub-Saharan Africa,South Sudan,Ajoung Thok,Post-emergency,38551,68,25,85,NA,7,67,308
2019-10,Sub-Saharan Africa,South Sudan,Doro,Post-emergency,59699,91,14,98,NA,27,16,272
2019-10,Sub-Saharan Africa,South Sudan,Gendrassa,Post-emergency,17455,113,14,94,NA,23,19,272
2019-10,Sub-Saharan Africa,South Sudan,Kaya,Post-emergency,22903,66,16,99,NA,11,38,181
2019-10,Sub-Saharan Africa,South Sudan,Pamir,Post-emergency,32072,79,18,76,NA,9,39,471
2019-10,Sub-Saharan Africa,South Sudan,Yusuf Batil,Post-emergency,44928,85,11,1,NA,19,26,205
2019-10,Northern Africa,Sudan,Abu Jubaiha Town,Post-emergency,2781,139,0,NA,NA,10,41,139
2019-10,Northern Africa,Sudan,Abunowara,Post-emergency,367,37,0,NA,NA,NA,NA,NA
2019-10,Northern Africa,Sudan,Al Amira,Post-emergency,NA,NA,NA,NA,NA,0,NA,NA
2019-10,Northern Africa,Sudan,Al Jameya,Post-emergency,6902,99,16,100,NA,5,89,460
2019-10,Northern Africa,Sudan,Al Kashafa,Post-emergency,13009,155,7,100,NA,17,20,448
2019-10,Northern Africa,Sudan,Al Redis 1,Post-emergency,11399,126,13,100,NA,21,18,495
2019-10,Northern Africa,Sudan,Al Redis 2,Post-emergency,26065,107,12,100,NA,28,9,521
2019-10,Northern Africa,Sudan,Alagaya,Post-emergency,19020,86,8,100,NA,106,NA,528
2019-10,Northern Africa,Sudan,Dabat Bosin,Post-emergency,4517,145,35,100,NA,59,NA,752
2019-10,Northern Africa,Sudan,Dar Batti,Post-emergency,13885,NA,1,NA,NA,17,23,156
2019-10,Northern Africa,Sudan,El Fardus,Post-emergency,5933,63,24,100,NA,6,51,131
2019-10,Northern Africa,Sudan,El Radom,Post-emergency,12833,1315,13,NA,NA,NA,NA,NA
2019-10,Northern Africa,Sudan,Gedied,Post-emergency,789,NA,0,NA,NA,7,38,71
2019-10,Northern Africa,Sudan,Gurayd,Post-emergency,1002,NA,0,NA,NA,9,39,100
2019-10,Northern Africa,Sudan,Jouri,Post-emergency,10918,72,8,100,NA,19,20,454
2019-10,Northern Africa,Sudan,Khor Alwarel,Post-emergency,45423,171,5,100,NA,74,NA,698
2019-10,Northern Africa,Sudan,Sirajiya,Post-emergency,5682,947,0,NA,NA,19,20,126
2019-10,Northern Africa,Sudan,Um Hashima,Post-emergency,672,67,0,NA,NA,NA,NA,48
2019-10,Northern Africa,Sudan,Um Sangour,Post-emergency,23418,242,12,100,NA,19,14,780
2019-10,Sub-Saharan Africa,Tanzania,Mtendeli,Post-emergency,31921,75,25,100,NA,6,41,862
2019-10,Sub-Saharan Africa,Tanzania,Nduta,Post-emergency,73271,63,26,100,5,9,45,626
2019-10,Sub-Saharan Africa,Tanzania,Nyarugusu Burundian,Post-emergency,75244,152,19,100,NA,7,60,917
2019-10,Sub-Saharan Africa,Tanzania,Nyarugusu Congolese,Post-emergency,55718,120,25,100,NA,6,75,633
2019-10,Sub-Saharan Africa,Uganda,Imvepi,Post-emergency,62711,159,18,NA,4,4,69,535
2019-10,Sub-Saharan Africa,Uganda,Nakivale,Post-emergency,89207,564,17,NA,11,5,77,352
2019-10,Sub-Saharan Africa,Uganda,Oruchinga,Post-emergency,7272,559,22,100,12,9,71,2424
2019-10,Sub-Saharan Africa,Uganda,Rhino Camp,Post-emergency,113223,285,22,92,18,7,44,791
2019-10,Sub-Saharan Africa,Zambia,Mantapala,Post-emergency,15157,125,22,NA,5,6,59,315
2019-10,Sub-Saharan Africa,Zimbabwe,Tongogara,Post-emergency,NA,NA,NA,NA,NA,0,NA,0
2019-09,Northern Africa,Algeria,Auserd,Post-emergency,18638,61,16,100,4,5,94,642
2019-09,Northern Africa,Algeria,Dakhla,Post-emergency,10870,49,42,100,4,5,98,374
2019-09,Northern Africa,Algeria,Smara,Post-emergency,25389,98,20,0,5,5,87,1493
2019-09,Sub-Saharan Africa,Cameroon,Borgop,Post-emergency,12309,NA,15,0,15,15,NA,307
2019-09,Sub-Saharan Africa,Cameroon,Gado,Post-emergency,25403,123,16,95,43,37,1,479
2019-09,Sub-Saharan Africa,Cameroon,Lolo,Post-emergency,13272,159,16,NA,17,16,1,428
2019-09,Sub-Saharan Africa,Cameroon,Mbile,Post-emergency,13707,NA,10,NA,18,15,1,489
2019-09,Sub-Saharan Africa,Cameroon,Minawao,Post-emergency,59632,1101,17,100,27,26,15,727
2019-09,Sub-Saharan Africa,Cameroon,Ngam,Post-emergency,7179,NA,15,0,20,13,NA,205
2019-09,Sub-Saharan Africa,Cameroon,Ngarisingo,Post-emergency,1233,NA,17,0,10,11,NA,411
2019-09,Sub-Saharan Africa,Cameroon,Timangolo,Post-emergency,7346,145,10,NA,8,9,35,367
2019-09,Sub-Saharan Africa,Chad,Amboko,Post-emergency,11134,NA,25,NA,6,6,68,1855
2019-09,Sub-Saharan Africa,Chad,Amnabak,Post-emergency,22929,310,12,100,12,12,31,4585
2019-09,Sub-Saharan Africa,Chad,Beakoro,Post-emergency,199,NA,60,NA,18,18,25,99
2019-09,Sub-Saharan Africa,Chad,Bekan,Post-emergency,3376,NA,10,NA,46,41,10,675
2019-09,Sub-Saharan Africa,Chad,Bekourou,Post-emergency,1444,NA,16,NA,26,24,16,288
2019-09,Sub-Saharan Africa,Chad,Belom,Post-emergency,23157,NA,29,NA,6,7,61,4631
2019-09,Sub-Saharan Africa,Chad,Bredjing,Post-emergency,48439,269,14,100,10,11,41,4843
2019-09,Sub-Saharan Africa,Chad,Dar Es Salam,Post-emergency,12287,NA,30,NA,21,21,15,2457
2019-09,Sub-Saharan Africa,Chad,Dembo,Post-emergency,3163,NA,15,NA,33,33,11,632
2019-09,Sub-Saharan Africa,Chad,Diba,Post-emergency,3735,NA,12,NA,12,12,20,747
2019-09,Sub-Saharan Africa,Chad,Dilingala,Post-emergency,2311,NA,15,NA,39,35,10,462
2019-09,Sub-Saharan Africa,Chad,Djabal,Post-emergency,23407,111,20,100,9,10,47,4681
2019-09,Sub-Saharan Africa,Chad,Doholo,Post-emergency,6822,NA,28,NA,5,6,59,1364
2019-09,Sub-Saharan Africa,Chad,Dosseye,Post-emergency,16262,NA,30,NA,5,6,67,3252
2019-09,Sub-Saharan Africa,Chad,Farchana,Post-emergency,30088,386,13,100,7,8,57,4298
2019-09,Sub-Saharan Africa,Chad,Gaga,Post-emergency,26206,624,14,100,7,8,58,4367
2019-09,Sub-Saharan Africa,Chad,Gon,Post-emergency,1875,NA,12,NA,72,59,5,375
2019-09,Sub-Saharan Africa,Chad,Gondje,Post-emergency,9199,NA,33,NA,7,7,61,1839
2019-09,Sub-Saharan Africa,Chad,Kounoungou,Post-emergency,19473,221,15,100,11,12,35,3894
2019-09,Sub-Saharan Africa,Chad,Mile,Post-emergency,20768,157,14,100,14,14,28,4153
2019-09,Sub-Saharan Africa,Chad,Moyo,Post-emergency,8428,NA,42,NA,5,6,69,1685
2019-09,Sub-Saharan Africa,Chad,Oure Cassoni,Post-emergency,30449,203,18,100,8,8,46,6089
2019-09,Sub-Saharan Africa,Chad,Silambi,Post-emergency,902,NA,26,NA,13,13,28,NA
2019-09,Sub-Saharan Africa,Chad,Touloum,Post-emergency,25515,164,15,100,13,13,32,5103
2019-09,Sub-Saharan Africa,Chad,Treguine,Post-emergency,25539,NA,13,NA,7,7,62,4256
2019-09,Sub-Saharan Africa,Chad,Vom,Post-emergency,1257,NA,19,NA,8,8,37,251
2019-09,Latin America and the Caribbean,Colombia,Maicao,Emergency,350,NA,17,NA,50,10,NA,NA
2019-09,Sub-Saharan Africa,Democratic Republic of the Congo,Bili,Post-emergency,9542,NA,7,NA,16,10,62,2385
2019-09,Sub-Saharan Africa,Democratic Republic of the Congo,Biringi (Aru),Post-emergency,10271,NA,12,100,24,18,20,1283
2019-09,Sub-Saharan Africa,Democratic Republic of the Congo,Boyabu,Post-emergency,17500,NA,20,100,36,28,13,4375
2019-09,Sub-Saharan Africa,Democratic Republic of the Congo,Inke,Post-emergency,18029,NA,17,NA,43,28,14,4507
2019-09,Sub-Saharan Africa,Democratic Republic of the Congo,Kaka (Dungu),Post-emergency,1893,NA,21,100,17,18,12,631
2019-09,Sub-Saharan Africa,Democratic Republic of the Congo,Lusenda,Post-emergency,29154,93,20,NA,22,15,26,1005
2019-09,Sub-Saharan Africa,Democratic Republic of the Congo,Meri (Aba),Post-emergency,NA,NA,NA,NA,0,0,NA,0
2019-09,Sub-Saharan Africa,Democratic Republic of the Congo,Mole,Post-emergency,NA,NA,NA,NA,0,0,NA,0
2019-09,Sub-Saharan Africa,Democratic Republic of the Congo,Mulongwe (Baraka),Post-emergency,NA,82,NA,NA,0,0,NA,0
2019-09,Sub-Saharan Africa,Democratic Republic of the Congo,Nambili (Doruma),Post-emergency,5853,NA,18,NA,23,18,23,1951
2019-09,Sub-Saharan Africa,Djibouti,Ali Adde,Post-emergency,15927,74,10,100,56,11,35,NA
2019-09,Sub-Saharan Africa,Ethiopia,Adi Harush,Post-emergency,17805,114,11,100,37,11,56,989
2019-09,Sub-Saharan Africa,Ethiopia,Aysaita,Post-emergency,16735,110,20,100,45,21,48,3347
2019-09,Sub-Saharan Africa,Ethiopia,Bambasi,Post-emergency,17516,66,15,100,6,5,82,1167
2019-09,Sub-Saharan Africa,Ethiopia,Berhale,Post-emergency,13147,76,12,100,28,15,37,1011
2019-09,Sub-Saharan Africa,Ethiopia,Bokolmanyo,Post-emergency,42981,139,16,100,61,54,8,716
2019-09,Sub-Saharan Africa,Ethiopia,Buramino,Post-emergency,42271,116,13,100,73,44,11,1625
2019-09,Sub-Saharan Africa,Ethiopia,Dollo Ado Transit Centre,Emergency,907,NA,11,NA,113,45,NA,NA
2019-09,Sub-Saharan Africa,Ethiopia,Fugnido,Post-emergency,40595,69,19,100,37,11,43,751
2019-09,Sub-Saharan Africa,Ethiopia,Fugnido 2,Post-emergency,8807,48,20,100,17,11,41,440
2019-09,Sub-Saharan Africa,Ethiopia,Hilaweyn,Post-emergency,51807,148,13,100,24,54,10,1671
2019-09,Sub-Saharan Africa,Ethiopia,Jewi,Post-emergency,54445,119,16,100,26,10,54,907
2019-09,Sub-Saharan Africa,Ethiopia,Kobe,Post-emergency,48275,163,19,0,28,21,19,804
2019-09,Sub-Saharan Africa,Ethiopia,Kule,Post-emergency,42774,132,13,100,26,12,39,541
2019-09,Sub-Saharan Africa,Ethiopia,Mai Aini,Post-emergency,14275,89,14,100,22,8,64,892
2019-09,Sub-Saharan Africa,Ethiopia,Melkadida,Post-emergency,34784,122,22,100,28,17,22,579
2019-09,Sub-Saharan Africa,Ethiopia,Nguenyyiel,Post-emergency,81872,136,10,100,16,15,30,576
2019-09,Sub-Saharan Africa,Ethiopia,Okugo,Post-emergency,10465,86,21,100,NA,17,19,475
2019-09,Sub-Saharan Africa,Ethiopia,Sherkole,Post-emergency,11017,90,18,100,7,7,58,550
2019-09,Sub-Saharan Africa,Ethiopia,Shimelba,Post-emergency,7026,90,15,100,19,6,60,439
2019-09,Sub-Saharan Africa,Ethiopia,Tierkidi,Post-emergency,60785,195,9,100,255,16,29,1105
2019-09,Sub-Saharan Africa,Ethiopia,Tongo,Post-emergency,12219,177,17,100,5,8,59,610
2019-09,Sub-Saharan Africa,Ethiopia,Tsore Camp (Assosa),Post-emergency,13076,96,19,100,7,6,74,653
2019-09,Sub-Saharan Africa,Ghana,Fetentaa,Post-emergency,848,55,20,33,24,9,2,84
2019-09,Western Asia,Iraq,Arbat,Post-emergency,9155,4,132,100,4,4,88,1831
2019-09,Western Asia,Iraq,Basirma,Post-emergency,2645,5,121,100,4,5,100,881
2019-09,Western Asia,Iraq,Kawergosk,Post-emergency,7605,4,115,100,4,4,100,950
2019-09,Western Asia,Iraq,Qushtapa,Post-emergency,8111,5,109,100,4,4,100,1013
2019-09,Western Asia,Jordan,Za'atri,Post-emergency,78000,4,58,100,5,3,100,2600
2019-09,Sub-Saharan Africa,Kenya,Dagahaley,Post-emergency,77271,92,28,100,NA,7,77,1931
2019-09,Sub-Saharan Africa,Kenya,Hagadera,Post-emergency,80506,97,26,100,NA,5,86,2012
2019-09,Sub-Saharan Africa,Kenya,Ifo,Post-emergency,73007,64,31,100,NA,7,74,1825
2019-09,Sub-Saharan Africa,Malawi,Dzaleka,Post-emergency,43414,72,6,NA,14,8,39,152
2019-09,Sub-Saharan Africa,Namibia,Osire,Post-emergency,4870,32,33,NA,NA,12,NA,NA
2019-09,Sub-Saharan Africa,Niger,Abala,Post-emergency,15339,229,13,NA,66,22,NA,15339
2019-09,Sub-Saharan Africa,Niger,Tabareybarey,Post-emergency,10706,202,15,NA,142,105,NA,10706
2019-09,Sub-Saharan Africa,Republic of Congo,Gamboma,Emergency,1595,NA,21,NA,18,18,NA,NA
2019-09,Sub-Saharan Africa,Rwanda,Gihembe,Post-emergency,12391,56,19,NA,129,20,NA,89
2019-09,Sub-Saharan Africa,Rwanda,Kiziba,Post-emergency,16950,50,21,100,94,34,NA,229
2019-09,Sub-Saharan Africa,Rwanda,Mahama,Post-emergency,61291,77,19,NA,17,17,NA,510
2019-09,Sub-Saharan Africa,Rwanda,Nyabiheke,Post-emergency,14289,97,16,50,125,20,NA,113
2019-09,Northern Africa,Sudan,Al Jameya,Post-emergency,6891,98,21,100,NA,5,89,459
2019-09,Northern Africa,Sudan,Al Kashafa,Post-emergency,13009,155,9,100,NA,17,20,448
2019-09,Northern Africa,Sudan,Al Redis 1,Post-emergency,11397,109,17,100,NA,21,18,495
2019-09,Northern Africa,Sudan,Al Redis 2,Post-emergency,26065,107,15,100,NA,28,9,521
2019-09,Northern Africa,Sudan,Alagaya,Post-emergency,18189,82,10,100,NA,102,NA,505
2019-09,Northern Africa,Sudan,Dabat Bosin,Post-emergency,4161,157,22,100,NA,55,NA,693
2019-09,Northern Africa,Sudan,El Fardus,Post-emergency,5933,63,21,100,NA,6,51,131
2019-09,Northern Africa,Sudan,Gedarif,Post-emergency,NA,NA,NA,NA,NA,NA,NA,NA
2019-09,Northern Africa,Sudan,Jouri,Post-emergency,10919,72,11,100,NA,19,20,454
2019-09,Northern Africa,Sudan,Khor Alwarel,Post-emergency,45432,171,9,100,NA,74,NA,698
2019-09,Northern Africa,Sudan,Um Sangour,Post-emergency,23452,243,13,100,NA,19,14,781
2019-09,Sub-Saharan Africa,Tanzania,Mtendeli,Post-emergency,34110,76,26,100,NA,6,41,921
2019-09,Sub-Saharan Africa,Tanzania,Nduta,Post-emergency,84691,73,23,100,6,10,44,723
2019-09,Sub-Saharan Africa,Tanzania,Nyarugusu Burundian,Post-emergency,84028,61,19,100,NA,8,54,988
2019-09,Sub-Saharan Africa,Tanzania,Nyarugusu Congolese,Post-emergency,58077,40,26,100,NA,6,74,675
2019-09,Sub-Saharan Africa,Uganda,Imvepi,Post-emergency,61017,154,24,50,4,4,72,581
2019-09,Sub-Saharan Africa,Uganda,Kyangwali,Post-emergency,113826,NA,10,100,NA,5,50,NA
2019-09,Sub-Saharan Africa,Uganda,Nakivale,Post-emergency,89207,582,18,30,17,5,73,352
2019-09,Sub-Saharan Africa,Uganda,Oruchinga,Post-emergency,8027,617,21,100,12,10,46,308
2019-09,Sub-Saharan Africa,Uganda,Rhino Camp,Post-emergency,111221,278,25,NA,17,7,43,777
2019-09,Sub-Saharan Africa,Uganda,Rwamwanja,Post-emergency,69372,985,12,8,226,6,60,381
2019-09,Sub-Saharan Africa,Zambia,Mantapala,Post-emergency,14855,125,22,50,5,6,56,297
2019-09,Sub-Saharan Africa,Zimbabwe,Tongogara,Post-emergency,13734,NA,6,NA,NA,9,NA,1373
2019-08,Northern Africa,Algeria,Auserd,Post-emergency,18638,61,7,100,4,5,94,642
2019-08,Northern Africa,Algeria,Boujdour,Post-emergency,9601,NA,25,100,4,5,94,331
2019-08,Northern Africa,Algeria,Dakhla,Post-emergency,10870,49,42,100,4,5,98,374
2019-08,Northern Africa,Algeria,Layounne,Post-emergency,25503,NA,13,100,5,5,88,1275
2019-08,Northern Africa,Algeria,Smara,Post-emergency,25389,98,19,100,5,5,87,1493
2019-08,Sub-Saharan Africa,Angola,Lovua settlement,Post-emergency,20287,91,12,NA,NA,5,82,922
2019-08,Sub-Saharan Africa,Cameroon,Borgop,Post-emergency,12370,NA,15,0,16,16,NA,309
2019-08,Sub-Saharan Africa,Cameroon,Gado,Post-emergency,25403,123,15,95,43,37,1,479
2019-08,Sub-Saharan Africa,Cameroon,Lolo,Post-emergency,13272,159,16,NA,17,16,1,428
2019-08,Sub-Saharan Africa,Cameroon,Mbile,Post-emergency,13707,NA,10,NA,18,15,1,489
2019-08,Sub-Saharan Africa,Cameroon,Minawao,Post-emergency,59401,1094,14,5,27,26,15,724
2019-08,Sub-Saharan Africa,Cameroon,Ngam,Post-emergency,7222,NA,13,0,20,14,NA,206
2019-08,Sub-Saharan Africa,Cameroon,Ngarisingo,Post-emergency,1233,NA,17,0,10,10,NA,411
2019-08,Sub-Saharan Africa,Cameroon,Timangolo,Post-emergency,7346,145,10,NA,8,9,36,367
2019-08,Sub-Saharan Africa,Chad,Amboko,Post-emergency,11134,NA,25,83,6,6,68,1855
2019-08,Sub-Saharan Africa,Chad,Amnabak,Post-emergency,22929,310,12,100,12,12,23,4585
2019-08,Sub-Saharan Africa,Chad,Beakoro,Post-emergency,199,NA,10,NA,18,18,25,99
2019-08,Sub-Saharan Africa,Chad,Bekan,Post-emergency,3376,NA,10,NA,46,41,10,675
2019-08,Sub-Saharan Africa,Chad,Bekourou,Post-emergency,1444,NA,16,NA,26,24,16,288
2019-08,Sub-Saharan Africa,Chad,Belom,Post-emergency,23157,NA,29,100,6,7,61,4631
2019-08,Sub-Saharan Africa,Chad,Bredjing,Post-emergency,48439,269,14,100,10,11,41,4843
2019-08,Sub-Saharan Africa,Chad,Dar Es Salam,Post-emergency,12287,NA,30,100,20,21,15,2457
2019-08,Sub-Saharan Africa,Chad,Dembo,Post-emergency,3163,NA,15,NA,33,33,11,632
2019-08,Sub-Saharan Africa,Chad,Diba,Post-emergency,3735,NA,12,NA,12,12,20,747
2019-08,Sub-Saharan Africa,Chad,Dilingala,Post-emergency,2311,NA,15,NA,39,35,10,462
2019-08,Sub-Saharan Africa,Chad,Djabal,Post-emergency,23407,111,20,83,9,10,47,4681
2019-08,Sub-Saharan Africa,Chad,Doholo,Post-emergency,6822,NA,28,82,5,6,59,1364
2019-08,Sub-Saharan Africa,Chad,Dosseye,Post-emergency,16262,NA,30,88,5,6,67,3252
2019-08,Sub-Saharan Africa,Chad,Farchana,Post-emergency,30088,386,13,100,7,8,57,4298
2019-08,Sub-Saharan Africa,Chad,Gaga,Post-emergency,26206,624,14,100,7,8,58,4367
2019-08,Sub-Saharan Africa,Chad,Gon,Post-emergency,1875,NA,12,NA,72,59,5,375
2019-08,Sub-Saharan Africa,Chad,Gondje,Post-emergency,9199,NA,33,100,7,7,61,1839
2019-08,Sub-Saharan Africa,Chad,Goz Amer,Post-emergency,35866,NA,18,85,8,9,51,5977
2019-08,Sub-Saharan Africa,Chad,Iridimi,Post-emergency,20503,149,14,100,11,11,35,4100
2019-08,Sub-Saharan Africa,Chad,Kerfi,Post-emergency,1335,NA,40,100,5,5,67,445
2019-08,Sub-Saharan Africa,Chad,Kounoungou,Post-emergency,19473,221,15,100,11,12,35,3894
2019-08,Sub-Saharan Africa,Chad,Mile,Post-emergency,20768,157,14,100,14,14,28,4153
2019-08,Sub-Saharan Africa,Chad,Moyo,Post-emergency,8428,NA,42,100,5,6,69,1685
2019-08,Sub-Saharan Africa,Chad,Oure Cassoni,Post-emergency,30449,203,18,100,8,8,46,6089
2019-08,Sub-Saharan Africa,Chad,Silambi,Post-emergency,902,NA,0,NA,13,13,28,NA
2019-08,Sub-Saharan Africa,Chad,Touloum,Post-emergency,25515,164,15,100,13,13,32,5103
2019-08,Sub-Saharan Africa,Chad,Treguine,Post-emergency,25539,NA,13,89,7,7,62,4256
2019-08,Sub-Saharan Africa,Chad,Vom,Post-emergency,1257,NA,19,NA,8,8,37,251
2019-08,Latin America and the Caribbean,Colombia,Maicao,Emergency,350,NA,17,NA,50,12,NA,NA
2019-08,Sub-Saharan Africa,Democratic Republic of the Congo,Bili,Post-emergency,NA,0,NA,NA,0,0,NA,0
2019-08,Sub-Saharan Africa,Democratic Republic of the Congo,Biringi (Aru),Post-emergency,10271,NA,12,100,24,18,20,1283
2019-08,Sub-Saharan Africa,Democratic Republic of the Congo,Boyabu,Post-emergency,17234,NA,20,NA,35,29,13,4308
2019-08,Sub-Saharan Africa,Democratic Republic of the Congo,Inke,Post-emergency,18143,NA,17,NA,44,27,14,4535
2019-08,Sub-Saharan Africa,Democratic Republic of the Congo,Kaka (Dungu),Post-emergency,1893,NA,21,100,17,18,12,631
2019-08,Sub-Saharan Africa,Democratic Republic of the Congo,Lusenda,Post-emergency,29154,97,20,NA,22,15,26,1005
2019-08,Sub-Saharan Africa,Democratic Republic of the Congo,Meri (Aba),Post-emergency,35721,NA,13,NA,19,20,16,2747
2019-08,Sub-Saharan Africa,Democratic Republic of the Congo,Mole,Post-emergency,14951,NA,14,100,34,23,14,3737
2019-08,Sub-Saharan Africa,Democratic Republic of the Congo,Mulongwe (Baraka),Post-emergency,6662,82,21,NA,7,6,52,475
2019-08,Sub-Saharan Africa,Democratic Republic of the Congo,Nambili (Doruma),Post-emergency,5853,NA,18,NA,23,18,23,1951
2019-08,Sub-Saharan Africa,Djibouti,Ali Adde,Post-emergency,15743,73,10,100,56,10,35,NA
2019-08,Sub-Saharan Africa,Ethiopia,Adi Harush,Post-emergency,15279,80,15,100,31,10,56,1175
2019-08,Sub-Saharan Africa,Ethiopia,Aysaita,Post-emergency,21392,158,16,100,71,28,45,4278
2019-08,Sub-Saharan Africa,Ethiopia,Bambasi,Post-emergency,17041,50,14,100,6,5,83,1136
2019-08,Sub-Saharan Africa,Ethiopia,Berhale,Post-emergency,19143,110,12,100,41,23,37,1472
2019-08,Sub-Saharan Africa,Ethiopia,Bokolmanyo,Post-emergency,42981,130,16,100,43,39,12,716
2019-08,Sub-Saharan Africa,Ethiopia,Buramino,Post-emergency,42271,116,15,100,73,43,11,1625
2019-08,Sub-Saharan Africa,Ethiopia,Dollo Ado Transit Centre,Emergency,548,91,18,100,68,27,NA,548
2019-08,Sub-Saharan Africa,Ethiopia,Fugnido,Post-emergency,40418,69,20,100,37,11,43,748
2019-08,Sub-Saharan Africa,Ethiopia,Fugnido 2,Post-emergency,8715,47,20,100,17,11,41,435
2019-08,Sub-Saharan Africa,Ethiopia,Hilaweyn,Post-emergency,51807,148,17,100,24,50,10,1671
2019-08,Sub-Saharan Africa,Ethiopia,Jewi,Post-emergency,53982,118,17,100,26,9,54,899
2019-08,Sub-Saharan Africa,Ethiopia,Kebribeyah,Post-emergency,14532,67,14,NA,NA,15,49,NA
2019-08,Sub-Saharan Africa,Ethiopia,Kobe,Post-emergency,48275,163,20,100,28,20,19,804
2019-08,Sub-Saharan Africa,Ethiopia,Kule,Post-emergency,42785,132,16,100,85,12,39,541
2019-08,Sub-Saharan Africa,Ethiopia,Mai Aini,Post-emergency,15742,98,12,100,25,9,64,874
2019-08,Sub-Saharan Africa,Ethiopia,Melkadida,Post-emergency,34784,141,21,100,28,18,22,579
2019-08,Sub-Saharan Africa,Ethiopia,Nguenyyiel,Post-emergency,NA,0,NA,NA,0,0,NA,0
2019-08,Sub-Saharan Africa,Ethiopia,Okugo,Post-emergency,10159,83,21,100,NA,16,19,461
2019-08,Sub-Saharan Africa,Ethiopia,Sherkole,Post-emergency,10109,84,23,100,7,6,66,505
2019-08,Sub-Saharan Africa,Ethiopia,Shimelba,Post-emergency,7421,95,20,100,20,7,60,463
2019-08,Sub-Saharan Africa,Ethiopia,Tierkidi,Post-emergency,59113,189,12,100,248,15,29,1074
2019-08,Sub-Saharan Africa,Ethiopia,Tongo,Post-emergency,10074,161,19,100,4,7,65,503
2019-08,Sub-Saharan Africa,Ethiopia,Tsore Camp (Assosa),Post-emergency,12186,91,21,100,6,6,75,609
2019-08,Sub-Saharan Africa,Ghana,Fetentaa,Post-emergency,848,55,20,33,24,9,2,84
2019-08,Western Asia,Iraq,Arbat,Post-emergency,9088,4,128,100,4,4,88,1817
2019-08,Western Asia,Iraq,Basirma,Post-emergency,2575,5,127,100,4,5,100,858
2019-08,Western Asia,Iraq,Kawergosk,Post-emergency,7575,4,97,100,4,4,100,946
2019-08,Western Asia,Iraq,Qushtapa,Post-emergency,8071,5,94,100,4,4,100,896
2019-08,Western Asia,Jordan,Azraq,Post-emergency,35728,119,62,100,82,11,NA,NA
2019-08,Sub-Saharan Africa,Kenya,Dagahaley,Post-emergency,NA,0,NA,NA,NA,0,NA,0
2019-08,Sub-Saharan Africa,Kenya,Hagadera,Post-emergency,79645,96,26,100,NA,5,87,1991
2019-08,Sub-Saharan Africa,Kenya,Ifo,Post-emergency,72227,63,30,99,NA,7,74,1805
2019-08,Sub-Saharan Africa,Malawi,Dzaleka,Post-emergency,42161,70,6,NA,13,8,41,147
2019-08,Sub-Saharan Africa,Niger,Abala,Post-emergency,15290,228,13,NA,66,22,NA,15290
2019-08,Sub-Saharan Africa,Niger,Tabareybarey,Post-emergency,10648,201,16,NA,141,104,NA,10648
2019-08,Sub-Saharan Africa,Republic of Congo,Gamboma,Emergency,1588,NA,17,NA,24,24,NA,NA
2019-08,Sub-Saharan Africa,South Sudan,Ajoung Thok,Post-emergency,39154,70,22,81,NA,7,64,315
2019-08,Sub-Saharan Africa,South Sudan,Pamir,Post-emergency,33865,84,16,79,NA,10,33,498
2019-08,Sub-Saharan Africa,South Sudan,Yusuf Batil,Post-emergency,45906,89,26,100,NA,13,37,498
2019-08,Northern Africa,Sudan,Abu Jubaiha Town,Post-emergency,2781,NA,0,NA,NA,NA,NA,NA
2019-08,Northern Africa,Sudan,Abunowara,Post-emergency,367,37,0,NA,NA,NA,NA,NA
2019-08,Northern Africa,Sudan,Al Amira,Post-emergency,NA,NA,NA,NA,NA,0,NA,NA
2019-08,Northern Africa,Sudan,Al Jameya,Post-emergency,6892,98,24,79,NA,5,89,459
2019-08,Northern Africa,Sudan,Al Kashafa,Post-emergency,13009,164,12,79,NA,17,20,448
2019-08,Northern Africa,Sudan,Al Redis 1,Post-emergency,11397,126,14,96,NA,21,18,495
2019-08,Northern Africa,Sudan,Al Redis 2,Post-emergency,26065,107,13,96,NA,24,9,521
2019-08,Northern Africa,Sudan,Alagaya,Post-emergency,16798,76,12,100,NA,82,NA,466
2019-08,Northern Africa,Sudan,Dabat Bosin,Post-emergency,3190,132,25,100,NA,42,NA,531
2019-08,Northern Africa,Sudan,Dar Batti,Post-emergency,13885,NA,0,NA,NA,NA,NA,156
2019-08,Northern Africa,Sudan,"Elleri West7 (Dar Batti, El Gokhop and Um Kawarow)",Post-emergency,423,NA,23,NA,NA,NA,NA,NA
2019-08,Northern Africa,Sudan,Gedied,Post-emergency,1162,NA,0,NA,NA,10,38,105
2019-08,Northern Africa,Sudan,Gurayd,Post-emergency,1377,NA,0,NA,NA,12,39,137
2019-08,Northern Africa,Sudan,Jouri,Post-emergency,10919,70,15,92,NA,17,20,454
2019-08,Northern Africa,Sudan,Khor Alwarel,Post-emergency,45431,171,8,100,NA,74,NA,698
2019-08,Northern Africa,Sudan,Mukjar,Post-emergency,NA,NA,NA,NA,NA,NA,NA,NA
2019-08,Northern Africa,Sudan,Sirajiya,Post-emergency,5682,NA,0,NA,NA,NA,NA,NA
2019-08,Sub-Saharan Africa,Tanzania,Mtendeli,Post-emergency,33813,76,25,100,NA,6,41,913
2019-08,Sub-Saharan Africa,Tanzania,Nduta,Post-emergency,84854,74,23,100,6,10,44,725
2019-08,Sub-Saharan Africa,Tanzania,Nyarugusu Burundian,Post-emergency,85059,76,20,100,NA,8,52,989
2019-08,Sub-Saharan Africa,Tanzania,Nyarugusu Congolese,Post-emergency,59586,46,24,100,NA,6,79,677
2019-08,Sub-Saharan Africa,Uganda,Adjumani,Post-emergency,204557,NA,15,79,NA,8,73,1162
2019-08,Sub-Saharan Africa,Uganda,Imvepi,Post-emergency,61017,154,5,70,4,4,71,535
2019-08,Sub-Saharan Africa,Uganda,Kyaka II,Emergency,103000,NA,8,NA,15,8,NA,NA
2019-08,Sub-Saharan Africa,Uganda,Nakivale,Post-emergency,86293,564,18,NA,17,5,76,341
2019-08,Sub-Saharan Africa,Uganda,Oruchinga,Post-emergency,8027,617,21,100,12,10,76,891
2019-08,Sub-Saharan Africa,Uganda,Rhino Camp,Post-emergency,110345,273,26,88,16,7,43,817
2019-08,Sub-Saharan Africa,Zambia,Mantapala,Post-emergency,14950,125,22,NA,5,6,56,299
2019-07,Northern Africa,Algeria,Auserd,Post-emergency,18638,61,16,100,4,5,94,642
2019-07,Northern Africa,Algeria,Boujdour,Post-emergency,9601,NA,23,100,4,5,94,331
2019-07,Northern Africa,Algeria,Dakhla,Post-emergency,10870,49,35,NA,4,5,98,374
2019-07,Northern Africa,Algeria,Layounne,Post-emergency,25503,NA,13,100,5,5,88,1275
2019-07,Northern Africa,Algeria,Smara,Post-emergency,25389,98,20,100,5,5,87,1493
2019-07,Southern Asia,Bangladesh,Kutupalong,Post-emergency,17470,30,25,50,44,18,100,NA
2019-07,Southern Asia,Bangladesh,Nayapara,Post-emergency,26000,52,27,35,65,33,NA,1625
2019-07,Sub-Saharan Africa,Burundi,Bwagiriza,Post-emergency,9875,104,20,NA,5,6,28,NA
2019-07,Sub-Saharan Africa,Burundi,Gasorgwe,Post-emergency,7912,377,20,NA,29,15,NA,NA
2019-07,Sub-Saharan Africa,Burundi,Kavumu,Post-emergency,18023,124,9,NA,6,14,28,NA
2019-07,Sub-Saharan Africa,Burundi,Musasa,Post-emergency,8487,99,14,NA,48,36,NA,NA
2019-07,Sub-Saharan Africa,Cameroon,Borgop,Post-emergency,12370,NA,15,NA,16,16,NA,309
2019-07,Sub-Saharan Africa,Cameroon,Gado,Post-emergency,25403,121,14,76,43,39,1,479
2019-07,Sub-Saharan Africa,Cameroon,Lolo,Post-emergency,13379,160,14,NA,16,16,1,431
2019-07,Sub-Saharan Africa,Cameroon,Mbile,Post-emergency,13721,NA,10,NA,18,16,1,490
2019-07,Sub-Saharan Africa,Cameroon,Minawao,Post-emergency,59124,NA,14,100,27,26,15,721
2019-07,Sub-Saharan Africa,Cameroon,Ngam,Post-emergency,7222,NA,15,0,22,14,NA,206
2019-07,Sub-Saharan Africa,Cameroon,Ngarisingo,Post-emergency,1233,NA,17,0,10,10,NA,411
2019-07,Sub-Saharan Africa,Cameroon,Timangolo,Post-emergency,7197,145,10,NA,8,8,38,359
2019-07,Latin America and the Caribbean,Colombia,Maicao,Emergency,350,NA,17,NA,50,13,NA,NA
2019-07,Sub-Saharan Africa,Democratic Republic of the Congo,Biringi (Aru),Post-emergency,9608,NA,13,100,22,17,24,1201
2019-07,Sub-Saharan Africa,Democratic Republic of the Congo,Kaka (Dungu),Post-emergency,1893,NA,21,100,17,18,12,631
2019-07,Sub-Saharan Africa,Democratic Republic of the Congo,Meri (Aba),Post-emergency,35721,NA,13,100,19,20,16,2747
2019-07,Sub-Saharan Africa,Democratic Republic of the Congo,Mole,Post-emergency,14857,531,19,100,34,23,14,3714
2019-07,Sub-Saharan Africa,Democratic Republic of the Congo,Mulongwe (Baraka),Post-emergency,6662,NA,21,NA,7,6,52,277
2019-07,Sub-Saharan Africa,Democratic Republic of the Congo,Nambili (Doruma),Post-emergency,5853,NA,18,NA,23,18,23,1951
2019-07,Sub-Saharan Africa,Djibouti,Ali Adde,Post-emergency,15762,73,11,80,56,10,35,NA
2019-07,Sub-Saharan Africa,Ethiopia,Adi Harush,Post-emergency,15279,98,10,100,31,10,56,848
2019-07,Sub-Saharan Africa,Ethiopia,Aysaita,Post-emergency,19605,145,17,100,59,26,43,3921
2019-07,Sub-Saharan Africa,Ethiopia,Bambasi,Post-emergency,17041,50,18,100,7,5,78,1136
2019-07,Sub-Saharan Africa,Ethiopia,Berhale,Post-emergency,17323,101,11,100,37,20,37,1332
2019-07,Sub-Saharan Africa,Ethiopia,Bokolmanyo,Post-emergency,42981,130,15,100,43,39,12,716
2019-07,Sub-Saharan Africa,Ethiopia,Buramino,Post-emergency,42271,116,15,100,73,43,11,1625
2019-07,Sub-Saharan Africa,Ethiopia,Dollo Ado Transit Centre,Emergency,1665,NA,6,NA,208,83,NA,NA
2019-07,Sub-Saharan Africa,Ethiopia,Fugnido,Post-emergency,39876,68,19,100,36,11,43,738
2019-07,Sub-Saharan Africa,Ethiopia,Fugnido 2,Post-emergency,8715,47,19,100,17,11,41,435
2019-07,Sub-Saharan Africa,Ethiopia,Hilaweyn,Post-emergency,51807,148,17,100,24,50,10,1671
2019-07,Sub-Saharan Africa,Ethiopia,Jewi,Post-emergency,53538,117,17,100,26,9,55,892
2019-07,Sub-Saharan Africa,Ethiopia,Kobe,Post-emergency,48275,163,20,100,28,20,19,804
2019-07,Sub-Saharan Africa,Ethiopia,Kule,Post-emergency,42587,131,15,100,26,12,39,539
2019-07,Sub-Saharan Africa,Ethiopia,Mai Aini,Post-emergency,15742,98,11,100,0,9,64,NA
2019-07,Sub-Saharan Africa,Ethiopia,Melkadida,Post-emergency,34784,141,20,100,28,18,22,579
2019-07,Sub-Saharan Africa,Ethiopia,Nguenyyiel,Post-emergency,81091,135,11,100,16,15,30,479
2019-07,Sub-Saharan Africa,Ethiopia,Okugo,Post-emergency,9929,82,21,100,NA,16,20,451
2019-07,Sub-Saharan Africa,Ethiopia,Sherkole,Post-emergency,10109,80,18,100,7,7,60,505
2019-07,Sub-Saharan Africa,Ethiopia,Shimelba,Post-emergency,7421,95,24,100,20,7,60,463
2019-07,Sub-Saharan Africa,Ethiopia,Tierkidi,Post-emergency,58242,187,14,100,244,15,29,1058
2019-07,Sub-Saharan Africa,Ethiopia,Tongo,Post-emergency,10074,161,18,100,4,8,59,503
2019-07,Sub-Saharan Africa,Ethiopia,Tsore Camp (Assosa),Post-emergency,12186,87,20,100,6,6,68,609
2019-07,Sub-Saharan Africa,Ghana,Fetentaa,Post-emergency,848,55,20,33,24,9,2,84
2019-07,Western Asia,Iraq,Basirma,Post-emergency,2635,NA,122,100,4,5,100,878
2019-07,Western Asia,Iraq,Kawergosk,Post-emergency,7582,NA,124,100,4,4,100,947
2019-07,Western Asia,Iraq,Qushtapa,Post-emergency,8013,4,109,100,4,4,100,1001
2019-07,Sub-Saharan Africa,Kenya,Dagahaley,Post-emergency,75764,91,27,99,NA,7,77,1894
2019-07,Sub-Saharan Africa,Kenya,Hagadera,Post-emergency,79511,95,22,100,NA,5,87,1987
2019-07,Sub-Saharan Africa,Kenya,Ifo,Post-emergency,71695,63,32,98,NA,7,74,1792
2019-07,Sub-Saharan Africa,Malawi,Dzaleka,Post-emergency,41110,69,7,0,13,7,43,135
2019-07,Southern Asia,Nepal,Beldangi,Post-emergency,5806,21,32,NA,NA,NA,NA,NA
2019-07,Sub-Saharan Africa,Niger,Abala,Post-emergency,15139,226,15,NA,64,22,NA,15139
2019-07,Sub-Saharan Africa,Niger,Tabareybarey,Post-emergency,10648,201,15,NA,141,104,NA,10648
2019-07,Sub-Saharan Africa,Nigeria,Adagom,Post-emergency,9233,NA,0,NA,NA,72,NA,NA
2019-07,Sub-Saharan Africa,Republic of Congo,Gamboma,Emergency,1358,NA,14,NA,22,22,NA,NA
2019-07,Sub-Saharan Africa,Rwanda,Gihembe,Post-emergency,12569,57,18,100,130,19,NA,90
2019-07,Sub-Saharan Africa,Rwanda,Kigeme,Post-emergency,20793,186,12,NA,128,39,NA,945
2019-07,Sub-Saharan Africa,Rwanda,Kiziba,Post-emergency,17008,50,20,0,173,43,NA,76
2019-07,Sub-Saharan Africa,Rwanda,Mahama,Post-emergency,61191,77,19,100,17,17,NA,509
2019-07,Sub-Saharan Africa,Rwanda,Mugombwa,Post-emergency,10474,87,20,100,38,24,NA,872
2019-07,Sub-Saharan Africa,Rwanda,Nyabiheke,Post-emergency,14303,97,16,92,125,20,NA,113
2019-07,Sub-Saharan Africa,South Sudan,Ajoung Thok,Post-emergency,38862,71,24,89,NA,7,63,321
2019-07,Sub-Saharan Africa,South Sudan,Pamir,Post-emergency,33633,84,17,80,NA,11,30,494
2019-07,Northern Africa,Sudan,Al Kashafa,Post-emergency,13009,NA,8,91,NA,NA,NA,NA
2019-07,Northern Africa,Sudan,Al Redis 1,Post-emergency,11399,126,12,100,NA,21,18,495
2019-07,Northern Africa,Sudan,Al Redis 2,Post-emergency,26065,107,14,86,NA,26,9,521
2019-07,Northern Africa,Sudan,Jouri,Post-emergency,10919,70,7,83,NA,24,13,454
2019-07,Northern Africa,Sudan,Um Sangour,Post-emergency,23424,242,10,75,NA,18,15,780
2019-07,Sub-Saharan Africa,Tanzania,Mtendeli,Post-emergency,34500,78,27,100,NA,7,41,932
2019-07,Sub-Saharan Africa,Tanzania,Nduta,Post-emergency,86071,76,22,100,6,12,44,735
2019-07,Sub-Saharan Africa,Tanzania,Nyarugusu Burundian,Post-emergency,85796,94,20,100,NA,9,47,986
2019-07,Sub-Saharan Africa,Tanzania,Nyarugusu Congolese,Post-emergency,59464,53,23,100,NA,6,67,675
2019-07,Sub-Saharan Africa,Uganda,Imvepi,Post-emergency,59789,150,20,68,4,4,72,515
2019-07,Sub-Saharan Africa,Uganda,Kyaka II,Emergency,95185,NA,8,NA,14,8,NA,NA
2019-07,Sub-Saharan Africa,Uganda,Nakivale,Post-emergency,89207,NA,18,NA,11,6,76,9911
2019-07,Sub-Saharan Africa,Uganda,Oruchinga,Post-emergency,7272,559,24,100,11,9,68,2424
2019-07,Sub-Saharan Africa,Uganda,Palorinya,Post-emergency,NA,106,NA,NA,0,0,NA,0
2019-07,Sub-Saharan Africa,Uganda,Rhino Camp,Post-emergency,109556,273,20,10,17,8,42,805
2019-07,Sub-Saharan Africa,Uganda,Rwamwanja,Post-emergency,69372,985,12,8,8,6,59,381
2019-06,Northern Africa,Algeria,Auserd,Post-emergency,18638,61,7,100,4,5,94,642
2019-06,Northern Africa,Algeria,Boujdour,Post-emergency,9601,NA,24,100,4,5,94,331
2019-06,Northern Africa,Algeria,Dakhla,Post-emergency,10870,49,43,NA,4,5,98,374
2019-06,Northern Africa,Algeria,Layounne,Post-emergency,25503,NA,15,100,5,5,88,1275
2019-06,Northern Africa,Algeria,Smara,Post-emergency,25389,98,20,100,5,5,87,1493
2019-06,Sub-Saharan Africa,Cameroon,Borgop,Post-emergency,12222,NA,14,0,16,16,NA,305
2019-06,Sub-Saharan Africa,Cameroon,Gado,Post-emergency,25403,121,14,65,43,39,1,479
2019-06,Sub-Saharan Africa,Cameroon,Lolo,Post-emergency,13379,160,15,100,16,16,NA,431
2019-06,Sub-Saharan Africa,Cameroon,Minawao,Post-emergency,NA,1106,NA,NA,0,0,NA,0
2019-06,Sub-Saharan Africa,Cameroon,Ngam,Post-emergency,7199,NA,15,0,23,14,NA,205
2019-06,Sub-Saharan Africa,Cameroon,Ngarisingo,Post-emergency,1232,NA,17,NA,10,10,NA,410
2019-06,Sub-Saharan Africa,Cameroon,Timangolo,Post-emergency,7197,145,10,NA,8,8,38,359
2019-06,Latin America and the Caribbean,Colombia,Maicao,Emergency,350,NA,17,NA,50,12,NA,NA
2019-06,Sub-Saharan Africa,Democratic Republic of the Congo,Bili,Post-emergency,9542,1193,5,NA,16,9,69,2385
2019-06,Sub-Saharan Africa,Democratic Republic of the Congo,Biringi (Aru),Post-emergency,9908,NA,14,NA,30,22,14,1981
2019-06,Sub-Saharan Africa,Democratic Republic of the Congo,Boyabu,Post-emergency,17182,NA,19,NA,35,29,13,4295
2019-06,Sub-Saharan Africa,Democratic Republic of the Congo,Inke,Post-emergency,18054,NA,17,NA,45,32,12,4513
2019-06,Sub-Saharan Africa,Democratic Republic of the Congo,Kaka (Dungu),Post-emergency,1063,NA,37,100,10,10,22,354
2019-06,Sub-Saharan Africa,Democratic Republic of the Congo,Lusenda,Post-emergency,29799,99,20,27,23,16,26,1027
2019-06,Sub-Saharan Africa,Democratic Republic of the Congo,Meri (Aba),Post-emergency,35423,NA,13,NA,18,19,16,2951
2019-06,Sub-Saharan Africa,Democratic Republic of the Congo,Mole,Post-emergency,NA,0,NA,NA,0,0,NA,0
2019-06,Sub-Saharan Africa,Democratic Republic of the Congo,Mulongwe (Baraka),Post-emergency,7221,89,12,32,8,8,46,515
2019-06,Sub-Saharan Africa,Democratic Republic of the Congo,Nambili (Doruma),Post-emergency,5853,NA,18,NA,23,18,23,1951
2019-06,Sub-Saharan Africa,Djibouti,Ali Adde,Post-emergency,15795,73,13,100,56,10,35,NA
2019-06,Sub-Saharan Africa,Ethiopia,Adi Harush,Post-emergency,15279,80,13,100,31,10,56,898
2019-06,Sub-Saharan Africa,Ethiopia,Aysaita,Post-emergency,19701,NA,35,100,64,27,42,3940
2019-06,Sub-Saharan Africa,Ethiopia,Bambasi,Post-emergency,17516,52,15,100,6,6,77,1167
2019-06,Sub-Saharan Africa,Ethiopia,Berhale,Post-emergency,17323,100,8,100,37,20,37,1332
2019-06,Sub-Saharan Africa,Ethiopia,Bokolmanyo,Post-emergency,42981,130,17,100,43,39,12,716
2019-06,Sub-Saharan Africa,Ethiopia,Buramino,Post-emergency,42271,116,13,100,73,43,11,1625
2019-06,Sub-Saharan Africa,Ethiopia,Dollo Ado Transit Centre,Emergency,394,NA,25,NA,49,19,NA,NA
2019-06,Sub-Saharan Africa,Ethiopia,Fugnido,Post-emergency,39472,67,19,100,36,11,43,730
2019-06,Sub-Saharan Africa,Ethiopia,Fugnido 2,Post-emergency,8625,47,20,100,17,11,41,431
2019-06,Sub-Saharan Africa,Ethiopia,Hilaweyn,Post-emergency,51807,148,17,100,24,50,10,1671
2019-06,Sub-Saharan Africa,Ethiopia,Jewi,Post-emergency,51409,113,18,100,25,9,57,856
2019-06,Sub-Saharan Africa,Ethiopia,Kebribeyah,Post-emergency,14047,631,12,50,NA,8,91,2809
2019-06,Sub-Saharan Africa,Ethiopia,Kobe,Post-emergency,48275,163,19,100,28,20,19,804
2019-06,Sub-Saharan Africa,Ethiopia,Kule,Post-emergency,42313,131,18,100,26,12,39,535
2019-06,Sub-Saharan Africa,Ethiopia,Mai Aini,Post-emergency,15742,97,14,100,25,9,64,828
2019-06,Sub-Saharan Africa,Ethiopia,Melkadida,Post-emergency,34784,141,20,100,28,18,22,579
2019-06,Sub-Saharan Africa,Ethiopia,Nguenyyiel,Post-emergency,80781,135,11,100,16,16,29,475
2019-06,Sub-Saharan Africa,Ethiopia,Okugo,Post-emergency,9735,74,20,100,NA,27,12,442
2019-06,Sub-Saharan Africa,Ethiopia,Sheder,Post-emergency,10002,87,6,17,NA,12,39,2000
2019-06,Sub-Saharan Africa,Ethiopia,Sherkole,Post-emergency,11017,90,20,100,7,7,53,550
2019-06,Sub-Saharan Africa,Ethiopia,Shimelba,Post-emergency,7421,95,17,100,20,6,67,463
2019-06,Sub-Saharan Africa,Ethiopia,Tierkidi,Post-emergency,50877,163,12,100,213,13,36,925
2019-06,Sub-Saharan Africa,Ethiopia,Tongo,Post-emergency,12219,177,18,100,5,9,53,610
2019-06,Sub-Saharan Africa,Ethiopia,Tsore Camp (Assosa),Post-emergency,13076,44,20,100,7,7,67,653
2019-06,Western Asia,Iraq,Arbat,Post-emergency,9005,4,124,100,4,4,NA,1801
2019-06,Western Asia,Iraq,Basirma,Post-emergency,2647,NA,113,100,4,5,100,882
2019-06,Western Asia,Iraq,Kawergosk,Post-emergency,7577,4,119,100,4,4,100,947
2019-06,Western Asia,Iraq,Qushtapa,Post-emergency,7950,4,110,100,4,4,100,993
2019-06,Sub-Saharan Africa,Kenya,Hagadera,Post-emergency,79560,96,23,100,NA,5,87,1989
2019-06,Sub-Saharan Africa,Kenya,Ifo,Post-emergency,70799,62,29,100,NA,7,74,1769
2019-06,Sub-Saharan Africa,Malawi,Dzaleka,Post-emergency,39770,66,7,NA,13,7,45,130
2019-06,Sub-Saharan Africa,Namibia,Osire,Post-emergency,4479,NA,19,NA,NA,NA,NA,NA
2019-06,Sub-Saharan Africa,Niger,Abala,Post-emergency,15139,226,17,NA,64,22,NA,15139
2019-06,Sub-Saharan Africa,Niger,Tabareybarey,Post-emergency,10648,201,21,NA,141,104,NA,10648
2019-06,Sub-Saharan Africa,Nigeria,Adagom,Post-emergency,9198,NA,0,100,NA,72,NA,NA
2019-06,Sub-Saharan Africa,Republic of Congo,Gamboma,Emergency,1358,NA,14,NA,20,20,NA,NA
2019-06,Sub-Saharan Africa,Rwanda,Gihembe,Post-emergency,12957,59,20,100,134,20,NA,99
2019-06,Sub-Saharan Africa,Rwanda,Kigeme,Post-emergency,21030,188,12,100,129,39,NA,955
2019-06,Sub-Saharan Africa,Rwanda,Kiziba,Post-emergency,17055,51,20,67,174,43,NA,76
2019-06,Sub-Saharan Africa,Rwanda,Mahama,Post-emergency,60504,76,19,100,17,17,NA,504
2019-06,Sub-Saharan Africa,Rwanda,Mugombwa,Post-emergency,10435,87,20,100,38,24,NA,869
2019-06,Sub-Saharan Africa,Rwanda,Nyabiheke,Post-emergency,14289,97,16,98,125,20,NA,113
2019-06,Sub-Saharan Africa,South Sudan,Ajoung Thok,Post-emergency,38640,68,25,86,NA,7,100,319
2019-06,Sub-Saharan Africa,South Sudan,Doro,Post-emergency,60916,94,21,100,NA,16,28,503
2019-06,Sub-Saharan Africa,South Sudan,Gendrassa,Post-emergency,17535,101,21,100,NA,8,56,501
2019-06,Sub-Saharan Africa,South Sudan,Kaya,Post-emergency,23238,67,33,100,NA,13,35,505
2019-06,Sub-Saharan Africa,South Sudan,Pamir,Post-emergency,33483,83,17,71,NA,11,30,492
2019-06,Sub-Saharan Africa,South Sudan,Yusuf Batil,Post-emergency,45763,89,26,100,NA,13,37,497
2019-06,Sub-Saharan Africa,Tanzania,Mtendeli,Post-emergency,35186,80,26,100,NA,7,41,950
2019-06,Sub-Saharan Africa,Tanzania,Nduta,Post-emergency,88122,80,21,100,6,12,44,753
2019-06,Sub-Saharan Africa,Tanzania,Nyarugusu Burundian,Post-emergency,86019,105,21,100,NA,8,64,803
2019-06,Sub-Saharan Africa,Tanzania,Nyarugusu Congolese,Post-emergency,60209,80,21,100,NA,9,54,912
2019-06,Sub-Saharan Africa,Uganda,Kyaka II,Emergency,94567,NA,8,NA,14,8,NA,NA
2019-06,Sub-Saharan Africa,Uganda,Nakivale,Post-emergency,89207,826,17,98,11,6,76,9911
2019-06,Sub-Saharan Africa,Uganda,Oruchinga,Post-emergency,8027,617,22,100,13,10,68,891
2019-06,Sub-Saharan Africa,Uganda,Palorinya,Post-emergency,118773,106,8,NA,7,8,51,656
2019-06,Sub-Saharan Africa,Uganda,Rwamwanja,Post-emergency,68492,973,12,8,8,6,60,376
2019-06,Sub-Saharan Africa,Zimbabwe,Tongogara,Emergency,13009,NA,11,NA,NA,8,NA,NA
2019-05,Northern Africa,Algeria,Auserd,Post-emergency,18638,61,17,100,4,5,94,642
2019-05,Northern Africa,Algeria,Boujdour,Post-emergency,9601,NA,23,100,4,5,94,331
2019-05,Northern Africa,Algeria,Dakhla,Post-emergency,10870,49,37,100,4,5,98,374
2019-05,Northern Africa,Algeria,Layounne,Post-emergency,25503,NA,12,100,5,5,88,1275
2019-05,Northern Africa,Algeria,Smara,Post-emergency,25389,98,10,100,5,5,87,1493
2019-05,Sub-Saharan Africa,Cameroon,Borgop,Post-emergency,12222,NA,14,0,16,16,NA,305
2019-05,Sub-Saharan Africa,Cameroon,Gado,Post-emergency,25403,118,13,75,44,39,1,479
2019-05,Sub-Saharan Africa,Cameroon,Lolo,Post-emergency,13379,160,15,NA,16,16,NA,431
2019-05,Sub-Saharan Africa,Cameroon,Mbile,Post-emergency,13721,NA,10,NA,17,16,NA,490
2019-05,Sub-Saharan Africa,Cameroon,Minawao,Post-emergency,58315,1106,10,67,27,26,14,711
2019-05,Sub-Saharan Africa,Cameroon,Ngam,Post-emergency,7199,NA,15,0,23,14,NA,205
2019-05,Sub-Saharan Africa,Cameroon,Ngarisingo,Post-emergency,1226,NA,16,NA,9,10,NA,408
2019-05,Sub-Saharan Africa,Cameroon,Timangolo,Post-emergency,7197,145,9,100,8,8,38,359
2019-05,Latin America and the Caribbean,Colombia,Maicao,Emergency,350,NA,14,NA,50,12,NA,NA
2019-05,Sub-Saharan Africa,Democratic Republic of the Congo,Bili,Post-emergency,9542,1193,6,NA,16,9,69,2385
2019-05,Sub-Saharan Africa,Democratic Republic of the Congo,Biringi (Aru),Post-emergency,9207,NA,15,NA,28,22,19,1150
2019-05,Sub-Saharan Africa,Democratic Republic of the Congo,Boyabu,Post-emergency,17182,NA,19,NA,35,29,13,4295
2019-05,Sub-Saharan Africa,Democratic Republic of the Congo,Inke,Post-emergency,18029,NA,13,NA,45,32,12,4507
2019-05,Sub-Saharan Africa,Democratic Republic of the Congo,Kaka (Dungu),Post-emergency,1063,NA,35,100,10,10,22,354
2019-05,Sub-Saharan Africa,Democratic Republic of the Congo,Lusenda,Post-emergency,29609,98,21,27,23,16,26,1021
2019-05,Sub-Saharan Africa,Democratic Republic of the Congo,Meri (Aba),Post-emergency,35132,NA,14,NA,19,21,14,3513
2019-05,Sub-Saharan Africa,Democratic Republic of the Congo,Mole,Post-emergency,14857,531,13,100,34,23,14,3714
2019-05,Sub-Saharan Africa,Democratic Republic of the Congo,Mulongwe (Baraka),Post-emergency,6791,82,13,28,8,7,47,485
2019-05,Sub-Saharan Africa,Democratic Republic of the Congo,Nambili (Doruma),Post-emergency,5853,NA,18,NA,23,18,23,1951
2019-05,Sub-Saharan Africa,Djibouti,Ali Adde,Post-emergency,15741,73,11,NA,56,10,35,NA
2019-05,Sub-Saharan Africa,Ethiopia,Adi Harush,Post-emergency,17000,89,15,100,35,11,56,850
2019-05,Sub-Saharan Africa,Ethiopia,Awbarre,Post-emergency,11894,104,20,50,NA,22,11,2378
2019-05,Sub-Saharan Africa,Ethiopia,Aysaita,Post-emergency,19050,141,17,100,67,26,40,3810
2019-05,Sub-Saharan Africa,Ethiopia,Bambasi,Post-emergency,17516,NA,15,100,6,6,77,1167
2019-05,Sub-Saharan Africa,Ethiopia,Berhale,Post-emergency,17323,100,8,100,37,20,37,1154
2019-05,Sub-Saharan Africa,Ethiopia,Bokolmanyo,Post-emergency,42981,130,17,100,43,39,12,716
2019-05,Sub-Saharan Africa,Ethiopia,Buramino,Post-emergency,42271,116,13,100,73,43,11,1625
2019-05,Sub-Saharan Africa,Ethiopia,Dollo Ado Transit Centre,Emergency,554,NA,18,NA,69,27,NA,NA
2019-05,Sub-Saharan Africa,Ethiopia,Fugnido,Post-emergency,39472,67,19,100,36,11,43,730
2019-05,Sub-Saharan Africa,Ethiopia,Fugnido 2,Post-emergency,8625,47,20,100,6,11,41,431
2019-05,Sub-Saharan Africa,Ethiopia,Hilaweyn,Post-emergency,51807,148,17,100,24,50,10,1671
2019-05,Sub-Saharan Africa,Ethiopia,Jewi,Post-emergency,51409,113,18,100,25,9,57,856
2019-05,Sub-Saharan Africa,Ethiopia,Kobe,Post-emergency,48275,163,17,100,28,20,19,804
2019-05,Sub-Saharan Africa,Ethiopia,Kule,Post-emergency,NA,0,NA,NA,0,0,NA,0
2019-05,Sub-Saharan Africa,Ethiopia,Mai Aini,Post-emergency,15742,94,16,100,25,9,64,749
2019-05,Sub-Saharan Africa,Ethiopia,Melkadida,Post-emergency,34784,142,21,100,28,17,22,579
2019-05,Sub-Saharan Africa,Ethiopia,Nguenyyiel,Post-emergency,80781,NA,10,100,16,16,29,475
2019-05,Sub-Saharan Africa,Ethiopia,Okugo,Post-emergency,9735,74,20,100,NA,27,12,442
2019-05,Sub-Saharan Africa,Ethiopia,Sheder,Post-emergency,10893,91,20,29,NA,14,39,2178
2019-05,Sub-Saharan Africa,Ethiopia,Sherkole,Post-emergency,11017,94,23,100,5,7,53,612
2019-05,Sub-Saharan Africa,Ethiopia,Shimelba,Post-emergency,7421,95,20,100,20,6,67,463
2019-05,Sub-Saharan Africa,Ethiopia,Tierkidi,Post-emergency,50877,146,11,100,213,13,36,942
2019-05,Sub-Saharan Africa,Ethiopia,Tongo,Post-emergency,12219,177,16,100,5,9,53,939
2019-05,Sub-Saharan Africa,Ethiopia,Tsore Camp (Assosa),Post-emergency,13076,97,21,100,7,7,67,653
2019-05,Western Asia,Iraq,Arbat,Post-emergency,9000,4,110,100,4,4,NA,NA
2019-05,Western Asia,Iraq,Basirma,Post-emergency,2857,5,90,100,4,5,100,952
2019-05,Western Asia,Iraq,Kawergosk,Post-emergency,7839,4,93,100,4,4,100,979
2019-05,Western Asia,Iraq,Qushtapa,Post-emergency,8186,4,75,100,4,4,100,909
2019-05,Sub-Saharan Africa,Kenya,Dagahaley,Post-emergency,NA,0,NA,NA,NA,0,NA,0
2019-05,Sub-Saharan Africa,Kenya,Hagadera,Post-emergency,NA,0,NA,NA,NA,0,NA,0
2019-05,Sub-Saharan Africa,Kenya,Ifo,Post-emergency,71009,62,33,100,NA,7,73,1775
2019-05,Sub-Saharan Africa,Malawi,Dzaleka,Post-emergency,39096,65,7,NA,12,7,46,128
2019-05,Sub-Saharan Africa,Niger,Abala,Post-emergency,15141,226,17,NA,64,22,NA,15141
2019-05,Sub-Saharan Africa,Niger,Tabareybarey,Post-emergency,10656,201,16,NA,394,101,NA,10656
2019-05,Sub-Saharan Africa,Rwanda,Gihembe,Post-emergency,12928,58,19,100,134,19,NA,99
2019-05,Sub-Saharan Africa,Rwanda,Mahama,Post-emergency,60233,76,20,100,17,17,NA,501
2019-05,Sub-Saharan Africa,Rwanda,Mugombwa,Post-emergency,10426,87,20,87,38,24,NA,868
2019-05,Sub-Saharan Africa,Rwanda,Nyabiheke,Post-emergency,14351,97,16,98,125,22,NA,113
2019-05,Sub-Saharan Africa,South Sudan,Ajoung Thok,Post-emergency,38391,68,29,80,NA,7,62,317
2019-05,Sub-Saharan Africa,South Sudan,Pamir,Post-emergency,32844,79,25,86,NA,11,30,483
2019-05,Sub-Saharan Africa,Tanzania,Mtendeli,Post-emergency,36036,80,25,100,NA,7,41,973
2019-05,Sub-Saharan Africa,Tanzania,Nduta,Post-emergency,89225,85,20,100,7,12,44,762
2019-05,Sub-Saharan Africa,Tanzania,Nyarugusu Burundian,Post-emergency,86999,105,20,99,NA,9,47,988
2019-05,Sub-Saharan Africa,Tanzania,Nyarugusu Congolese,Post-emergency,63303,66,25,100,NA,7,61,673
2019-05,Sub-Saharan Africa,Uganda,Kyaka II,Emergency,92545,NA,8,NA,14,8,NA,NA
2019-05,Sub-Saharan Africa,Uganda,Nakivale,Post-emergency,89207,826,17,98,18,4,59,352
2019-05,Sub-Saharan Africa,Zimbabwe,Tongogara,Emergency,12990,NA,11,NA,NA,8,NA,NA
2019-04,Northern Africa,Algeria,Auserd,Post-emergency,18638,61,14,100,4,5,94,642
2019-04,Northern Africa,Algeria,Boujdour,Post-emergency,9601,NA,26,100,4,5,94,331
2019-04,Northern Africa,Algeria,Dakhla,Post-emergency,10870,49,43,100,4,5,98,374
2019-04,Northern Africa,Algeria,Layounne,Post-emergency,25503,NA,13,100,5,5,88,1275
2019-04,Northern Africa,Algeria,Smara,Post-emergency,25389,98,9,100,5,5,87,1493
2019-04,Sub-Saharan Africa,Cameroon,Borgop,Post-emergency,12222,NA,13,0,16,16,NA,305
2019-04,Sub-Saharan Africa,Cameroon,Gado,Post-emergency,25277,112,12,84,44,39,1,476
2019-04,Sub-Saharan Africa,Cameroon,Lolo,Post-emergency,13379,160,14,NA,16,16,NA,431
2019-04,Sub-Saharan Africa,Cameroon,Mbile,Post-emergency,13200,NA,11,NA,16,15,NA,471
2019-04,Sub-Saharan Africa,Cameroon,Minawao,Post-emergency,57882,1080,10,40,28,27,14,705
2019-04,Sub-Saharan Africa,Cameroon,Ngam,Post-emergency,7183,NA,13,0,23,14,NA,205
2019-04,Sub-Saharan Africa,Cameroon,Ngarisingo,Post-emergency,1226,NA,17,NA,9,10,NA,408
2019-04,Sub-Saharan Africa,Cameroon,Timangolo,Post-emergency,7141,145,9,100,8,8,40,357
2019-04,Sub-Saharan Africa,Chad,Amboko,Post-emergency,11134,NA,25,89,6,6,68,1855
2019-04,Sub-Saharan Africa,Chad,Amnabak,Post-emergency,22929,225,9,100,17,17,22,4585
2019-04,Sub-Saharan Africa,Chad,Beakoro,Post-emergency,1634,NA,14,NA,38,26,16,NA
2019-04,Sub-Saharan Africa,Chad,Bekan,Post-emergency,5407,NA,17,NA,25,20,24,5407
2019-04,Sub-Saharan Africa,Chad,Bekourou,Post-emergency,1444,NA,24,NA,26,20,15,722
2019-04,Sub-Saharan Africa,Chad,Belom,Post-emergency,23157,NA,29,NA,6,6,64,2573
2019-04,Sub-Saharan Africa,Chad,Bredjing,Post-emergency,48439,269,14,100,5,11,40,4036
2019-04,Sub-Saharan Africa,Chad,Dar Es Salam,Post-emergency,12287,NA,25,92,26,24,12,2047
2019-04,Sub-Saharan Africa,Chad,Dembo,Post-emergency,3167,NA,11,NA,59,37,6,1583
2019-04,Sub-Saharan Africa,Chad,Diba,Post-emergency,3578,NA,13,NA,45,31,6,1789
2019-04,Sub-Saharan Africa,Chad,Dilingala,Post-emergency,2329,NA,25,NA,25,17,15,1164
2019-04,Sub-Saharan Africa,Chad,Djabal,Post-emergency,23407,70,19,100,10,10,45,3343
2019-04,Sub-Saharan Africa,Chad,Doholo,Post-emergency,6822,NA,27,91,5,6,59,1137
2019-04,Sub-Saharan Africa,Chad,Dosseye,Post-emergency,16262,NA,35,92,5,6,66,2710
2019-04,Sub-Saharan Africa,Chad,Farchana,Post-emergency,30088,557,14,100,7,8,55,4298
2019-04,Sub-Saharan Africa,Chad,Gaga,Post-emergency,26206,230,15,100,7,8,57,3743
2019-04,Sub-Saharan Africa,Chad,Gon,Post-emergency,1884,NA,25,NA,22,16,17,1884
2019-04,Sub-Saharan Africa,Chad,Gondje,Post-emergency,9199,NA,37,91,7,7,60,1533
2019-04,Sub-Saharan Africa,Chad,Goz Amer,Post-emergency,35866,NA,20,91,8,9,50,4483
2019-04,Sub-Saharan Africa,Chad,Iridimi,Post-emergency,20503,180,14,100,12,12,33,3417
2019-04,Sub-Saharan Africa,Chad,Kerfi,Post-emergency,1335,NA,40,100,5,6,64,445
2019-04,Sub-Saharan Africa,Chad,Kounoungou,Post-emergency,19473,221,14,100,12,12,32,3245
2019-04,Sub-Saharan Africa,Chad,Mile,Post-emergency,20768,266,15,100,14,14,29,3461
2019-04,Sub-Saharan Africa,Chad,Moyo,Post-emergency,8428,NA,41,86,5,6,67,1404
2019-04,Sub-Saharan Africa,Chad,Oure Cassoni,Post-emergency,30449,169,15,100,8,8,45,3044
2019-04,Sub-Saharan Africa,Chad,Silambi,Post-emergency,913,NA,26,NA,36,23,11,913
2019-04,Sub-Saharan Africa,Chad,Touloum,Post-emergency,25515,224,14,100,14,14,31,NA
2019-04,Sub-Saharan Africa,Chad,Treguine,Post-emergency,25539,NA,13,93,7,7,60,2553
2019-04,Sub-Saharan Africa,Chad,Vom,Post-emergency,1214,NA,29,NA,18,13,16,1214
2019-04,Sub-Saharan Africa,Democratic Republic of the Congo,Bili,Post-emergency,9414,1177,7,NA,16,9,69,2353
2019-04,Sub-Saharan Africa,Democratic Republic of the Congo,Biringi (Aru),Post-emergency,8616,NA,10,NA,26,20,14,1723
2019-04,Sub-Saharan Africa,Democratic Republic of the Congo,Boyabu,Post-emergency,16898,NA,19,NA,44,40,9,4224
2019-04,Sub-Saharan Africa,Democratic Republic of the Congo,Inke,Post-emergency,17898,NA,11,NA,44,31,13,4474
2019-04,Sub-Saharan Africa,Democratic Republic of the Congo,Kaka (Dungu),Post-emergency,1063,NA,35,100,10,10,22,354
2019-04,Sub-Saharan Africa,Democratic Republic of the Congo,Meri (Aba),Post-emergency,34106,NA,14,0,19,20,15,3410
2019-04,Sub-Saharan Africa,Democratic Republic of the Congo,Mulongwe (Baraka),Post-emergency,6688,NA,15,100,7,7,49,477
2019-04,Sub-Saharan Africa,Democratic Republic of the Congo,Nambili (Doruma),Post-emergency,5853,NA,18,NA,23,18,23,1951
2019-04,Sub-Saharan Africa,Djibouti,Ali Adde,Post-emergency,15710,73,13,100,56,10,35,NA
2019-04,Sub-Saharan Africa,Ethiopia,Adi Harush,Post-emergency,17000,91,15,100,59,13,46,850
2019-04,Sub-Saharan Africa,Ethiopia,Aysaita,Post-emergency,18562,137,18,100,60,25,42,3712
2019-04,Sub-Saharan Africa,Ethiopia,Bambasi,Post-emergency,17516,52,15,100,6,6,77,1167
2019-04,Sub-Saharan Africa,Ethiopia,Berhale,Post-emergency,17323,100,7,100,37,20,37,1332
2019-04,Sub-Saharan Africa,Ethiopia,Bokolmanyo,Post-emergency,42981,130,12,100,43,39,12,716
2019-04,Sub-Saharan Africa,Ethiopia,Buramino,Post-emergency,42271,116,15,100,73,43,11,1625
2019-04,Sub-Saharan Africa,Ethiopia,Dollo Ado Transit Centre,Emergency,590,NA,16,NA,73,29,NA,NA
2019-04,Sub-Saharan Africa,Ethiopia,Fugnido,Post-emergency,39142,67,19,100,35,11,44,724
2019-04,Sub-Saharan Africa,Ethiopia,Fugnido 2,Post-emergency,8567,47,19,101,6,10,46,428
2019-04,Sub-Saharan Africa,Ethiopia,Hilaweyn,Post-emergency,51807,148,15,100,24,50,10,1671
2019-04,Sub-Saharan Africa,Ethiopia,Jewi,Post-emergency,64526,NA,15,100,31,11,43,1075
2019-04,Sub-Saharan Africa,Ethiopia,Kobe,Post-emergency,48275,157,18,100,28,21,19,804
2019-04,Sub-Saharan Africa,Ethiopia,Kule,Post-emergency,42247,138,15,100,26,12,40,534
2019-04,Sub-Saharan Africa,Ethiopia,Mai Aini,Post-emergency,15247,94,14,100,36,9,56,802
2019-04,Sub-Saharan Africa,Ethiopia,Melkadida,Post-emergency,34784,141,21,100,28,17,22,579
2019-04,Sub-Saharan Africa,Ethiopia,Nguenyyiel,Post-emergency,80710,135,9,100,16,13,35,477
2019-04,Sub-Saharan Africa,Ethiopia,Okugo,Post-emergency,9735,74,20,100,NA,27,12,442
2019-04,Sub-Saharan Africa,Ethiopia,Sheder,Post-emergency,10893,91,21,17,NA,14,39,2178
2019-04,Sub-Saharan Africa,Ethiopia,Sherkole,Post-emergency,11017,94,19,100,5,7,53,612
2019-04,Sub-Saharan Africa,Ethiopia,Shimelba,Post-emergency,7157,92,20,100,34,7,62,447
2019-04,Sub-Saharan Africa,Ethiopia,Tierkidi,Post-emergency,73885,212,11,100,310,19,23,1343
2019-04,Sub-Saharan Africa,Ethiopia,Tongo,Post-emergency,12219,177,15,100,5,9,53,939
2019-04,Sub-Saharan Africa,Ethiopia,Tsore Camp (Assosa),Post-emergency,13076,97,20,100,7,7,67,653
2019-04,Western Asia,Iraq,Arbat,Post-emergency,8935,4,97,100,4,4,89,NA
2019-04,Western Asia,Iraq,Basirma,Post-emergency,2857,5,82,100,4,5,100,952
2019-04,Western Asia,Iraq,Kawergosk,Post-emergency,7839,4,112,100,4,4,100,979
2019-04,Western Asia,Iraq,Qushtapa,Post-emergency,8186,4,86,100,4,4,100,909
2019-04,Sub-Saharan Africa,Kenya,Dagahaley,Post-emergency,74749,90,28,100,NA,7,76,1868
2019-04,Sub-Saharan Africa,Kenya,Hagadera,Post-emergency,79172,95,30,98,NA,5,86,1979
2019-04,Sub-Saharan Africa,Kenya,Ifo,Post-emergency,70569,62,34,100,NA,7,73,1764
2019-04,Sub-Saharan Africa,Malawi,Dzaleka,Post-emergency,38808,65,7,NA,12,7,46,127
2019-04,Sub-Saharan Africa,Niger,Abala,Post-emergency,15071,225,18,NA,64,21,NA,15071
2019-04,Sub-Saharan Africa,Rwanda,Gihembe,Post-emergency,12946,59,20,100,111,19,NA,99
2019-04,Sub-Saharan Africa,Rwanda,Kigeme,Post-emergency,19845,177,13,92,110,37,NA,NA
2019-04,Sub-Saharan Africa,Rwanda,Mahama,Post-emergency,59843,76,19,100,16,17,NA,498
2019-04,Sub-Saharan Africa,Rwanda,Mugombwa,Post-emergency,10420,77,20,100,47,26,NA,868
2019-04,Sub-Saharan Africa,Rwanda,Nyabiheke,Post-emergency,14412,97,16,97,126,22,NA,114
2019-04,Sub-Saharan Africa,South Sudan,Ajoung Thok,Post-emergency,37854,67,31,100,NA,7,64,312
2019-04,Sub-Saharan Africa,South Sudan,Doro,Post-emergency,60340,93,18,100,NA,16,28,502
2019-04,Sub-Saharan Africa,South Sudan,Gendrassa,Post-emergency,17530,103,22,100,8,8,56,500
2019-04,Sub-Saharan Africa,South Sudan,Kaya,Post-emergency,23247,67,22,100,NA,12,38,505
2019-04,Sub-Saharan Africa,South Sudan,Pamir,Post-emergency,31774,78,26,84,NA,11,31,467
2019-04,Sub-Saharan Africa,South Sudan,Yusuf Batil,Post-emergency,50886,99,18,100,12,13,41,508
2019-04,Northern Africa,Sudan,El Fardus,Post-emergency,5933,NA,21,100,NA,6,51,131
2019-04,Sub-Saharan Africa,Tanzania,Mtendeli,Post-emergency,37068,82,23,100,NA,7,41,1001
2019-04,Sub-Saharan Africa,Tanzania,Nduta,Post-emergency,92475,85,20,100,8,12,44,790
2019-04,Sub-Saharan Africa,Tanzania,Nyarugusu Burundian,Post-emergency,89562,111,19,100,NA,10,43,984
2019-04,Sub-Saharan Africa,Tanzania,Nyarugusu Congolese,Post-emergency,64063,74,22,100,NA,7,61,674
2019-04,Sub-Saharan Africa,Uganda,Kyaka II,Emergency,91390,NA,9,NA,13,8,NA,NA
2019-04,Sub-Saharan Africa,Uganda,Nakivale,Post-emergency,89207,826,17,95,19,4,73,275
2019-04,Sub-Saharan Africa,Uganda,Oruchinga,Post-emergency,7272,NA,22,NA,7,6,68,121
2019-04,Sub-Saharan Africa,Zambia,Mantapala,Post-emergency,14241,75,21,NA,139,6,52,219
2019-03,Northern Africa,Algeria,Auserd,Post-emergency,18638,61,13,100,4,5,94,642
2019-03,Northern Africa,Algeria,Boujdour,Post-emergency,9601,NA,15,100,4,5,94,331
2019-03,Northern Africa,Algeria,Dakhla,Post-emergency,10870,49,47,100,4,5,98,374
2019-03,Northern Africa,Algeria,Layounne,Post-emergency,25503,NA,10,100,5,5,88,1275
2019-03,Northern Africa,Algeria,Smara,Post-emergency,25389,98,9,100,5,5,87,1493
2019-03,Sub-Saharan Africa,Cameroon,Borgop,Post-emergency,12011,NA,13,0,16,16,NA,300
2019-03,Sub-Saharan Africa,Cameroon,Gado,Post-emergency,25277,98,13,98,43,41,NA,476
2019-03,Sub-Saharan Africa,Cameroon,Lolo,Post-emergency,13379,160,15,100,16,16,NA,431
2019-03,Sub-Saharan Africa,Cameroon,Mbile,Post-emergency,13200,NA,11,NA,15,14,NA,471
2019-03,Sub-Saharan Africa,Cameroon,Minawao,Post-emergency,57497,1040,10,50,24,21,17,701
2019-03,Sub-Saharan Africa,Cameroon,Ngam,Post-emergency,7183,NA,14,0,23,14,NA,205
2019-03,Sub-Saharan Africa,Cameroon,Ngarisingo,Post-emergency,1222,NA,18,NA,9,10,NA,407
2019-03,Sub-Saharan Africa,Cameroon,Timangolo,Post-emergency,7141,145,10,100,7,7,43,357
2019-03,Sub-Saharan Africa,Democratic Republic of the Congo,Bili,Post-emergency,9414,1177,7,NA,16,9,69,2353
2019-03,Sub-Saharan Africa,Democratic Republic of the Congo,Biringi (Aru),Post-emergency,6083,NA,15,NA,18,16,19,1216
2019-03,Sub-Saharan Africa,Democratic Republic of the Congo,Inke,Post-emergency,17898,NA,6,NA,44,31,12,4474
2019-03,Sub-Saharan Africa,Democratic Republic of the Congo,Kaka (Dungu),Post-emergency,846,NA,44,100,7,8,28,282
2019-03,Sub-Saharan Africa,Democratic Republic of the Congo,Lusenda,Post-emergency,29264,97,21,80,23,16,26,1009
2019-03,Sub-Saharan Africa,Democratic Republic of the Congo,Meri (Aba),Post-emergency,34106,NA,13,100,19,20,15,3410
2019-03,Sub-Saharan Africa,Democratic Republic of the Congo,Nambili (Doruma),Post-emergency,5853,NA,18,NA,23,18,23,1951
2019-03,Sub-Saharan Africa,Djibouti,Ali Adde,Post-emergency,15475,72,13,100,55,10,35,NA
2019-03,Sub-Saharan Africa,Ethiopia,Adi Harush,Post-emergency,15147,81,18,98,53,11,47,757
2019-03,Sub-Saharan Africa,Ethiopia,Awbarre,Post-emergency,11864,86,22,50,NA,22,11,2372
2019-03,Sub-Saharan Africa,Ethiopia,Aysaita,Post-emergency,18369,136,16,98,64,25,11,3673
2019-03,Sub-Saharan Africa,Ethiopia,Bambasi,Post-emergency,17516,66,14,100,6,6,77,1167
2019-03,Sub-Saharan Africa,Ethiopia,Berhale,Post-emergency,17323,100,8,98,37,20,14,1332
2019-03,Sub-Saharan Africa,Ethiopia,Berhale camp (Afar),Post-emergency,17323,100,8,98,37,20,14,1332
2019-03,Sub-Saharan Africa,Ethiopia,Bokolmanyo,Post-emergency,42981,130,15,100,43,39,12,716
2019-03,Sub-Saharan Africa,Ethiopia,Buramino,Post-emergency,42271,116,15,100,73,43,11,1625
2019-03,Sub-Saharan Africa,Ethiopia,Dollo Ado Transit Centre,Emergency,603,NA,16,NA,75,30,NA,NA
2019-03,Sub-Saharan Africa,Ethiopia,Fugnido,Post-emergency,38506,65,20,100,35,10,44,713
2019-03,Sub-Saharan Africa,Ethiopia,Fugnido 2,Post-emergency,8291,45,19,100,6,9,47,414
2019-03,Sub-Saharan Africa,Ethiopia,Hilaweyn,Post-emergency,51807,148,15,100,24,50,10,1671
2019-03,Sub-Saharan Africa,Ethiopia,Jewi,Post-emergency,64526,142,15,100,31,11,43,1075
2019-03,Sub-Saharan Africa,Ethiopia,Kobe,Post-emergency,48275,163,19,100,28,21,19,804
2019-03,Sub-Saharan Africa,Ethiopia,Kule,Post-emergency,41919,137,15,100,26,12,40,530
2019-03,Sub-Saharan Africa,Ethiopia,Mai Aini,Post-emergency,14367,89,24,98,33,9,59,756
2019-03,Sub-Saharan Africa,Ethiopia,Melkadida,Post-emergency,34784,141,21,100,28,17,22,579
2019-03,Sub-Saharan Africa,Ethiopia,Nguenyyiel,Post-emergency,80478,134,9,100,16,13,35,473
2019-03,Sub-Saharan Africa,Ethiopia,Okugo,Post-emergency,15126,115,19,100,NA,11,30,687
2019-03,Sub-Saharan Africa,Ethiopia,Sheder,Post-emergency,11864,86,16,17,NA,15,39,2372
2019-03,Sub-Saharan Africa,Ethiopia,Sherkole,Post-emergency,11017,111,22,100,5,7,53,612
2019-03,Sub-Saharan Africa,Ethiopia,Shimelba,Post-emergency,6927,89,24,98,33,7,63,432
2019-03,Sub-Saharan Africa,Ethiopia,Tierkidi,Post-emergency,73885,212,15,100,309,19,23,1343
2019-03,Sub-Saharan Africa,Ethiopia,Tongo,Post-emergency,12219,177,18,100,5,9,53,939
2019-03,Sub-Saharan Africa,Ethiopia,Tsore Camp (Assosa),Post-emergency,13076,13576,20,100,7,7,67,653
2019-03,Western Asia,Iraq,Arbat,Post-emergency,8925,NA,90,100,4,4,89,NA
2019-03,Western Asia,Iraq,Basirma,Post-emergency,2855,5,81,100,4,5,100,951
2019-03,Western Asia,Iraq,Kawergosk,Post-emergency,7812,1,75,100,4,4,100,976
2019-03,Western Asia,Iraq,Qushtapa,Post-emergency,8195,4,74,100,4,4,100,910
2019-03,Sub-Saharan Africa,Malawi,Dzaleka,Post-emergency,38527,642,7,NA,12,7,47,135
2019-03,Sub-Saharan Africa,Niger,Abala,Post-emergency,15072,225,13,NA,64,21,NA,15072
2019-03,Sub-Saharan Africa,Niger,Ayerou,Post-emergency,468,417,20,NA,NA,3,100,NA
2019-03,Sub-Saharan Africa,Niger,Tabareybarey,Post-emergency,10583,200,15,NA,391,101,NA,10583
2019-03,Sub-Saharan Africa,Rwanda,Gihembe,Post-emergency,12958,59,15,100,113,19,NA,95
2019-03,Sub-Saharan Africa,South Sudan,Ajoung Thok,Post-emergency,38332,68,31,77,NA,7,60,122
2019-03,Sub-Saharan Africa,South Sudan,Pamir,Post-emergency,31312,76,25,74,NA,11,31,67
2019-03,Sub-Saharan Africa,Tanzania,Mtendeli,Post-emergency,36808,83,22,100,NA,7,41,994
2019-03,Sub-Saharan Africa,Tanzania,Nduta,Post-emergency,92075,87,19,100,8,12,44,786
2019-03,Sub-Saharan Africa,Tanzania,Nyarugusu Burundian,Post-emergency,88813,111,19,100,NA,10,43,986
2019-03,Sub-Saharan Africa,Tanzania,Nyarugusu Congolese,Post-emergency,64954,74,22,98,NA,7,61,676
2019-03,Sub-Saharan Africa,Uganda,Kyaka II,Emergency,88436,1246,8,41,13,9,48,650
2019-03,Sub-Saharan Africa,Uganda,Nakivale,Post-emergency,89207,826,17,NA,20,4,72,336
2019-03,Sub-Saharan Africa,Uganda,Oruchinga,Post-emergency,7272,455,22,NA,7,6,67,106
2019-03,Sub-Saharan Africa,Ethiopia,Kebribeyah,Post-emergency,14685,138,11,NA,NA,12,62,863
2019-02,Northern Africa,Algeria,Auserd,Post-emergency,18638,61,16,100,4,5,94,642
2019-02,Northern Africa,Algeria,Boujdour,Post-emergency,9601,NA,18,100,4,5,94,331
2019-02,Northern Africa,Algeria,Dakhla,Post-emergency,10870,49,40,80,4,5,98,374
2019-02,Northern Africa,Algeria,Layounne,Post-emergency,25503,NA,15,100,5,5,88,1275
2019-02,Northern Africa,Algeria,Smara,Post-emergency,25389,98,8,100,5,5,87,1493
2019-02,Sub-Saharan Africa,Cameroon,Borgop,Post-emergency,12011,NA,14,0,15,15,NA,300
2019-02,Sub-Saharan Africa,Cameroon,Gado,Post-emergency,NA,NA,NA,NA,NA,0,NA,NA
2019-02,Sub-Saharan Africa,Cameroon,Lolo,Post-emergency,13379,160,10,NA,16,16,NA,431
2019-02,Sub-Saharan Africa,Cameroon,Mbile,Post-emergency,13121,NA,11,NA,14,14,NA,468
2019-02,Sub-Saharan Africa,Cameroon,Minawao,Post-emergency,56774,994,11,44,24,21,18,692
2019-02,Sub-Saharan Africa,Cameroon,Ngam,Post-emergency,6983,NA,14,0,21,13,NA,199
2019-02,Sub-Saharan Africa,Cameroon,Ngarisingo,Post-emergency,1221,NA,18,NA,9,10,NA,407
2019-02,Sub-Saharan Africa,Cameroon,Timangolo,Post-emergency,7141,145,10,NA,7,7,43,357
2019-02,Sub-Saharan Africa,Chad,Beakoro,Post-emergency,584,NA,14,NA,14,15,12,NA
2019-02,Sub-Saharan Africa,Chad,Bekan,Post-emergency,1991,NA,17,NA,9,9,22,NA
2019-02,Sub-Saharan Africa,Chad,Bekourou,Post-emergency,1444,NA,24,NA,27,28,13,NA
2019-02,Sub-Saharan Africa,Chad,Dembo,Post-emergency,3167,NA,11,NA,316,317,1,NA
2019-02,Sub-Saharan Africa,Chad,Diba,Post-emergency,3578,NA,13,NA,45,46,5,NA
2019-02,Sub-Saharan Africa,Chad,Dilingala,Post-emergency,2329,NA,25,NA,25,25,14,NA
2019-02,Sub-Saharan Africa,Chad,Gon,Post-emergency,1884,NA,25,NA,22,22,15,NA
2019-02,Sub-Saharan Africa,Chad,Silambi,Post-emergency,913,NA,26,NA,60,61,5,NA
2019-02,Sub-Saharan Africa,Chad,Vom,Post-emergency,1214,NA,29,NA,18,18,15,NA
2019-02,Sub-Saharan Africa,Democratic Republic of the Congo,Bili,Post-emergency,9414,1177,7,NA,16,9,69,2353
2019-02,Sub-Saharan Africa,Democratic Republic of the Congo,Biringi (Aru),Post-emergency,6083,NA,15,100,18,16,19,1216
2019-02,Sub-Saharan Africa,Democratic Republic of the Congo,Boyabu,Post-emergency,16893,NA,10,NA,49,37,10,4223
2019-02,Sub-Saharan Africa,Democratic Republic of the Congo,Inke,Post-emergency,17898,NA,6,NA,44,31,12,4474
2019-02,Sub-Saharan Africa,Democratic Republic of the Congo,Kaka (Dungu),Post-emergency,846,NA,46,100,7,8,28,282
2019-02,Sub-Saharan Africa,Democratic Republic of the Congo,Meri (Aba),Post-emergency,34106,NA,11,100,20,20,15,3410
2019-02,Sub-Saharan Africa,Democratic Republic of the Congo,Nambili (Doruma),Post-emergency,5853,NA,18,NA,23,18,23,1951
2019-02,Sub-Saharan Africa,Djibouti,Ali Adde,Post-emergency,15545,79,13,100,55,10,35,NA
2019-02,Sub-Saharan Africa,Ethiopia,Adi Harush,Post-emergency,28651,154,13,98,100,21,45,1432
2019-02,Sub-Saharan Africa,Ethiopia,Awbarre,Post-emergency,17484,84,20,60,NA,32,11,3496
2019-02,Sub-Saharan Africa,Ethiopia,Aysaita,Post-emergency,18369,136,16,98,64,25,11,3673
2019-02,Sub-Saharan Africa,Ethiopia,Bambasi,Post-emergency,17516,65,15,100,407,6,77,1167
2019-02,Sub-Saharan Africa,Ethiopia,Berhale,Post-emergency,17323,131,8,98,37,20,14,1332
2019-02,Sub-Saharan Africa,Ethiopia,Bokolmanyo,Post-emergency,42981,696,16,100,NA,39,12,716
2019-02,Sub-Saharan Africa,Ethiopia,Buramino,Post-emergency,42271,116,15,100,73,43,11,1625
2019-02,Sub-Saharan Africa,Ethiopia,Dollo Ado Transit Centre,Emergency,428,NA,23,NA,53,21,NA,NA
2019-02,Sub-Saharan Africa,Ethiopia,Fugnido,Post-emergency,37241,63,20,100,34,10,46,689
2019-02,Sub-Saharan Africa,Ethiopia,Fugnido 2,Post-emergency,8072,44,21,100,5,9,48,403
2019-02,Sub-Saharan Africa,Ethiopia,Hilaweyn,Post-emergency,51807,148,15,100,24,50,10,1671
2019-02,Sub-Saharan Africa,Ethiopia,Jewi,Post-emergency,64053,140,15,100,31,11,45,1067
2019-02,Sub-Saharan Africa,Ethiopia,Kobe,Post-emergency,42275,144,20,100,25,18,19,704
2019-02,Sub-Saharan Africa,Ethiopia,Kule,Post-emergency,41615,136,14,100,26,10,45,526
2019-02,Sub-Saharan Africa,Ethiopia,Mai Aini,Post-emergency,21095,NA,12,100,49,13,57,1110
2019-02,Sub-Saharan Africa,Ethiopia,Melkadida,Post-emergency,34784,141,20,100,28,17,22,579
2019-02,Sub-Saharan Africa,Ethiopia,Nguenyyiel,Post-emergency,80372,134,8,100,16,13,35,472
2019-02,Sub-Saharan Africa,Ethiopia,Okugo,Post-emergency,14925,113,13,100,NA,11,31,678
2019-02,Sub-Saharan Africa,Ethiopia,Sheder,Post-emergency,10449,91,15,17,NA,13,39,2089
2019-02,Sub-Saharan Africa,Ethiopia,Sherkole,Post-emergency,11017,111,21,100,5,7,53,612
2019-02,Sub-Saharan Africa,Ethiopia,Shimelba,Post-emergency,7337,94,23,98,35,7,63,458
2019-02,Sub-Saharan Africa,Ethiopia,Tierkidi,Post-emergency,73885,212,5,100,310,19,23,1343
2019-02,Sub-Saharan Africa,Ethiopia,Tongo,Post-emergency,12219,180,13,100,5,9,53,872
2019-02,Sub-Saharan Africa,Ethiopia,Tsore Camp (Assosa),Post-emergency,13076,105,23,100,11,7,67,688
2019-02,Western Asia,Iraq,Arbat,Post-emergency,8985,NA,86,100,4,4,88,NA
2019-02,Western Asia,Iraq,Basirma,Post-emergency,2866,5,81,100,4,5,100,955
2019-02,Western Asia,Iraq,Kawergosk,Post-emergency,7812,1,78,100,4,4,100,976
2019-02,Western Asia,Iraq,Qushtapa,Post-emergency,8175,4,91,100,4,4,100,908
2019-02,Sub-Saharan Africa,Malawi,Dzaleka,Post-emergency,38297,638,6,NA,12,7,47,134
2019-02,Sub-Saharan Africa,Niger,Abala,Post-emergency,15684,234,20,NA,70,22,NA,15684
2019-02,Sub-Saharan Africa,Niger,Ayerou,Post-emergency,473,437,23,NA,NA,NA,NA,NA
2019-02,Sub-Saharan Africa,Niger,Sayam Forage,Post-emergency,13880,194,14,67,95,31,9,2313
2019-02,Sub-Saharan Africa,Niger,Tabareybarey,Post-emergency,10551,199,15,NA,53,29,NA,NA
2019-02,Sub-Saharan Africa,Nigeria,Adagom,Emergency,7882,NA,14,NA,40,46,NA,NA
2019-02,Sub-Saharan Africa,South Sudan,Ajoung Thok,Post-emergency,37373,72,32,89,NA,7,60,308
2019-02,Sub-Saharan Africa,South Sudan,Doro,Post-emergency,59828,102,22,100,NA,16,28,273
2019-02,Sub-Saharan Africa,South Sudan,Gendrassa,Post-emergency,17545,134,22,100,NA,8,56,274
2019-02,Sub-Saharan Africa,South Sudan,Kaya,Post-emergency,23190,NA,19,NA,NA,12,38,181
2019-02,Sub-Saharan Africa,South Sudan,Pamir,Post-emergency,28609,75,24,84,NA,10,35,420
2019-02,Sub-Saharan Africa,South Sudan,Yusuf Batil,Post-emergency,45313,92,21,100,NA,13,38,384
2019-02,Northern Africa,Sudan,El Fardus,Post-emergency,5933,NA,17,100,NA,7,41,131
2019-02,Sub-Saharan Africa,Tanzania,Mtendeli,Post-emergency,37418,83,21,100,NA,8,41,1011
2019-02,Sub-Saharan Africa,Tanzania,Nduta,Post-emergency,92857,88,19,100,9,11,46,793
2019-02,Sub-Saharan Africa,Tanzania,Nyarugusu Burundian,Post-emergency,90314,115,19,100,NA,10,43,981
2019-02,Sub-Saharan Africa,Tanzania,Nyarugusu Congolese,Post-emergency,64853,72,23,100,NA,7,61,675
2019-02,Sub-Saharan Africa,Uganda,Imvepi,Post-emergency,NA,NA,NA,NA,NA,NA,NA,NA
2019-02,Sub-Saharan Africa,Uganda,Kyaka II,Emergency,88436,NA,8,NA,13,9,NA,NA
2019-02,Sub-Saharan Africa,Uganda,Nakivale,Post-emergency,89207,920,17,100,21,4,72,336
2019-02,Sub-Saharan Africa,Uganda,Oruchinga,Post-emergency,7272,455,22,100,6,5,77,NA
2019-02,Sub-Saharan Africa,Uganda,Rwamwanja,Post-emergency,65071,1162,17,100,10,6,82,373
2019-02,Sub-Saharan Africa,Ethiopia,Awbarre,Post-emergency,11782,NA,19,35,11,6,100,693
2019-02,Sub-Saharan Africa,Ethiopia,Kebribeyah,Post-emergency,14685,98,9,NA,77,12,62,863
2019-02,Sub-Saharan Africa,Ethiopia,Fugnido,Post-emergency,NA,0,NA,NA,0,0,NA,0
2019-02,Sub-Saharan Africa,Ethiopia,Jewi,Post-emergency,NA,0,NA,NA,0,0,NA,0
2019-02,Sub-Saharan Africa,Rwanda,Mugombwa,Post-emergency,9397,107,18,96,39,23,NA,783
2018-01,Northern Africa,Algeria,Auserd,Post-emergency,18638,61,15,100,4,5,94,642
2018-01,Northern Africa,Algeria,Boujdour,Post-emergency,9601,NA,20,100,4,5,94,331
2018-01,Northern Africa,Algeria,Dakhla,Post-emergency,10870,49,47,100,4,5,98,374
2018-01,Northern Africa,Algeria,Layounne,Post-emergency,25503,NA,10,100,5,5,88,1275
2018-01,Northern Africa,Algeria,Smara,Post-emergency,25389,98,7,100,5,5,87,1493
2018-01,Sub-Saharan Africa,Cameroon,Borgop,Post-emergency,11817,NA,15,0,15,15,NA,295
2018-01,Sub-Saharan Africa,Cameroon,Gado,Post-emergency,25403,NA,8,75,NA,39,1,NA
2018-01,Sub-Saharan Africa,Cameroon,Lolo,Post-emergency,13467,160,11,NA,16,16,NA,434
2018-01,Sub-Saharan Africa,Cameroon,Mbile,Post-emergency,13121,NA,10,NA,14,14,NA,468
2018-01,Sub-Saharan Africa,Cameroon,Minawao,Post-emergency,56353,NA,11,75,23,21,18,731
2018-01,Sub-Saharan Africa,Cameroon,Ngam,Post-emergency,6983,NA,16,0,18,12,NA,199
2018-01,Sub-Saharan Africa,Cameroon,Ngarisingo,Post-emergency,1221,NA,18,NA,9,10,NA,407
2018-01,Sub-Saharan Africa,Cameroon,Timangolo,Post-emergency,7141,145,10,NA,7,7,44,357
2018-01,Sub-Saharan Africa,Chad,Dar Es Salam,Emergency,4627,NA,20,NA,54,28,NA,NA
2018-01,Sub-Saharan Africa,Democratic Republic of the Congo,Bili,Post-emergency,9414,1177,7,NA,16,9,69,2353
2018-01,Sub-Saharan Africa,Democratic Republic of the Congo,Boyabu,Post-emergency,16893,NA,9,NA,78,47,8,4223
2018-01,Sub-Saharan Africa,Democratic Republic of the Congo,Inke,Post-emergency,17898,NA,6,NA,44,31,12,4474
2018-01,Sub-Saharan Africa,Djibouti,Ali Adde,Post-emergency,15347,78,14,100,54,10,35,NA
2018-01,Sub-Saharan Africa,Djibouti,Holl Holl,Post-emergency,6359,NA,16,NA,NA,NA,NA,NA
2018-01,Sub-Saharan Africa,Ethiopia,Adi Harush,Post-emergency,26542,143,13,100,93,20,44,1327
2018-01,Sub-Saharan Africa,Ethiopia,Awbarre,Post-emergency,NA,NA,NA,NA,NA,NA,NA,NA
2018-01,Sub-Saharan Africa,Ethiopia,Aysaita,Post-emergency,17856,132,15,100,62,36,35,3571
2018-01,Sub-Saharan Africa,Ethiopia,Bambasi,Post-emergency,17516,50,13,100,407,6,77,1167
2018-01,Sub-Saharan Africa,Ethiopia,Berhale,Post-emergency,15730,90,9,100,39,21,48,1210
2018-01,Sub-Saharan Africa,Ethiopia,Bokolmanyo,Post-emergency,42981,696,16,100,NA,43,NA,716
2018-01,Sub-Saharan Africa,Ethiopia,Buramino,Post-emergency,42271,844,15,100,51,52,11,1625
2018-01,Sub-Saharan Africa,Ethiopia,Dollo Ado Transit Centre,Emergency,200,NA,50,NA,20,20,NA,NA
2018-01,Sub-Saharan Africa,Ethiopia,Fugnido,Post-emergency,35136,60,21,100,32,9,48,650
2018-01,Sub-Saharan Africa,Ethiopia,Fugnido 2,Post-emergency,17893,97,20,100,13,20,22,894
2018-01,Sub-Saharan Africa,Ethiopia,Hilaweyn,Post-emergency,51807,886,15,100,63,63,9,1671
2018-01,Sub-Saharan Africa,Ethiopia,Jewi,Post-emergency,63655,140,15,100,31,11,45,1097
2018-01,Sub-Saharan Africa,Ethiopia,Kobe,Post-emergency,48275,976,18,100,NA,29,NA,804
2018-01,Sub-Saharan Africa,Ethiopia,Kule,Post-emergency,40210,131,14,100,25,10,46,508
2018-01,Sub-Saharan Africa,Ethiopia,Mai Aini,Post-emergency,20817,129,13,100,49,13,57,1095
2018-01,Sub-Saharan Africa,Ethiopia,Melkadida,Post-emergency,34784,846,20,100,28,29,NA,579
2018-01,Sub-Saharan Africa,Ethiopia,Nguenyyiel,Post-emergency,79864,133,13,86,16,13,35,469
2018-01,Sub-Saharan Africa,Ethiopia,Okugo,Post-emergency,14703,111,12,100,NA,11,31,668
2018-01,Sub-Saharan Africa,Ethiopia,Sherkole,Post-emergency,11017,83,19,50,5,7,53,612
2018-01,Sub-Saharan Africa,Ethiopia,Shimelba,Post-emergency,7110,91,27,100,34,7,63,444
2018-01,Sub-Saharan Africa,Ethiopia,Tierkidi,Post-emergency,73881,212,5,100,310,19,23,1343
2018-01,Sub-Saharan Africa,Ethiopia,Tongo,Post-emergency,12219,88,12,100,5,9,53,872
2018-01,Sub-Saharan Africa,Ethiopia,Tsore Camp (Assosa),Post-emergency,13076,101,25,100,11,7,67,688
2018-01,Sub-Saharan Africa,Ghana,Ampain,Post-emergency,3262,NA,1,33,34,21,NA,191
2018-01,Sub-Saharan Africa,Ghana,Fetentaa,Post-emergency,948,61,36,0,39,10,2,94
2018-01,Western Asia,Iraq,Arbat,Post-emergency,8940,4,87,100,4,4,88,NA
2018-01,Western Asia,Iraq,Basirma,Post-emergency,2863,5,80,100,4,5,100,954
2018-01,Western Asia,Iraq,Kawergosk,Post-emergency,7788,4,80,100,4,4,100,973
2018-01,Western Asia,Iraq,Qushtapa,Post-emergency,8128,4,78,100,4,4,100,903
2018-01,Western Asia,Jordan,Azraq,Post-emergency,40000,33,40,100,13333,18,NA,NA
2018-01,Sub-Saharan Africa,Niger,Abala,Post-emergency,15692,234,14,NA,70,59,NA,15692
2018-01,Sub-Saharan Africa,Niger,Ayerou,Post-emergency,473,437,17,NA,2,3,100,473
2018-01,Sub-Saharan Africa,Niger,Sayam Forage,Post-emergency,13944,195,12,60,95,31,9,2324
2018-01,Sub-Saharan Africa,Niger,Tabareybarey,Post-emergency,10555,NA,14,NA,53,33,NA,10555
2018-01,Sub-Saharan Africa,South Sudan,Ajoung Thok,Post-emergency,38007,74,27,85,NA,7,58,314
2018-01,Sub-Saharan Africa,South Sudan,Doro,Post-emergency,59772,102,22,NA,NA,16,28,274
2018-01,Sub-Saharan Africa,South Sudan,Gendrassa,Post-emergency,17526,134,22,NA,NA,8,56,273
2018-01,Sub-Saharan Africa,South Sudan,Kaya,Post-emergency,22918,66,20,NA,NA,12,37,181
2018-01,Sub-Saharan Africa,South Sudan,Pamir,Post-emergency,28791,82,19,78,NA,10,35,423
2018-01,Sub-Saharan Africa,South Sudan,Yusuf Batil,Post-emergency,45333,92,20,NA,NA,13,38,390
2018-01,Sub-Saharan Africa,Tanzania,Mtendeli,Post-emergency,37233,83,20,100,NA,8,41,1006
2018-01,Sub-Saharan Africa,Tanzania,Nduta,Post-emergency,92420,89,19,100,9,11,46,789
2018-01,Sub-Saharan Africa,Tanzania,Nyarugusu Burundian,Post-emergency,89889,117,19,100,NA,10,43,987
2018-01,Sub-Saharan Africa,Tanzania,Nyarugusu Congolese,Post-emergency,64758,73,19,100,NA,7,61,674
2018-01,Sub-Saharan Africa,Uganda,Adjumani,Post-emergency,203449,332,16,100,NA,8,73,978
2018-01,Sub-Saharan Africa,Uganda,Imvepi,Post-emergency,NA,NA,NA,NA,NA,NA,NA,NA
2018-01,Sub-Saharan Africa,Uganda,Kyangwali,Emergency,89281,NA,12,NA,NA,5,NA,NA
2018-01,Sub-Saharan Africa,Uganda,Nakivale,Post-emergency,97645,904,15,71,22,5,72,368
2018-01,Sub-Saharan Africa,Uganda,Oruchinga,Post-emergency,7272,755,13,NA,5,5,82,279
2018-01,Sub-Saharan Africa,Uganda,Rhino Camp,Post-emergency,40664,478,0,NA,NA,NA,NA,NA
2018-01,Sub-Saharan Africa,Uganda,Rwamwanja,Post-emergency,65542,1328,13,100,11,6,82,350
2019-01,Sub-Saharan Africa,Ethiopia,Awbarre,Post-emergency,11782,112,21,0,11,6,100,693
2019-01,Sub-Saharan Africa,Ethiopia,Sheder,Post-emergency,10449,NA,0,NA,NA,NA,NA,NA
2018-07,Southern Asia,Bangladesh,Camp 1E,NA,NA,NA,NA,NA,NA,NA,0,NA
2018-07,Southern Asia,Bangladesh,Camp 21,NA,NA,NA,NA,NA,NA,NA,0,NA
2018-07,Southern Asia,Bangladesh,Camp 26,NA,NA,NA,NA,NA,NA,NA,0,NA
2018-07,Southern Asia,Bangladesh,Camp 2W,NA,NA,NA,NA,NA,NA,NA,0,NA
2018-07,Southern Asia,Bangladesh,Camp 3,NA,NA,NA,NA,NA,NA,NA,0,NA
2018-07,Southern Asia,Bangladesh,Camp 4,NA,NA,NA,NA,NA,NA,NA,0,NA
2018-07,Southern Asia,Bangladesh,Camp 4 Ext,NA,NA,NA,NA,NA,NA,NA,0,NA
2018-07,Southern Asia,Bangladesh,Camp 5,NA,NA,NA,NA,NA,NA,NA,0,NA
2018-07,Southern Asia,Bangladesh,Kutupalong,NA,NA,NA,NA,NA,NA,NA,0,NA
2018-07,Southern Asia,Bangladesh,Nayapara,NA,NA,NA,NA,NA,NA,NA,0,NA
2018-07,Sub-Saharan Africa,Burkina Faso,Goudebo,NA,NA,NA,NA,NA,NA,NA,85,NA
2018-07,Sub-Saharan Africa,Burkina Faso,Mentao,NA,NA,NA,NA,NA,NA,NA,85,NA
2018-07,Sub-Saharan Africa,Chad,Amboko,NA,NA,NA,NA,NA,NA,NA,55,NA
2018-07,Sub-Saharan Africa,Chad,Amnabak,NA,NA,NA,NA,NA,NA,NA,77,NA
2018-07,Sub-Saharan Africa,Chad,Belom,NA,NA,NA,NA,NA,NA,NA,85,NA
2018-07,Sub-Saharan Africa,Chad,Bredjing,NA,NA,NA,NA,NA,NA,NA,90,NA
2018-07,Sub-Saharan Africa,Chad,Dar Es Salam,NA,NA,NA,NA,NA,NA,NA,92,NA
2018-07,Sub-Saharan Africa,Chad,Djabal,NA,NA,NA,NA,NA,NA,NA,88,NA
2018-07,Sub-Saharan Africa,Chad,Doholo,NA,NA,NA,NA,NA,NA,NA,85,NA
2018-07,Sub-Saharan Africa,Chad,Dosseye,NA,NA,NA,NA,NA,NA,NA,78,NA
2018-07,Sub-Saharan Africa,Chad,Farchana,NA,NA,NA,NA,NA,NA,NA,87,NA
2018-07,Sub-Saharan Africa,Chad,Gaga,NA,NA,NA,NA,NA,NA,NA,91,NA
2018-07,Sub-Saharan Africa,Chad,Gondje,NA,NA,NA,NA,NA,NA,NA,52,NA
2018-07,Sub-Saharan Africa,Chad,Goz Amer,NA,NA,NA,NA,NA,NA,NA,70,NA
2018-07,Sub-Saharan Africa,Chad,Iridimi,NA,NA,NA,NA,NA,NA,NA,83,NA
2018-07,Sub-Saharan Africa,Chad,Kerfi,NA,NA,NA,NA,NA,NA,NA,75,NA
2018-07,Sub-Saharan Africa,Chad,Kounoungou,NA,NA,NA,NA,NA,NA,NA,96,NA
2018-07,Sub-Saharan Africa,Chad,Mile,NA,NA,NA,NA,NA,NA,NA,95,NA
2018-07,Sub-Saharan Africa,Chad,Moyo,NA,NA,NA,NA,NA,NA,NA,54,NA
2018-07,Sub-Saharan Africa,Chad,Oure Cassoni,NA,NA,NA,NA,NA,NA,NA,89,NA
2018-07,Sub-Saharan Africa,Chad,Touloum,NA,NA,NA,NA,NA,NA,NA,65,NA
2018-07,Sub-Saharan Africa,Chad,Treguine,NA,NA,NA,NA,NA,NA,NA,89,NA
2018-07,Sub-Saharan Africa,Ethiopia,Fugnido,NA,NA,NA,NA,NA,NA,NA,40,NA
2018-07,Sub-Saharan Africa,Ethiopia,Fugnido 2,NA,NA,NA,NA,NA,NA,NA,39,NA
2018-07,Sub-Saharan Africa,Ethiopia,Jewi,NA,NA,NA,NA,NA,NA,NA,97,NA
2018-07,Sub-Saharan Africa,Ethiopia,Kule,NA,NA,NA,NA,NA,NA,NA,39,NA
2018-07,Sub-Saharan Africa,Ethiopia,Nguenyyiel,NA,NA,NA,NA,NA,NA,NA,83,NA
2018-07,Sub-Saharan Africa,Ethiopia,Tierkidi,NA,NA,NA,NA,NA,NA,NA,23,NA
2018-07,Western Asia,Iraq,Arbat,NA,NA,NA,NA,NA,NA,NA,100,NA
2018-07,Sub-Saharan Africa,Kenya,Dagahaley,NA,NA,NA,NA,NA,NA,NA,94.3,NA
2018-07,Sub-Saharan Africa,Kenya,Hagadera,NA,NA,NA,NA,NA,NA,NA,94.3,NA
2018-07,Sub-Saharan Africa,Kenya,Ifo,NA,NA,NA,NA,NA,NA,NA,94.3,NA
2018-07,Sub-Saharan Africa,Niger,Abala,NA,NA,NA,NA,NA,NA,NA,14.46,NA
2018-07,Sub-Saharan Africa,Niger,Sayam Forage,NA,NA,NA,NA,NA,NA,NA,0,NA
2018-07,Sub-Saharan Africa,Niger,Tabareybarey,NA,NA,NA,NA,NA,NA,NA,20.99,NA
2018-07,Sub-Saharan Africa,Republic of Congo,Betou,NA,NA,NA,NA,NA,NA,NA,81.7,NA
2018-07,Sub-Saharan Africa,Rwanda,Kigeme,NA,NA,NA,NA,NA,NA,NA,1,NA
2018-07,Sub-Saharan Africa,Rwanda,Mugombwa,NA,NA,NA,NA,NA,NA,NA,2.6,NA
2018-07,Sub-Saharan Africa,South Sudan,Pamir,NA,NA,NA,NA,NA,NA,NA,44,NA
2018-07,Northern Africa,Sudan,Abuda,NA,NA,NA,NA,NA,NA,NA,56,NA
2018-07,Northern Africa,Sudan,Al Jameya,NA,NA,NA,NA,NA,NA,NA,88.1,NA
2018-07,Northern Africa,Sudan,Al Kashafa,NA,NA,NA,NA,NA,NA,NA,63.9,NA
2018-07,Northern Africa,Sudan,Al Redis 1,NA,NA,NA,NA,NA,NA,NA,71.3,NA
2018-07,Northern Africa,Sudan,Al Redis 2,NA,NA,NA,NA,NA,NA,NA,23.2,NA
2018-07,Northern Africa,Sudan,Alagaya,NA,NA,NA,NA,NA,NA,NA,2,NA
2018-07,Northern Africa,Sudan,Dabat Bosin,NA,NA,NA,NA,NA,NA,NA,0,NA
2018-07,Northern Africa,Sudan,Jouri,NA,NA,NA,NA,NA,NA,NA,77,NA
2018-07,Northern Africa,Sudan,Khor Alwarel,NA,NA,NA,NA,NA,NA,NA,1.3,NA
2018-07,Northern Africa,Sudan,Shagarab I,NA,NA,NA,NA,NA,NA,NA,56,NA
2018-07,Northern Africa,Sudan,Um Gargour,NA,NA,NA,NA,NA,NA,NA,25.5,NA
2018-07,Northern Africa,Sudan,Um Sangour,NA,NA,NA,NA,NA,NA,NA,10.7,NA
2018-07,Sub-Saharan Africa,Tanzania,Nduta,NA,NA,NA,NA,NA,NA,NA,58,NA
2018-07,Sub-Saharan Africa,Uganda,Kyaka II,NA,NA,NA,NA,NA,NA,NA,67.2,NA
2018-07,Sub-Saharan Africa,Uganda,Kyangwali,NA,NA,NA,NA,NA,NA,NA,63.3,NA
2018-07,Sub-Saharan Africa,Uganda,Oruchinga,NA,NA,NA,NA,NA,NA,NA,98,NA
2018-07,Sub-Saharan Africa,Uganda,Rwamwanja,NA,NA,NA,NA,NA,NA,NA,93.3,NA
2018-12,Sub-Saharan Africa,Chad,Amboko,Post-emergency,11078,NA,24,96,6,6,68,2215
2018-12,Sub-Saharan Africa,Chad,Amnabak,Post-emergency,22964,242,11,100,18,18,22,4592
2018-12,Sub-Saharan Africa,Chad,Belom,Post-emergency,22686,NA,29,NA,6,7,60,2835
2018-12,Sub-Saharan Africa,Chad,Bredjing,Post-emergency,47347,214,14,100,10,11,40,4734
2018-12,Sub-Saharan Africa,Chad,Dar Es Salam,Post-emergency,7648,NA,27,100,22,16,19,637
2018-12,Sub-Saharan Africa,Chad,Djabal,Post-emergency,23104,214,20,100,10,10,45,4620
2018-12,Sub-Saharan Africa,Chad,Doholo,Post-emergency,6653,NA,28,100,6,6,59,1330
2018-12,Sub-Saharan Africa,Chad,Dosseye,Post-emergency,16156,NA,29,NA,5,6,66,2019
2018-12,Sub-Saharan Africa,Chad,Farchana,Post-emergency,29552,157,11,100,7,8,55,4221
2018-12,Sub-Saharan Africa,Chad,Gaga,Post-emergency,25970,191,14,100,8,8,55,4328
2018-12,Sub-Saharan Africa,Chad,Gondje,Post-emergency,9165,NA,32,NA,7,7,60,1833
2018-12,Sub-Saharan Africa,Chad,Goz Amer,Post-emergency,34971,NA,18,83,8,9,50,4995
2018-12,Sub-Saharan Africa,Chad,Iridimi,Post-emergency,20624,164,14,100,12,12,32,3437
2018-12,Sub-Saharan Africa,Chad,Kerfi,Post-emergency,1350,NA,40,83,6,6,64,270
2018-12,Sub-Saharan Africa,Chad,Kounoungou,Post-emergency,19540,362,14,100,12,12,32,3908
2018-12,Sub-Saharan Africa,Chad,Mile,Post-emergency,20640,246,13,100,15,15,26,4128
2018-12,Sub-Saharan Africa,Chad,Moyo,Post-emergency,8379,NA,41,NA,5,6,67,1675
2018-12,Sub-Saharan Africa,Chad,Oure Cassoni,Post-emergency,30386,203,15,100,8,8,45,6077
2018-12,Sub-Saharan Africa,Chad,Touloum,Post-emergency,25034,295,14,100,14,13,31,4172
2018-12,Sub-Saharan Africa,Chad,Treguine,Post-emergency,25127,NA,13,NA,7,7,60,4187
2018-12,Western Asia,Jordan,Azraq,Post-emergency,40615,34,37,100,13,14,NA,NA
2018-12,Western Asia,Jordan,Za'atri,Post-emergency,78605,4,33,100,4,4,100,NA
2018-12,Sub-Saharan Africa,Rwanda,Mahama,Post-emergency,58552,88,20,100,17,18,NA,487
2018-12,Sub-Saharan Africa,South Sudan,Jammam,Post-emergency,NA,NA,NA,NA,NA,NA,NA,NA
2018-12,Sub-Saharan Africa,Uganda,Kyaka II,Emergency,76800,NA,14,NA,17,9,NA,NA
2018-12,Sub-Saharan Africa,Uganda,Nakivale,Post-emergency,97645,904,16,49,22,5,70,368
2018-12,Sub-Saharan Africa,Uganda,Oruchinga,Post-emergency,6986,822,21,88,5,5,82,258
2018-12,Sub-Saharan Africa,Uganda,Rwamwanja,Post-emergency,65071,1143,14,100,11,6,82,347
2018-12,Sub-Saharan Africa,Uganda,Kyangwali,Post-emergency,86220,NA,14,NA,NA,12,22,749
2018-12,Sub-Saharan Africa,Somalia,North West,NA,NA,NA,NA,NA,NA,NA,100,NA
2018-12,Sub-Saharan Africa,Uganda,Nakivale,Post-emergency,97645,904,16,49,9,5,71,368
2018-12,Sub-Saharan Africa,Uganda,Oruchinga,Post-emergency,6986,822,21,88,8,5,81,258
2018-11,Northern Africa,Algeria,Auserd,Post-emergency,18638,198,16,89,3,4,100,642
2018-11,Northern Africa,Algeria,Boujdour,Post-emergency,9601,NA,29,57,4,5,94,331
2018-11,Northern Africa,Algeria,Dakhla,Post-emergency,10870,95,74,NA,4,5,98,374
2018-11,Sub-Saharan Africa,Chad,Amboko,Post-emergency,11088,NA,24,NA,6,6,67,2217
2018-11,Sub-Saharan Africa,Chad,Amnabak,Post-emergency,23102,257,11,100,18,18,21,4620
2018-11,Sub-Saharan Africa,Chad,Belom,Post-emergency,22681,NA,30,NA,6,7,60,2835
2018-11,Sub-Saharan Africa,Chad,Bredjing,Post-emergency,47059,222,14,100,10,11,40,4705
2018-11,Sub-Saharan Africa,Chad,Djabal,Post-emergency,22802,211,20,100,9,10,47,4560
2018-11,Sub-Saharan Africa,Chad,Doholo,Post-emergency,6653,NA,25,NA,6,6,57,1330
2018-11,Sub-Saharan Africa,Chad,Dosseye,Post-emergency,16182,NA,29,NA,6,6,66,2022
2018-11,Sub-Saharan Africa,Chad,Gondje,Post-emergency,9169,NA,32,NA,7,7,59,1833
2018-11,Sub-Saharan Africa,Chad,Goz Amer,Post-emergency,35050,NA,18,100,8,9,50,5007
2018-11,Sub-Saharan Africa,Chad,Iridimi,Post-emergency,20662,164,14,100,12,12,32,3443
2018-11,Sub-Saharan Africa,Chad,Kerfi,Post-emergency,1789,NA,30,NA,8,8,43,357
2018-11,Sub-Saharan Africa,Chad,Moyo,Post-emergency,8380,NA,39,NA,5,6,66,1676
2018-11,Sub-Saharan Africa,Chad,Oure Cassoni,Post-emergency,30372,202,15,100,8,8,44,6074
2018-11,Sub-Saharan Africa,Chad,Touloum,Post-emergency,25046,295,14,100,14,13,30,4174
2018-11,Sub-Saharan Africa,Chad,Treguine,Post-emergency,25062,NA,13,NA,7,7,60,4177
2018-11,Western Asia,Jordan,Azraq,Post-emergency,40489,34,40,100,13,14,NA,NA
2018-11,Western Asia,Jordan,Za'atri,Post-emergency,78559,4,35,100,4,4,100,NA
2018-11,Sub-Saharan Africa,Tanzania,Mtendeli,Post-emergency,37205,82,27,100,148,7,67,1240
2018-11,Sub-Saharan Africa,Uganda,Kyangwali,Post-emergency,86220,NA,14,NA,NA,NA,NA,NA
2018-11,Sub-Saharan Africa,Uganda,Kyangwali,NA,NA,NA,NA,NA,NA,NA,63.3,NA
2018-11,Sub-Saharan Africa,Uganda,Nakivale,NA,NA,NA,NA,NA,NA,NA,92,NA
2018-10,Western Asia,Jordan,Azraq,Post-emergency,40712,34,48,100,13,14,NA,NA
2018-10,Western Asia,Jordan,Za'atri,Post-emergency,78406,4,35,100,4,4,100,NA
2018-10,Sub-Saharan Africa,Uganda,Kyaka II,Emergency,63094,NA,15,NA,14,8,100,NA
2018-09,Western Asia,Jordan,Azraq,Post-emergency,40901,34,51,100,13,14,NA,NA
2018-09,Western Asia,Jordan,Za'atri,Post-emergency,78357,4,37,100,4,4,100,NA
2018-08,Western Asia,Jordan,Azraq,Post-emergency,40901,34,50,100,13,14,NA,NA
2018-08,Western Asia,Jordan,Za'atri,Post-emergency,78609,4,30,100,4,4,100,NA
2018-07,Western Asia,Jordan,Azraq,Post-emergency,40408,33,52,100,13,14,NA,NA
2018-07,Western Asia,Jordan,Za'atri,Post-emergency,78551,4,32,100,4,4,100,NA
2018-06,Western Asia,Jordan,Azraq,Post-emergency,40092,33,50,100,13,14,NA,NA
2018-06,Western Asia,Jordan,Za'atri,Post-emergency,78552,4,35,100,4,4,100,NA
2018-05,Western Asia,Jordan,Azraq,Post-emergency,41103,34,44,100,14,15,NA,NA
2018-05,Western Asia,Jordan,Za'atri,Post-emergency,78545,4,36,100,4,4,100,NA
2018-04,Western Asia,Jordan,Azraq,Post-emergency,41505,34,44,100,14,14,NA,NA
2018-04,Western Asia,Jordan,Za'atri,Post-emergency,78658,4,35,100,4,4,100,NA
2018-03,Western Asia,Jordan,Azraq,Post-emergency,46908,39,38,100,15,16,NA,NA
2018-03,Western Asia,Jordan,Za'atri,Post-emergency,78804,4,36,100,4,4,100,NA
2018-03,Sub-Saharan Africa,Zambia,Mantapala,Emergency,2170,NA,19,NA,NA,49,NA,NA
2018-03,Sub-Saharan Africa,Zambia,Mayukwayukwa,Post-emergency,11982,NA,23,NA,NA,17,NA,171
2018-03,Sub-Saharan Africa,Zambia,Meheba,Post-emergency,19997,NA,17,NA,NA,38,29,833
2018-02,Western Asia,Jordan,Azraq,Post-emergency,53967,45,27,100,18,18,NA,NA
2018-02,Western Asia,Jordan,Za'atri,Post-emergency,78989,4,36,100,4,4,100,NA
2018-01,Western Asia,Jordan,Azraq,Post-emergency,53782,45,25,100,18,18,NA,NA
2018-01,Western Asia,Jordan,Za'atri,Post-emergency,78994,4,36,100,4,4,100,NA
2017-07,Southern Asia,Bangladesh,Camp 17,NA,NA,NA,NA,NA,NA,NA,0,NA
2017-07,Sub-Saharan Africa,Chad,Amboko,NA,NA,NA,NA,NA,NA,NA,76,NA
2017-07,Sub-Saharan Africa,Chad,Amnabak,NA,NA,NA,NA,NA,NA,NA,35,NA
2017-07,Sub-Saharan Africa,Chad,Belom,NA,NA,NA,NA,NA,NA,NA,65.3,NA
2017-07,Sub-Saharan Africa,Chad,Bredjing,NA,NA,NA,NA,NA,NA,NA,50,NA
2017-07,Sub-Saharan Africa,Chad,Dar Es Salam,NA,NA,NA,NA,NA,NA,NA,23.16,NA
2017-07,Sub-Saharan Africa,Chad,Djabal,NA,NA,NA,NA,NA,NA,NA,45,NA
2017-07,Sub-Saharan Africa,Chad,Doholo,NA,NA,NA,NA,NA,NA,NA,73,NA
2017-07,Sub-Saharan Africa,Chad,Dosseye,NA,NA,NA,NA,NA,NA,NA,67,NA
2017-07,Sub-Saharan Africa,Chad,Farchana,NA,NA,NA,NA,NA,NA,NA,47,NA
2017-07,Sub-Saharan Africa,Chad,Gaga,NA,NA,NA,NA,NA,NA,NA,50,NA
2017-07,Sub-Saharan Africa,Chad,Gondje,NA,NA,NA,NA,NA,NA,NA,67.66,NA
2017-07,Sub-Saharan Africa,Chad,Goz Amer,NA,NA,NA,NA,NA,NA,NA,47,NA
2017-07,Sub-Saharan Africa,Chad,Iridimi,NA,NA,NA,NA,NA,NA,NA,32,NA
2017-07,Sub-Saharan Africa,Chad,Kerfi,NA,NA,NA,NA,NA,NA,NA,34,NA
2017-07,Sub-Saharan Africa,Chad,Kounoungou,NA,NA,NA,NA,NA,NA,NA,36.4,NA
2017-07,Sub-Saharan Africa,Chad,Mile,NA,NA,NA,NA,NA,NA,NA,42,NA
2017-07,Sub-Saharan Africa,Chad,Moyo,NA,NA,NA,NA,NA,NA,NA,66.83,NA
2017-07,Sub-Saharan Africa,Chad,Oure Cassoni,NA,NA,NA,NA,NA,NA,NA,44.1,NA
2017-07,Sub-Saharan Africa,Chad,Touloum,NA,NA,NA,NA,NA,NA,NA,35.8,NA
2017-07,Sub-Saharan Africa,Chad,Treguine,NA,NA,NA,NA,NA,NA,NA,65,NA
2017-07,Sub-Saharan Africa,Ethiopia,Adi Harush,NA,NA,NA,NA,NA,NA,NA,90.2,NA
2017-07,Sub-Saharan Africa,Ethiopia,Kule,NA,NA,NA,NA,NA,NA,NA,93,NA
2017-07,Sub-Saharan Africa,Ethiopia,Mai Aini,NA,NA,NA,NA,NA,NA,NA,85,NA
2017-07,Sub-Saharan Africa,Ethiopia,Nguenyyiel,NA,NA,NA,NA,NA,NA,NA,7,NA
2017-07,Sub-Saharan Africa,Ethiopia,Shimelba,NA,NA,NA,NA,NA,NA,NA,80,NA
2017-07,Sub-Saharan Africa,Ethiopia,Tierkidi,NA,NA,NA,NA,NA,NA,NA,92,NA
2017-07,Western Asia,Iraq,Arbat,NA,NA,NA,NA,NA,NA,NA,100,NA
2017-07,Sub-Saharan Africa,Niger,Sayam Forage,NA,NA,NA,NA,NA,NA,NA,94,NA
2017-07,Sub-Saharan Africa,Republic of Congo,Betou,NA,NA,NA,NA,NA,NA,NA,25.2,NA
2017-07,Sub-Saharan Africa,South Sudan,Ajoung Thok,NA,NA,NA,NA,NA,NA,NA,77.83,NA
2017-07,Sub-Saharan Africa,South Sudan,Pamir,NA,NA,NA,NA,NA,NA,NA,60.55,NA
2017-07,Sub-Saharan Africa,Tanzania,Nduta,NA,NA,NA,NA,NA,NA,NA,43,NA
2016-07,Northern Africa,Algeria,Auserd,NA,NA,NA,NA,NA,NA,NA,96,NA
2016-07,Northern Africa,Algeria,Boujdour,NA,NA,NA,NA,NA,NA,NA,96,NA
2016-07,Northern Africa,Algeria,Dakhla,NA,NA,NA,NA,NA,NA,NA,96,NA
2016-07,Northern Africa,Algeria,Layounne,NA,NA,NA,NA,NA,NA,NA,96,NA
2016-07,Northern Africa,Algeria,Smara,NA,NA,NA,NA,NA,NA,NA,96,NA
2016-07,Sub-Saharan Africa,Ethiopia,Mai Aini,NA,NA,NA,NA,NA,NA,NA,81,NA
2016-07,Sub-Saharan Africa,Niger,Abala,NA,NA,NA,NA,NA,NA,NA,13.51,NA
2016-07,Sub-Saharan Africa,Niger,Tabareybarey,NA,NA,NA,NA,NA,NA,NA,1.47,NA
2015-07,Sub-Saharan Africa,Ethiopia,Mai Aini,NA,NA,NA,NA,NA,NA,NA,89,NA
2015-07,Sub-Saharan Africa,Kenya,Dagahaley,NA,NA,NA,NA,NA,NA,NA,69.8,NA
2015-07,Sub-Saharan Africa,Kenya,Ifo,NA,NA,NA,NA,NA,NA,NA,69.8,NA
2014-01,Sub-Saharan Africa,Cameroon,Gado,NA,NA,NA,NA,NA,NA,NA,26.4,NA
2014-10,Sub-Saharan Africa,Rwanda,Kiziba,Post-emergency,16928,50,21,100,94,34,NA,228
